Workbook

Sheet Elec Audit
A1: REC_NO | B1: DWG | C1: REV_NO | D1: SCHED_ID | E1: CAREA | F1: CODE | G1: SYSTEM | H1: CIRCUIT | I1: TAG_NO | J1: SZE | K1: FLD_QTY | L1: UOM | M1: FLD_WHRS | N1: PIPE_SPEC | O1: ERN_QTY | P1: EARN_WHRS | Q1: MI_Q_1 | R1: M1_DESC | S1: MI_Q_2 | T1: M2_DESC | U1: MI_Q_3 | V1: M3_DESC | W1: MI_Q_4 | X1: M4_DESC | Y1: MI_Q_5 | Z1: M5_DESC | AA1: MI_Q_6 | AB1: M6_DESC | AC1: MI_Q_7 | AD1: M7_DESC | AE1: MI_Q_8 | AF1: M8_DESC | AG1: TEST_PKG | AH1: CWP | AI1: IWP_PLAN_NO | AJ1: SPL_CNT | AK1: IWP_FOREMAN | AL1: IWP_GEN_FOREMAN | AM1: WHRS_UNIT | AN1: M1 | AO1: M2 | AP1: M3 | AQ1: M4 | AR1: M5 | AS1: M6 | AT1: M7 | AU1: M8 | AV1: VAR1 | AW1: PAINT_SPEC | AX1: INSU_SPEC | AY1: HEAT_TRACE_SPEC | AZ1: TA_BANK | BA1: TA_BAY | BB1: TA_LEVEL | BC1: PSLIP
A2: 1 | B2: P02.03-EL-120-PLN-00022 | C2: 0 | D2: *C | E2: PLN-00031 DUCT BANKS | F2: 09220 | G2: 401 UG DUCT BANK | H2: DUCT BANK | I2: DBC-H | J2: 2 | K2: 6408 | L2: LF. | M2: =_xlfn.XLOOKUP(J2, Sheet1!E:E, Sheet1!I:I, "")*K2 -> 686.2968 | R2: Receive Materials | T2: Run Conduit | AI2: EL-401-001 | AN2: 0.3 | AO2: 0.7 | AV2: 401
A3: 2 | B3: P02.03-EL-120-PLN-00022 | C3: 0 | D3: *C | E3: PLN-00031 DUCT BANKS | F3: 09220 | G3: 401 UG DUCT BANK | H3: DUCT BANK | I3: DBC-H | J3: 4 | K3: 801 | L3: LF. | M3: =_xlfn.XLOOKUP(J3, Sheet1!E:E, Sheet1!I:I, "")*K3 -> 133.4466 | R3: Receive Materials | T3: Run Conduit | AI3: EL-401-001 | AN3: 0.3 | AO3: 0.7 | AV3: 401
A4: 3 | B4: P02.03-EL-120-PLN-00022 | C4: 0 | D4: *C | E4: PLN-00031 DUCT BANKS | F4: 09220 | G4: 401 UG DUCT BANK | H4: DUCT BANK | I4: DBC-H-stub | J4: 1 | K4: 120 | L4: LF. | M4: =_xlfn.XLOOKUP(J4, Sheet1!E:E, Sheet1!I:I, "")*K4 -> 9.996 | R4: Receive Materials | T4: Run Conduit | AI4: EL-401-001 | AN4: 0.3 | AO4: 0.7 | AV4: 401
A5: 4 | B5: P02.03-EL-120-PLN-00022 | C5: 0 | D5: *C | E5: PLN-00028 DUCT BANKS | F5: 09220 | G5: 401 UG DUCT BANK | H5: DUCT BANK | I5: DBC-D | J5: 6 | K5: 1344 | L5: LF. | M5: =_xlfn.XLOOKUP(J5, Sheet1!E:E, Sheet1!I:I, "")*K5 -> 319.872 | R5: Receive Materials | T5: Run Conduit | AI5: EL-401-002 | AN5: 0.3 | AO5: 0.7 | AV5: 402
A6: 5 | B6: P02.03-EL-120-PLN-00022 | C6: 0 | D6: *C | E6: PLN-00028 DUCT BANKS | F6: 09220 | G6: 401 UG DUCT BANK | H6: DUCT BANK | I6: DBC-D | J6: 4 | K6: 3360 | L6: LF. | M6: =_xlfn.XLOOKUP(J6, Sheet1!E:E, Sheet1!I:I, "")*K6 -> 559.776 | R6: Receive Materials | T6: Run Conduit | AI6: EL-401-002 | AN6: 0.3 | AO6: 0.7 | AV6: 402
A7: 6 | B7: P02.03-EL-120-PLN-00022 | C7: 0 | D7: *C | E7: PLN-00028 DUCT BANKS | F7: 09220 | G7: 401 UG DUCT BANK | H7: DUCT BANK | I7: DBC-D | J7: 2 | K7: 6048 | L7: LF. | M7: =_xlfn.XLOOKUP(J7, Sheet1!E:E, Sheet1!I:I, "")*K7 -> 647.7408 | R7: Receive Materials | T7: Run Conduit | AI7: EL-401-002 | AN7: 0.3 | AO7: 0.7 | AV7: 402
A8: 7 | B8: P02.03-EL-120-PLN-00022 | C8: 0 | D8: *C | E8: PLN-00028 DUCT BANKS | F8: 09220 | G8: 401 UG DUCT BANK | H8: DUCT BANK | I8: DBC-E | J8: 6 | K8: 320 | L8: LF. | M8: =_xlfn.XLOOKUP(J8, Sheet1!E:E, Sheet1!I:I, "")*K8 -> 76.16 | R8: Receive Materials | T8: Run Conduit | AI8: EL-401-003 | AN8: 0.3 | AO8: 0.7 | AV8: 403
A9: 8 | B9: P02.03-EL-120-PLN-00022 | C9: 0 | D9: *C | E9: PLN-00028 DUCT BANKS | F9: 09220 | G9: 401 UG DUCT BANK | H9: DUCT BANK | I9: DBC-E | J9: 4 | K9: 800 | L9: LF. | M9: =_xlfn.XLOOKUP(J9, Sheet1!E:E, Sheet1!I:I, "")*K9 -> 133.28 | R9: Receive Materials | T9: Run Conduit | AI9: EL-401-003 | AN9: 0.3 | AO9: 0.7 | AV9: 401
A10: 9 | B10: P02.03-EL-120-PLN-00022 | C10: 0 | D10: *C | E10: PLN-00028 DUCT BANKS | F10: 09220 | G10: 401 UG DUCT BANK | H10: DUCT BANK | I10: DBC-E | J10: 2 | K10: 1440 | L10: LF. | M10: =_xlfn.XLOOKUP(J10, Sheet1!E:E, Sheet1!I:I, "")*K10 -> 154.224 | R10: Receive Materials | T10: Run Conduit | AI10: EL-401-003 | AN10: 0.3 | AO10: 0.7 | AV10: 401
A11: 10 | B11: P02.03-EL-120-PLN-00022 | C11: 0 | D11: *C | E11: PLN-00027 DUCT BANKS | F11: 09220 | G11: 401 UG DUCT BANK | H11: DUCT BANK | I11: DBC-A | J11: 6 | K11: 272 | L11: LF. | M11: =_xlfn.XLOOKUP(J11, Sheet1!E:E, Sheet1!I:I, "")*K11 -> 64.736 | R11: Receive Materials | T11: Run Conduit | AI11: EL-401-004 | AN11: 0.3 | AO11: 0.7 | AV11: 401
A12: 11 | B12: P02.03-EL-120-PLN-00022 | C12: 0 | D12: *C | E12: PLN-00028 DUCT BANKS | F12: 09220 | G12: 402 UG DUCT BANK | H12: DUCT BANK | I12: DBC-F | J12: 6 | K12: 440 | L12: LF. | M12: =_xlfn.XLOOKUP(J12, Sheet1!E:E, Sheet1!I:I, "")*K12 -> 104.72 | R12: Receive Materials | T12: Run Conduit | AI12: EL-402-001 | AN12: 0.3 | AO12: 0.7 | AV12: 402
A13: 12 | B13: P02.03-EL-120-PLN-00022 | C13: 0 | D13: *C | E13: PLN-00028 DUCT BANKS | F13: 09220 | G13: 402 UG DUCT BANK | H13: DUCT BANK | I13: DBC-F | J13: 4 | K13: 1100 | L13: LF. | M13: =_xlfn.XLOOKUP(J13, Sheet1!E:E, Sheet1!I:I, "")*K13 -> 183.26 | R13: Receive Materials | T13: Run Conduit | AI13: EL-402-001 | AN13: 0.3 | AO13: 0.7 | AV13: 402
... A29: 28 | B29: P02.03-EL-120-PLN-00026 | C29: 0 | D29: *C | E29: PLN-00031 DUCT BANKS | F29: 09220 | G29: 401 UG DUCT BANK | H29: DUCT BANK | I29: DBC-H | J29: 2 | K29: 720 | L29: LF. | M29: =_xlfn.XLOOKUP(J29, Sheet1!E:E, Sheet1!I:I, "")*K29 -> 77.112 | R29: Receive Materials | T29: Run Conduit | AI29: EL-401-001 | AN29: 0.3 | AO29: 0.7 | AV29: 404
A30: 29 | B30: P02.03-EL-120-PLN-00015 | C30: 0 | D30: *C | F30: 09100 | H30: GROUNDING PLAN | I30: GRND | K30: 206.48 | L30: LF. | M30: =K30*Sheet1!I6 -> 56.98848 | R30: Trenching | T30: Install Wire | V30: Backfill | AI30: GND-200-001 | AN30: 0.3 | AO30: 0.5 | AP30: 0.2 | AV30: 200
A31: 30 | B31: P02.03-EL-120-PLN-00012 | C31: 0 | D31: *C | F31: 09100 | H31: GROUNDING PLAN | I31: GRND | K31: 727.55 | L31: LF. | M31: =K31*Sheet1!I6 -> 200.8038 | R31: Trenching | T31: Install Wire | V31: Backfill | AI31: GND-200-002 | AN31: 0.3 | AO31: 0.5 | AP31: 0.2 | AV31: 200
A32: 31 | B32: P02.03-EL-120-PLN-00002 | C32: 0 | D32: *C | F32: 09100 | H32: GROUNDING PLAN | I32: GRND | K32: 613.1 | L32: LF. | M32: =K32*Sheet1!I6 -> 169.2156 | R32: Trenching | T32: Install Wire | V32: Backfill | AI32: GND-401-001 | AN32: 0.3 | AO32: 0.5 | AP32: 0.2 | AV32: 401
A33: 32 | B33: P02.03-EL-120-PLN-00005 | C33: 0 | D33: *C | F33: 09100 | H33: GROUNDING PLAN | I33: GRND | K33: 1564.48 | L33: LF. | M33: =K33*Sheet1!I6 -> 431.79648 | R33: Trenching | T33: Install Wire | V33: Backfill | AI33: GND-401-002 | AN33: 0.3 | AO33: 0.5 | AP33: 0.2 | AV33: 401
A34: 33 | B34: P02.03-EL-120-PLN-00003 | C34: 0 | D34: *C | F34: 09100 | H34: GROUNDING PLAN | I34: GRND | K34: 959.92 | L34: LF. | M34: =K34*Sheet1!I6 -> 264.93792 | R34: Trenching | T34: Install Wire | V34: Backfill | AI34: GND-402-001 | AN34: 0.3 | AO34: 0.5 | AP34: 0.2 | AV34: 402
A35: 34 | B35: P02.03-EL-120-PLN-00006 | C35: 0 | D35: *C | F35: 09100 | H35: GROUNDING PLAN | I35: GRND | K35: 2929.17 | L35: LF. | M35: =K35*Sheet1!I6 -> 808.45092 | R35: Trenching | T35: Install Wire | V35: Backfill | AI35: GND-402-002 | AN35: 0.3 | AO35: 0.5 | AP35: 0.2 | AV35: 402
A36: 35 | B36: P02.03-EL-120-PLN-00008 | C36: 0 | D36: *C | F36: 09100 | H36: GROUNDING PLAN | I36: GRND | K36: 1026.04 | L36: LF. | M36: =K36*Sheet1!I6 -> 283.18704 | R36: Trenching | T36: Install Wire | V36: Backfill | AI36: GND-404-001 | AN36: 0.3 | AO36: 0.5 | AP36: 0.2 | AV36: 404
A37: 36 | B37: P02.03-EL-120-PLN-00004 | C37: 0 | D37: *C | F37: 09100 | H37: GROUNDING PLAN | I37: GRND | K37: 436.52 | L37: LF. | M37: =K37*Sheet1!I6 -> 120.47952 | R37: Trenching | T37: Install Wire | V37: Backfill | AI37: GND-601-001 | AN37: 0.3 | AO37: 0.5 | AP37: 0.2 | AV37: 601
A38: 37 | B38: P02.03-EL-120-PLN-00007 | C38: 0 | D38: *C | F38: 09100 | H38: GROUNDING PLAN | I38: GRND | K38: 510.01 | L38: LF. | M38: =K38*Sheet1!I6 -> 140.76276 | R38: Trenching | T38: Install Wire | V38: Backfill | AI38: GND-601-002 | AN38: 0.3 | AO38: 0.5 | AP38: 0.2 | AV38: 601
A39: 38 | B39: P02.03-EL-120-PLN-00009 | C39: 0 | D39: *C | F39: 09100 | H39: GROUNDING PLAN | I39: GRND | K39: 2136.54 | L39: LF. | M39: =K39*Sheet1!I6 -> 589.68504 | R39: Trenching | T39: Install Wire | V39: Backfill | AI39: GND-404-002 | AN39: 0.3 | AO39: 0.5 | AP39: 0.2 | AV39: 404
A40: 39 | B40: P02.03-EL-120-PLN-00011 | C40: 0 | D40: *C | F40: 09100 | H40: GROUNDING PLAN | I40: GRND | K40: 269.2 | L40: LF. | M40: =K40*Sheet1!I6 -> 74.2992 | R40: Trenching | T40: Install Wire | V40: Backfill | AI40: GND-404-003 | AN40: 0.3 | AO40: 0.5 | AP40: 0.2 | AV40: 404
A41: 40 | B41: P02.03-EL-120-PLN-00010 | C41: 0 | D41: *C | F41: 09100 | H41: GROUNDING PLAN | I41: GRND | K41: 1192.47 | L41: LF. | M41: =K41*Sheet1!I6 -> 329.12172 | R41: Trenching | T41: Install Wire | V41: Backfill | AI41: GND-406-001 | AN41: 0.3 | AO41: 0.5 | AP41: 0.2 | AV41: 406
A42: 41 | B42: P02.03-EL-120-PLN-00013 | C42: 0 | D42: *C | F42: 09100 | H42: GROUNDING PLAN | I42: GRND | K42: 626.44 | L42: LF. | M42: =K42*Sheet1!I6 -> 172.89744 | R42: Trenching | T42: Install Wire | V42: Backfill | AI42: GND-406-002 | AN42: 0.3 | AO42: 0.5 | AP42: 0.2 | AV42: 406
A43: 42 | B43: P02.03-EL-120-PLN-00016 | C43: 0 | D43: *C | F43: 09100 | H43: GROUNDING PLAN | I43: GRND | K43: 165.2 | L43: LF. | M43: =K43*Sheet1!I6 -> 45.5952 | R43: Trenching | T43: Install Wire | V43: Backfill | AI43: GND-406-003 | AN43: 0.3 | AO43: 0.5 | AP43: 0.2 | AV43: 406
A44: 43 | B44: P02.03-EL-120-PLN-00022 | C44: 0 | D44: *C | F44: 09100 | H44: TRENCH TR-4/ C01 | I44: 4/C#10AWG | K44: 36 | L44: LF. | M44: =K44*Sheet1!$I$6 -> 9.936 | R44: Trenching | T44: Install Wire | V44: Backfill | AI44: EL-401-005 | AN44: 0.3 | AO44: 0.5 | AP44: 0.2 | AV44: 401
A45: 44 | B45: P02.03-EL-120-PLN-00022 | C45: 0 | D45: *C | F45: 09100 | H45: TRENCH TR-4/C02 | I45: 4/C#10AWG | K45: 36 | L45: LF. | M45: =K45*Sheet1!$I$6 -> 9.936 | R45: Trenching | T45: Install Wire | V45: Backfill | AI45: EL-401-005 | AN45: 0.3 | AO45: 0.5 | AP45: 0.2 | AV45: 401
A46: 45 | B46: P02.03-EL-120-PLN-00022 | C46: 0 | D46: *C | F46: 09100 | H46: TRENCH TR-4/C03 | I46: 12/C#10AWG | K46: 36 | L46: LF. | M46: =K46*Sheet1!$I$6 -> 9.936 | R46: Trenching | T46: Install Wire | V46: Backfill | AI46: EL-401-005 | AN46: 0.3 | AO46: 0.5 | AP46: 0.2 | AV46: 401
A47: 46 | B47: P02.03-EL-120-PLN-00022 | C47: 0 | D47: *C | F47: 09100 | H47: TRENCH TR-4/PA04 | I47: 4/C#10AWG | K47: 36 | L47: LF. | M47: =K47*Sheet1!$I$6 -> 9.936 | R47: Trenching | T47: Install Wire | V47: Backfill | AI47: EL-401-005 | AN47: 0.3 | AO47: 0.5 | AP47: 0.2 | AV47: 401
A48: 47 | B48: P02.03-EL-120-PLN-00022 | C48: 0 | D48: *C | F48: 09100 | H48: TRENCH TR-4/PD10 | I48: 2/C#10AWG | K48: 36 | L48: LF. | M48: =K48*Sheet1!$I$6 -> 9.936 | R48: Trenching | T48: Install Wire | V48: Backfill | AI48: EL-401-005 | AN48: 0.3 | AO48: 0.5 | AP48: 0.2 | AV48: 401
A49: 48 | B49: P02.03-EL-120-PLN-00022 | C49: 0 | D49: *C | F49: 09100 | H49: TRENCH TR-4/MMFO-T1-01 | I49: 12/FO OM1 | K49: 36 | L49: LF. | M49: =K49*Sheet1!$I$6 -> 9.936 | R49: Trenching | T49: Install Wire | V49: Backfill | AI49: EL-401-005 | AN49: 0.3 | AO49: 0.5 | AP49: 0.2 | AV49: 401
A50: 49 | B50: P02.03-EL-120-PLN-00022 | C50: 0 | D50: *C | F50: 09100 | H50: TRENCH TR-4/EP1-7,9,11 | I50: 3/C#10AWG | K50: 36 | L50: LF. | M50: =K50*Sheet1!$I$6 -> 9.936 | R50: Trenching | T50: Install Wire | V50: Backfill | AI50: EL-401-005 | AN50: 0.3 | AO50: 0.5 | AP50: 0.2 | AV50: 401
A51: 50 | B51: P02.03-EL-120-PLN-00022 | C51: 0 | D51: *C | F51: 09100 | H51: TRENCH TR-4/P-AT3-DSC-DIFF | I51: 4/C#8AWG | K51: 36 | L51: LF. | M51: =K51*Sheet1!$I$6 -> 9.936 | R51: Trenching | T51: Install Wire | V51: Backfill | AI51: EL-401-005 | AN51: 0.3 | AO51: 0.5 | AP51: 0.2 | AV51: 401
A52: 51 | B52: P02.03-EL-120-PLN-00022 | C52: 0 | D52: *C | F52: 09100 | H52: TRENCH TR-4 /PD11 | I52: 2/C#10AWG | K52: 36 | L52: LF. | M52: =K52*Sheet1!$I$6 -> 9.936 | R52: Trenching | T52: Install Wire | V52: Backfill | AI52: EL-401-005 | AN52: 0.3 | AO52: 0.5 | AP52: 0.2 | AV52: 401
A53: 52 | B53: P02.03-EL-120-PLN-00022 | C53: 0 | D53: *C | F53: 09100 | H53: TRENCH TR-11/ SPARE | K53: 28 | L53: LF. | M53: =K53*Sheet1!$I$6 -> 7.728 | R53: Trenching | T53: Install Wire | V53: Backfill | AI53: EL-401-005 | AN53: 0.3 | AO53: 0.5 | AP53: 0.2 | AV53: 401
A54: 53 | B54: P02.03-EL-120-PLN-00022 | C54: 0 | D54: *C | F54: 09100 | H54: TRENCH TR-11/ SPARE | K54: 28 | L54: LF. | M54: =K54*Sheet1!$I$6 -> 7.728 | R54: Trenching | T54: Install Wire | V54: Backfill | AI54: EL-401-005 | AN54: 0.3 | AO54: 0.5 | AP54: 0.2 | AV54: 401
A55: 54 | B55: P02.03-EL-120-PLN-00022 | C55: 0 | D55: *C | F55: 09100 | H55: TRENCH TR-11/ SPARE | K55: 28 | L55: LF. | M55: =K55*Sheet1!$I$6 -> 7.728 | R55: Trenching | T55: Install Wire | V55: Backfill | AI55: EL-401-005 | AN55: 0.3 | AO55: 0.5 | AP55: 0.2 | AV55: 401
A56: 55 | B56: P02.03-EL-120-PLN-00022 | C56: 0 | D56: *C | F56: 09100 | H56: TRENCH TR-11/ SPARE | K56: 28 | L56: LF. | M56: =K56*Sheet1!$I$6 -> 7.728 | R56: Trenching | T56: Install Wire | V56: Backfill | AI56: EL-401-005 | AN56: 0.3 | AO56: 0.5 | AP56: 0.2 | AV56: 401
A57: 56 | B57: P02.03-EL-120-PLN-00022 | C57: 0 | D57: *C | F57: 09100 | H57: TRENCH TR-8/ 7408 | I57: SM 12 STRAND FIBER | K57: 52 | L57: LF. | M57: =K57*Sheet1!$I$6 -> 14.352 | R57: Trenching | T57: Install Wire | V57: Backfill | AI57: EL-401-005 | AN57: 0.3 | AO57: 0.5 | AP57: 0.2 | AV57: 401
A58: 57 | B58: P02.03-EL-120-PLN-00022 | C58: 0 | D58: *C | F58: 09100 | H58: TRENCH TR-8/ P-GSU | I58: 3/C#4AWG | K58: 52 | L58: LF. | M58: =K58*Sheet1!$I$6 -> 14.352 | R58: Trenching | T58: Install Wire | V58: Backfill | AI58: EL-401-005 | AN58: 0.3 | AO58: 0.5 | AP58: 0.2 | AV58: 401
A59: 58 | B59: P02.03-EL-120-PLN-00022 | C59: 0 | D59: *C | F59: 09100 | H59: TRENCH TR-8/ EP1-1,3,5 | I59: 3/C#2AWG | K59: 52 | L59: LF. | M59: =K59*Sheet1!$I$6 -> 14.352 | R59: Trenching | T59: Install Wire | V59: Backfill | AI59: EL-401-005 | AN59: 0.3 | AO59: 0.5 | AP59: 0.2 | AV59: 401
A60: 59 | B60: P02.03-EL-120-PLN-00022 | C60: 0 | D60: *C | F60: 09100 | H60: TRENCH TR-8/ PA01 | I60: 4/C#2AWG | K60: 52 | L60: LF. | M60: =K60*Sheet1!$I$6 -> 14.352 | R60: Trenching | T60: Install Wire | V60: Backfill | AI60: EL-401-005 | AN60: 0.3 | AO60: 0.5 | AP60: 0.2 | AV60: 401
A61: 60 | B61: P02.03-EL-120-PLN-00022 | C61: 0 | D61: *C | F61: 09100 | H61: TRENCH TR-8/ PA02 | I61: 4/C#10AWG | K61: 52 | L61: LF. | M61: =K61*Sheet1!$I$6 -> 14.352 | R61: Trenching | T61: Install Wire | V61: Backfill | AI61: EL-401-005 | AN61: 0.3 | AO61: 0.5 | AP61: 0.2 | AV61: 401
A62: 61 | B62: P02.03-EL-120-PLN-00022 | C62: 0 | D62: *C | F62: 09100 | H62: TRENCH TR-8/ PA04 | I62: 4/C#10AWG | K62: 52 | L62: LF. | M62: =K62*Sheet1!$I$6 -> 14.352 | R62: Trenching | T62: Install Wire | V62: Backfill | AI62: EL-401-005 | AN62: 0.3 | AO62: 0.5 | AP62: 0.2 | AV62: 401
A63: 62 | B63: P02.03-EL-120-PLN-00022 | C63: 0 | D63: *C | F63: 09100 | H63: TRENCH TR-8/ PA05 | I63: 4/C#10AWG | K63: 52 | L63: LF. | M63: =K63*Sheet1!$I$6 -> 14.352 | R63: Trenching | T63: Install Wire | V63: Backfill | AI63: EL-401-005 | AN63: 0.3 | AO63: 0.5 | AP63: 0.2 | AV63: 401
A64: 63 | B64: P02.03-EL-120-PLN-00022 | C64: 0 | D64: *C | F64: 09100 | H64: TRENCH TR-8/ PA06 | I64: 4/C#10AWG | K64: 52 | L64: LF. | M64: =K64*Sheet1!$I$6 -> 14.352 | R64: Trenching | T64: Install Wire | V64: Backfill | AI64: EL-401-005 | AN64: 0.3 | AO64: 0.5 | AP64: 0.2 | AV64: 401
A65: 64 | B65: P02.03-EL-120-PLN-00022 | C65: 0 | D65: *C | F65: 09100 | H65: TRENCH TR-8/ PD10 | I65: 2/C#10AWG | K65: 52 | L65: LF. | M65: =K65*Sheet1!$I$6 -> 14.352 | R65: Trenching | T65: Install Wire | V65: Backfill | AI65: EL-401-005 | AN65: 0.3 | AO65: 0.5 | AP65: 0.2 | AV65: 401
A66: 65 | B66: P02.03-EL-120-PLN-00022 | C66: 0 | D66: *C | F66: 09100 | H66: TRENCH TR-8/ MMFO-T1-01 | I66: 12/FO OM1 | K66: 52 | L66: LF. | M66: =K66*Sheet1!$I$6 -> 14.352 | R66: Trenching | T66: Install Wire | V66: Backfill | AI66: EL-401-005 | AN66: 0.3 | AO66: 0.5 | AP66: 0.2 | AV66: 401
A67: 66 | B67: P02.03-EL-120-PLN-00022 | C67: 0 | D67: *C | F67: 09100 | H67: TRENCH TR-8/ MMFO-T2-01 | I67: 12/FO OM1 | K67: 52 | L67: LF. | M67: =K67*Sheet1!$I$6 -> 14.352 | R67: Trenching | T67: Install Wire | V67: Backfill | AI67: EL-401-005 | AN67: 0.3 | AO67: 0.5 | AP67: 0.2 | AV67: 401
A68: 67 | B68: P02.03-EL-120-PLN-00022 | C68: 0 | D68: *C | F68: 09100 | H68: TRENCH TR-8/ MMFO-T3-01 | I68: 12/FO OM1 | K68: 52 | L68: LF. | M68: =K68*Sheet1!$I$6 -> 14.352 | R68: Trenching | T68: Install Wire | V68: Backfill | AI68: EL-401-005 | AN68: 0.3 | AO68: 0.5 | AP68: 0.2 | AV68: 401
... A87: 86 | B87: P02.03-EL-120-PLN-00022 | C87: 0 | D87: *C | F87: 09100 | H87: TRENCH TR-1/ UPS-1 | I87: 3/C#12AWG | K87: 54 | L87: LF. | M87: =K87*Sheet1!$I$6 -> 14.904 | R87: Trenching | T87: Install Wire | V87: Backfill | AI87: EL-401-005 | AN87: 0.3 | AO87: 0.5 | AP87: 0.2 | AV87: 401
A88: 87 | B88: P02.03-EL-120-PLN-00022 | C88: 0 | D88: *C | F88: 09100 | H88: TRENCH TR-1/ SPARE | K88: 54 | L88: LF. | M88: =K88*Sheet1!$I$6 -> 14.904 | R88: Trenching | T88: Install Wire | V88: Backfill | AI88: EL-401-005 | AN88: 0.3 | AO88: 0.5 | AP88: 0.2 | AV88: 401
A89: 88 | B89: P02.03-EL-120-PLN-00022 | C89: 0 | D89: *C | F89: 09100 | H89: TRENCH TR-1/ SPARE | K89: 54 | L89: LF. | M89: =K89*Sheet1!$I$6 -> 14.904 | R89: Trenching | T89: Install Wire | V89: Backfill | AI89: EL-401-005 | AN89: 0.3 | AO89: 0.5 | AP89: 0.2 | AV89: 401
A90: 89 | B90: P02.03-EL-120-PLN-00022 | C90: 0 | D90: *C | F90: 09100 | H90: TRENCH TR-11/ SPARE | K90: 28 | L90: LF. | M90: =K90*Sheet1!$I$6 -> 7.728 | R90: Trenching | T90: Install Wire | V90: Backfill | AI90: EL-401-005 | AN90: 0.3 | AO90: 0.5 | AP90: 0.2 | AV90: 401
A91: 90 | B91: P02.03-EL-120-PLN-00022 | C91: 0 | D91: *C | F91: 09100 | H91: TRENCH TR-11/ SPARE | K91: 28 | L91: LF. | M91: =K91*Sheet1!$I$6 -> 7.728 | R91: Trenching | T91: Install Wire | V91: Backfill | AI91: EL-401-005 | AN91: 0.3 | AO91: 0.5 | AP91: 0.2 | AV91: 401
A92: 91 | B92: P02.03-EL-120-PLN-00022 | C92: 0 | D92: *C | F92: 09100 | H92: TRENCH TR-11/ SPARE | K92: 28 | L92: LF. | M92: =K92*Sheet1!$I$6 -> 7.728 | R92: Trenching | T92: Install Wire | V92: Backfill | AI92: EL-401-005 | AN92: 0.3 | AO92: 0.5 | AP92: 0.2 | AV92: 401
A93: 92 | B93: P02.03-EL-120-PLN-00022 | C93: 0 | D93: *C | F93: 09100 | H93: TRENCH TR-11/ SPARE | K93: 28 | L93: LF. | M93: =K93*Sheet1!$I$6 -> 7.728 | R93: Trenching | T93: Install Wire | V93: Backfill | AI93: EL-401-005 | AN93: 0.3 | AO93: 0.5 | AP93: 0.2 | AV93: 401
A94: 93 | B94: P02.03-EL-120-PLN-00022 | C94: 0 | D94: *C | F94: 09100 | H94: TRENCH TR- 5/ C07 | I94: 4/C#10AWG | K94: 35 | L94: LF. | M94: =K94*Sheet1!$I$6 -> 9.66 | R94: Trenching | T94: Install Wire | V94: Backfill | AI94: EL-402-003 | AN94: 0.3 | AO94: 0.5 | AP94: 0.2 | AV94: 402
A95: 94 | B95: P02.03-EL-120-PLN-00022 | C95: 0 | D95: *C | F95: 09100 | H95: TRENCH TR- 5/ C08 | I95: 4/C#10AWG | K95: 35 | L95: LF. | M95: =K95*Sheet1!$I$6 -> 9.66 | R95: Trenching | T95: Install Wire | V95: Backfill | AI95: EL-402-003 | AN95: 0.3 | AO95: 0.5 | AP95: 0.2 | AV95: 402
A96: 95 | B96: P02.03-EL-120-PLN-00022 | C96: 0 | D96: *C | F96: 09100 | H96: TRENCH TR- 5/ C09 | I96: 12/C#12AWG | K96: 35 | L96: LF. | M96: =K96*Sheet1!$I$6 -> 9.66 | R96: Trenching | T96: Install Wire | V96: Backfill | AI96: EL-402-003 | AN96: 0.3 | AO96: 0.5 | AP96: 0.2 | AV96: 402
A97: 96 | B97: P02.03-EL-120-PLN-00022 | C97: 0 | D97: *C | F97: 09100 | H97: TRENCH TR- 5/ PA05 | I97: 4/C#10AWG | K97: 35 | L97: LF. | M97: =K97*Sheet1!$I$6 -> 9.66 | R97: Trenching | T97: Install Wire | V97: Backfill | AI97: EL-402-003 | AN97: 0.3 | AO97: 0.5 | AP97: 0.2 | AV97: 402
A98: 97 | B98: P02.03-EL-120-PLN-00022 | C98: 0 | D98: *C | F98: 09100 | H98: TRENCH TR- 5/ MMFO-T2-01 | I98: 12/FO OM1 | K98: 35 | L98: LF. | M98: =K98*Sheet1!$I$6 -> 9.66 | R98: Trenching | T98: Install Wire | V98: Backfill | AI98: EL-402-003 | AN98: 0.3 | AO98: 0.5 | AP98: 0.2 | AV98: 402
A99: 98 | B99: P02.03-EL-120-PLN-00022 | C99: 0 | D99: *C | F99: 09100 | H99: TRENCH TR- 5/ PD21 | I99: 2/C#10AWG | K99: 35 | L99: LF. | M99: =K99*Sheet1!$I$6 -> 9.66 | R99: Trenching | T99: Install Wire | V99: Backfill | AI99: EL-402-003 | AN99: 0.3 | AO99: 0.5 | AP99: 0.2 | AV99: 402
A100: 99 | B100: P02.03-EL-120-PLN-00022 | C100: 0 | D100: *C | F100: 09100 | H100: TRENCH TR- 5/ EP1-13,15,17 | I100: 3/C#10AWG | K100: 35 | L100: LF. | M100: =K100*Sheet1!$I$6 -> 9.66 | R100: Trenching | T100: Install Wire | V100: Backfill | AI100: EL-402-003 | AN100: 0.3 | AO100: 0.5 | AP100: 0.2 | AV100: 402
A101: 100 | B101: P02.03-EL-120-PLN-00022 | C101: 0 | D101: *C | F101: 09100 | H101: TRENCH TR- 5/ P-AT1-DSC-DIFF | I101: 4/C#8AWG | K101: 35 | L101: LF. | M101: =K101*Sheet1!$I$6 -> 9.66 | R101: Trenching | T101: Install Wire | V101: Backfill | AI101: EL-402-003 | AN101: 0.3 | AO101: 0.5 | AP101: 0.2 | AV101: 402
A102: 101 | B102: P02.03-EL-120-PLN-00022 | C102: 0 | D102: *C | F102: 09100 | H102: TRENCH TR- 5/ PD20 | I102: 2/C#10AWG | K102: 35 | L102: LF. | M102: =K102*Sheet1!$I$6 -> 9.66 | R102: Trenching | T102: Install Wire | V102: Backfill | AI102: EL-402-003 | AN102: 0.3 | AO102: 0.5 | AP102: 0.2 | AV102: 402
A103: 102 | B103: P02.03-EL-120-PLN-00022 | C103: 0 | D103: *C | F103: 09100 | H103: TRENCH TR-9/ PA06 | I103: 4/C#10AWG | K103: 51 | L103: LF. | M103: =K103*Sheet1!$I$6 -> 14.076 | R103: Trenching | T103: Install Wire | V103: Backfill | AI103: EL-402-003 | AN103: 0.3 | AO103: 0.5 | AP103: 0.2 | AV103: 402
A104: 103 | B104: P02.03-EL-120-PLN-00022 | C104: 0 | D104: *C | F104: 09100 | H104: TRENCH TR-9/ MMFO-T3-01 | I104: 12/FO OM1 | K104: 51 | L104: LF. | M104: =K104*Sheet1!$I$6 -> 14.076 | R104: Trenching | T104: Install Wire | V104: Backfill | AI104: EL-402-003 | AN104: 0.3 | AO104: 0.5 | AP104: 0.2 | AV104: 402
A105: 104 | B105: P02.03-EL-120-PLN-00022 | C105: 0 | D105: *C | F105: 09100 | H105: TRENCH TR-9/ PD31 | I105: 2/C#10AWG | K105: 51 | L105: LF. | M105: =K105*Sheet1!$I$6 -> 14.076 | R105: Trenching | T105: Install Wire | V105: Backfill | AI105: EL-402-003 | AN105: 0.3 | AO105: 0.5 | AP105: 0.2 | AV105: 402
... A108: 107 | B108: P02.03-EL-120-PLN-00022 | C108: 0 | D108: *C | F108: 09100 | H108: TRENCH TR-2/ UPS-3 | I108: 3/C#12AWG | K108: 53 | L108: LF. | M108: =K108*Sheet1!$I$6 -> 14.628 | R108: Trenching | T108: Install Wire | V108: Backfill | AI108: EL-402-003 | AN108: 0.3 | AO108: 0.5 | AP108: 0.2 | AV108: 402
A109: 108 | B109: P02.03-EL-120-PLN-00022 | C109: 0 | D109: *C | F109: 09100 | H109: TRENCH TR-2/ SPARE | K109: 53 | L109: LF. | M109: =K109*Sheet1!$I$6 -> 14.628 | R109: Trenching | T109: Install Wire | V109: Backfill | AI109: EL-402-003 | AN109: 0.3 | AO109: 0.5 | AP109: 0.2 | AV109: 402
A110: 109 | B110: P02.03-EL-120-PLN-00022 | C110: 0 | D110: *C | F110: 09100 | H110: TRENCH TR-2/ SPARE | K110: 53 | L110: LF. | M110: =K110*Sheet1!$I$6 -> 14.628 | R110: Trenching | T110: Install Wire | V110: Backfill | AI110: EL-402-003 | AN110: 0.3 | AO110: 0.5 | AP110: 0.2 | AV110: 402
A111: 110 | B111: P02.03-EL-120-PLN-00022 | C111: 0 | D111: *C | F111: 09100 | H111: TRENCH TR-3/ 7403 | I111: SM 12 STRAND FIBER | K111: 54 | L111: LF. | M111: =K111*Sheet1!$I$6 -> 14.904 | R111: Trenching | T111: Install Wire | V111: Backfill | AI111: EL-402-003 | AN111: 0.3 | AO111: 0.5 | AP111: 0.2 | AV111: 402
A112: 111 | B112: P02.03-EL-120-PLN-00023 | C112: 0 | D112: *C | F112: 09100 | H112: TRENCH TR-3/ UPS-5 | I112: 3/C#12AWG | K112: 54 | L112: LF. | M112: =K112*Sheet1!$I$6 -> 14.904 | R112: Trenching | T112: Install Wire | V112: Backfill | AI112: EL-403-004 | AN112: 0.3 | AO112: 0.5 | AP112: 0.2 | AV112: 403
A113: 112 | B113: P02.03-EL-120-PLN-00023 | C113: 0 | D113: *C | F113: 09100 | H113: TRENCH TR-3/ SPARE | K113: 54 | L113: LF. | M113: =K113*Sheet1!$I$6 -> 14.904 | R113: Trenching | T113: Install Wire | V113: Backfill | AI113: EL-403-004 | AN113: 0.3 | AO113: 0.5 | AP113: 0.2 | AV113: 403
A114: 113 | B114: P02.03-EL-120-PLN-00023 | C114: 0 | D114: *C | F114: 09100 | H114: TRENCH TR-3/ SPARE | K114: 54 | L114: LF. | M114: =K114*Sheet1!$I$6 -> 14.904 | R114: Trenching | T114: Install Wire | V114: Backfill | AI114: EL-403-004 | AN114: 0.3 | AO114: 0.5 | AP114: 0.2 | AV114: 403
A115: 114 | B115: P02.03-EL-120-PLN-00023 | C115: 0 | D115: *C | F115: 09100 | H115: TRENCH TR-17/ P3-23HE-1 | I115: 3/C#12AWG | K115: 18 | L115: LF. | M115: =K115*Sheet1!$I$6 -> 4.968 | R115: Trenching | T115: Install Wire | V115: Backfill | AI115: EL-403-004 | AN115: 0.3 | AO115: 0.5 | AP115: 0.2 | AV115: 403
A116: 115 | B116: P02.03-EL-120-PLN-00023 | C116: 0 | D116: *C | F116: 09100 | H116: TRENCH TR-17/ P3-23HE-2 | I116: 3/C#8AWG | K116: 18 | L116: LF. | M116: =K116*Sheet1!$I$6 -> 4.968 | R116: Trenching | T116: Install Wire | V116: Backfill | AI116: EL-403-004 | AN116: 0.3 | AO116: 0.5 | AP116: 0.2 | AV116: 403
A117: 116 | B117: P02.03-EL-120-PLN-00023 | C117: 0 | D117: *C | F117: 09100 | H117: TRENCH TR-17/ P3-88TK-1 | I117: 3/C#6AWG | K117: 18 | L117: LF. | M117: =K117*Sheet1!$I$6 -> 4.968 | R117: Trenching | T117: Install Wire | V117: Backfill | AI117: EL-403-004 | AN117: 0.3 | AO117: 0.5 | AP117: 0.2 | AV117: 403
A118: 117 | B118: P02.03-EL-120-PLN-00023 | C118: 0 | D118: *C | F118: 09100 | H118: TRENCH TR-17/ P3-88TK-2 | I118: 3/C#6AWG | K118: 18 | L118: LF. | M118: =K118*Sheet1!$I$6 -> 4.968 | R118: Trenching | T118: Install Wire | V118: Backfill | AI118: EL-403-004 | AN118: 0.3 | AO118: 0.5 | AP118: 0.2 | AV118: 403
A119: 118 | B119: P02.03-EL-120-PLN-00023 | C119: 0 | D119: *C | F119: 09100 | H119: TRENCH TR-17/ P3-88BT | I119: 3/C#12AWG | K119: 18 | L119: LF. | M119: =K119*Sheet1!$I$6 -> 4.968 | AI119: EL-403-004 | AN119: 0.3 | AO119: 0.5 | AP119: 0.2 | AV119: 403
A120: 119 | B120: P02.03-EL-120-PLN-00023 | C120: 0 | D120: *C | F120: 09100 | H120: TRENCH TR-17/ P3-88QA | I120: 3/C#6AWG | K120: 18 | L120: LF. | M120: =K120*Sheet1!$I$6 -> 4.968 | AI120: EL-403-004 | AN120: 0.3 | AO120: 0.5 | AP120: 0.2 | AV120: 403
A121: 120 | B121: P02.03-EL-120-PLN-00023 | C121: 0 | D121: *C | F121: 09100 | H121: TRENCH TR-17/ P3-88HQ | I121: 3/C#12AWG | K121: 18 | L121: LF. | M121: =K121*Sheet1!$I$6 -> 4.968 | AI121: EL-403-004 | AN121: 0.3 | AO121: 0.5 | AP121: 0.2 | AV121: 403
A122: 121 | B122: P02.03-EL-120-PLN-00023 | C122: 0 | D122: *C | F122: 09100 | H122: TRENCH TR-17/ P3-23QT | I122: 3/C#8AWG | K122: 18 | L122: LF. | M122: =K122*Sheet1!$I$6 -> 4.968 | AI122: EL-403-004 | AN122: 0.3 | AO122: 0.5 | AP122: 0.2 | AV122: 403
A123: 122 | B123: P02.03-EL-120-PLN-00023 | C123: 0 | D123: *C | F123: 09100 | H123: TRENCH TR-17/ P3-88AB | I123: 3/C#10AWG | K123: 18 | L123: LF. | M123: =K123*Sheet1!$I$6 -> 4.968 | AI123: EL-403-004 | AN123: 0.3 | AO123: 0.5 | AP123: 0.2 | AV123: 403
A124: 123 | B124: P02.03-EL-120-PLN-00023 | C124: 0 | D124: *C | F124: 09100 | H124: TRENCH TR-17/ P3-23FH-1 | I124: 3/C#4AWG | K124: 18 | L124: LF. | M124: =K124*Sheet1!$I$6 -> 4.968 | AI124: EL-403-004 | AN124: 0.3 | AO124: 0.5 | AP124: 0.2 | AV124: 403
A125: 124 | B125: P02.03-EL-120-PLN-00023 | C125: 0 | D125: *C | F125: 09100 | H125: TRENCH TR-17/ P3-88FD-1 | I125: 3/C#12AWG | K125: 18 | L125: LF. | M125: =K125*Sheet1!$I$6 -> 4.968 | AI125: EL-403-004 | AN125: 0.3 | AO125: 0.5 | AP125: 0.2 | AV125: 403
A126: 125 | B126: P02.03-EL-120-PLN-00023 | C126: 0 | D126: *C | F126: 09100 | H126: TRENCH TR-17/ P3-88FD-2 | I126: 3/C#12AWG | K126: 18 | L126: LF. | M126: =K126*Sheet1!$I$6 -> 4.968 | AI126: EL-403-004 | AN126: 0.3 | AO126: 0.5 | AP126: 0.2 | AV126: 403
A127: 126 | B127: P02.03-EL-120-PLN-00023 | C127: 0 | D127: *C | F127: 09100 | H127: TRENCH TR-9/ PA06 | I127: 4/C#10AWG | K127: 18 | L127: LF. | M127: =K127*Sheet1!$I$6 -> 4.968 | R127: Trenching | T127: Install Wire | V127: Backfill | AI127: EL-402-003 | AN127: 0.3 | AO127: 0.5 | AP127: 0.2 | AV127: 403
A128: 127 | B128: P02.03-EL-120-PLN-00023 | C128: 0 | D128: *C | F128: 09100 | H128: TRENCH TR-9/ MMFO-T3-01 | I128: 12/FO OM1 | K128: 68 | L128: LF. | M128: =K128*Sheet1!$I$6 -> 18.768 | R128: Trenching | T128: Install Wire | V128: Backfill | AI128: EL-402-003 | AN128: 0.3 | AO128: 0.5 | AP128: 0.2 | AV128: 403
A129: 128 | B129: P02.03-EL-120-PLN-00023 | C129: 0 | D129: *C | F129: 09100 | H129: TRENCH TR-9/ PD31 | I129: 2/C#10AWG | K129: 68 | L129: LF. | M129: =K129*Sheet1!$I$6 -> 18.768 | R129: Trenching | T129: Install Wire | V129: Backfill | AI129: EL-402-003 | AN129: 0.3 | AO129: 0.5 | AP129: 0.2 | AV129: 403
A130: 129 | B130: P02.03-EL-120-PLN-00023 | C130: 0 | D130: *C | F130: 09100 | H130: TRENCH TR-9/ PD30 | I130: 2/C#10AWG | K130: 68 | L130: LF. | M130: =K130*Sheet1!$I$6 -> 18.768 | R130: Trenching | T130: Install Wire | V130: Backfill | AI130: EL-402-003 | AN130: 0.3 | AO130: 0.5 | AP130: 0.2 | AV130: 403
A131: 130 | B131: P02.03-EL-120-PLN-00023 | C131: 0 | D131: *C | F131: 09100 | H131: TRENCH TR-6/ C13 | I131: 4/C#10AWG | K131: 35 | L131: LF. | M131: =K131*Sheet1!$I$6 -> 9.66 | R131: Trenching | T131: Install Wire | V131: Backfill | AI131: EL-403-004 | AN131: 0.3 | AO131: 0.5 | AP131: 0.2 | AV131: 403
A132: 131 | B132: P02.03-EL-120-PLN-00023 | C132: 0 | D132: *C | F132: 09100 | H132: TRENCH TR-6/ C14 | I132: 4/C#10AWG | K132: 35 | L132: LF. | M132: =K132*Sheet1!$I$6 -> 9.66 | R132: Trenching | T132: Install Wire | V132: Backfill | AI132: EL-403-004 | AN132: 0.3 | AO132: 0.5 | AP132: 0.2 | AV132: 403
A133: 132 | B133: P02.03-EL-120-PLN-00023 | C133: 0 | D133: *C | F133: 09100 | H133: TRENCH TR-6/ C15 | I133: 12/C#12AWG | K133: 35 | L133: LF. | M133: =K133*Sheet1!$I$6 -> 9.66 | R133: Trenching | T133: Install Wire | V133: Backfill | AI133: EL-403-004 | AN133: 0.3 | AO133: 0.5 | AP133: 0.2 | AV133: 403
A134: 133 | B134: P02.03-EL-120-PLN-00023 | C134: 0 | D134: *C | F134: 09100 | H134: TRENCH TR-6/ PA06 | I134: 4/C#10AWG | K134: 35 | L134: LF. | M134: =K134*Sheet1!$I$6 -> 9.66 | R134: Trenching | T134: Install Wire | V134: Backfill | AI134: EL-403-004 | AN134: 0.3 | AO134: 0.5 | AP134: 0.2 | AV134: 403
A135: 134 | B135: P02.03-EL-120-PLN-00023 | C135: 0 | D135: *C | F135: 09100 | H135: TRENCH TR-6/ MMFO-T3-01 | I135: 12/FO OM1 | K135: 35 | L135: LF. | M135: =K135*Sheet1!$I$6 -> 9.66 | R135: Trenching | T135: Install Wire | V135: Backfill | AI135: EL-403-004 | AN135: 0.3 | AO135: 0.5 | AP135: 0.2 | AV135: 403
...

Sheet Sheet1
D1: Type | E1: Size | F1: cost code | G1: Base U/R | H1: PF Adjust | I1: PF U/R
C2: stubles 5ft | D2: PVC Conduit 1" Ground Stub-up | E2: 1 | F2: 09220 | G2: 0.07 | H2: 1.19 | I2: =G2*H2 -> 0.0833
D3: PVC Conduit 2" | E3: 2 | F3: 09220 | G3: 0.09 | H3: 1.19 | I3: =G3*H3 -> 0.1071
D4: PVC Conduit 4" | E4: 4 | F4: 09220 | G4: 0.14 | H4: 1.19 | I4: =G4*H4 -> 0.1666
D5: PVC Conduit 6" | E5: 6 | F5: 09220 | G5: 0.2 | H5: 1.19 | I5: =G5*H5 -> 0.238
D6: #4/0 Green Insulated Grounding wire | F6: 09100 | I6: 0.276

Sheet Sheet2
B1: Duct Bank IWPs | C1: Description | E1: Man Hours | F1: LF.
B2: EL-401-001 | C2: PLN-00031 DUCT BANKS | D2: 401 UG DUCT BANK | E2: 922 | F2: 8139
B3: EL-401-002 | C3: PLN-00028 DUCT BANKS | D3: 401 UG DUCT BANK | E3: 1527 | F3: 10752
B4: EL-401-003 | C4: PLN-00028 DUCT BANKS | D4: 401 UG DUCT BANK | E4: 364 | F4: 2560
B5: EL-401-004 | C5: PLN-00027 DUCT BANKS | D5: 401 UG DUCT BANK | E5: 65 | F5: 272
B6: EL-402-001 | C6: PLN-00028 DUCT BANKS | D6: 402 UG DUCT BANK | E6: 500 | F6: 3520
B7: EL-402-002 | C7: PLN-00027 DUCT BANKS | D7: 402 UG DUCT BANK | E7: 65 | F7: 272
B8: EL-403-001 | C8: PLN-00028 DUCT BANKS | D8: 403 UG DUCT BANK | E8: 774 | F8: 5190
B9: EL-403-002 | C9: PLN-00028 DUCT BANKS | D9: 403 UG DUCT BANK | E9: 345 | F9: 2310
B10: EL-403-003 | C10: PLN-00027 DUCT BANKS | D10: 403 UG DUCT BANK | E10: 155 | F10: 1088
B11: EL-404-001 | C11: PLN-00028 DUCT BANKS | D11: 404 UG DUCT BANK | E11: 318 | F11: 2240
B15: Grounding drawings | E15: Man Hours | F15: LF.
B16: GND-200-001 | E16: 57 | F16: 206
B17: GND-200-002 | E17: 201 | F17: 728
B18: GND-401-001 | E18: 169 | F18: 613
B19: GND-401-002 | E19: 432 | F19: 1564
B20: GND-402-001 | F20: 959.92
B21: GND-402-002 | F21: 2929.17
B22: GND-404-001 | F22: 1026.04
B23: GND-601-001
B24: GND-601-002
