Workbook

Sheet Steel Audit
A1: REC_NO | B1: DWG | C1: REV_NO | D1: SCHED_ID | E1: CAREA | F1: CODE | G1: SYSTEM | H1: LINE_AREA | I1: SPOOL_FR | J1: SZE | K1: FLD_QTY | L1: FLD_WHRS | M1: UOM | N1: PIPE_SPEC | O1: ERN_QTY | P1: EARN_WHRS | Q1: M1_PCT | R1: M1_DESC | S1: M2_PCT | T1: M2_DESC | U1: M3_PCT | V1: M3_DESC | W1: M4_PCT | X1: M4_DESC | Y1: M5_PCT | Z1: M5_DESC | AA1: M6_PCT | AB1: M6_DESC | AC1: M7_PCT | AD1: M7_DESC | AE1: M8_PCT | AF1: M8_DESC | AG1: TEST_PKG1 | AH1: CWP | AI1: IWP_PLAN_NO | AJ1: SPL_CNT | AK1: IWP_FOREMAN | AL1: IWP_GEN_FOREMAN | AM1: WHRS_UNIT | AN1: M1 | AO1: M2 | AP1: M3 | AQ1: M4 | AR1: M5 | AS1: M6 | AT1: M7 | AU1: M8 | AV1: VAR_AREA | AW1: PAINT_SPEC | AX1: INSU_SPEC | AY1: HEAT_TRACE_SPEC | AZ1: TA_BANK | BA1: TA_BAY | BB1: TA_LEVEL | BC1: PSLIP
A2: 1 | B2: 1224A25-120-ST-1015 | C2: 0 | D2: *C | E2: EAST-WEST PIPERACK SEC 1 | F2: 05220 | G2: *S | H2: 100 | I2: 10001C | J2: W10X49 | K2: 1 | L2: =K2*BF2 -> 8.8439536 | M2: TN | R2: Receive | T2: Shake Out | V2: PreAssemble | X2: Erect | Z2: Bolt Up | AB2: Impact | AD2: Punch | AF2: Sell Off | AH2: HVY | AI2: ST-100-001 | AJ2: 1 | AN2: 0.05 | AO2: 0.05 | AP2: 0.15 | AQ2: 0.2 | AR2: 0.2 | AS2: 0.2 | AT2: 0.1 | AU2: 0.05 | AV2: 100 | AW2: N/A | AX2: N/A | AY2: N/A | AZ2: N/A | BA2: N/A | BB2: N/A | BC2: N/A | BD2: =Sheet1!$H$4 -> 15.735716 | BE2: 0.5620306 | BF2: =BD2*BE2 -> 8.8439536
A3: 2 | B3: 1224A25-120-ST-1015 | C3: 0 | D3: *C | E3: EAST-WEST PIPERACK SEC 1 | F3: 05220 | G3: *S | H3: 100 | I3: 10002C | J3: W10X49 | K3: 1 | L3: =K3*BF3 -> 8.8439536 | M3: TN | R3: Receive | T3: Shake Out | V3: PreAssemble | X3: Erect | Z3: Bolt Up | AB3: Impact | AD3: Punch | AF3: Sell Off | AH3: HVY | AI3: ST-100-001 | AJ3: 1 | AN3: 0.05 | AO3: 0.05 | AP3: 0.15 | AQ3: 0.2 | AR3: 0.2 | AS3: 0.2 | AT3: 0.1 | AU3: 0.05 | AV3: 100 | AW3: N/A | AX3: N/A | AY3: N/A | AZ3: N/A | BA3: N/A | BB3: N/A | BC3: N/A | BD3: =Sheet1!$H$4 -> 15.735716 | BE3: 0.5620306 | BF3: =BD3*BE3 -> 8.8439536
A4: 3 | B4: 1224A25-120-ST-1015 | C4: 0 | D4: *C | E4: EAST-WEST PIPERACK SEC 1 | F4: 05220 | G4: *S | H4: 100 | I4: 10003C | J4: W10X49 | K4: 1 | L4: =K4*BF4 -> 8.8439536 | M4: TN | R4: Receive | T4: Shake Out | V4: PreAssemble | X4: Erect | Z4: Bolt Up | AB4: Impact | AD4: Punch | AF4: Sell Off | AH4: HVY | AI4: ST-100-001 | AJ4: 1 | AN4: 0.05 | AO4: 0.05 | AP4: 0.15 | AQ4: 0.2 | AR4: 0.2 | AS4: 0.2 | AT4: 0.1 | AU4: 0.05 | AV4: 100 | AW4: N/A | AX4: N/A | AY4: N/A | AZ4: N/A | BA4: N/A | BB4: N/A | BC4: N/A | BD4: =Sheet1!$H$4 -> 15.735716 | BE4: 0.5620306 | BF4: =BD4*BE4 -> 8.8439536
A5: 4 | B5: 1224A25-120-ST-1015 | C5: 0 | D5: *C | E5: EAST-WEST PIPERACK SEC 1 | F5: 05220 | G5: *S | H5: 100 | I5: 10004C | J5: W10X49 | K5: 1 | L5: =K5*BF5 -> 8.8439536 | M5: TN | R5: Receive | T5: Shake Out | V5: PreAssemble | X5: Erect | Z5: Bolt Up | AB5: Impact | AD5: Punch | AF5: Sell Off | AH5: HVY | AI5: ST-100-001 | AJ5: 1 | AN5: 0.05 | AO5: 0.05 | AP5: 0.15 | AQ5: 0.2 | AR5: 0.2 | AS5: 0.2 | AT5: 0.1 | AU5: 0.05 | AV5: 100 | AW5: N/A | AX5: N/A | AY5: N/A | AZ5: N/A | BA5: N/A | BB5: N/A | BC5: N/A | BD5: =Sheet1!$H$4 -> 15.735716 | BE5: 0.5620306 | BF5: =BD5*BE5 -> 8.8439536
A6: 5 | B6: 1224A25-120-ST-1015 | C6: 0 | D6: *C | E6: EAST-WEST PIPERACK SEC 1 | F6: 05220 | G6: *S | H6: 100 | I6: 10005C | J6: W10X49 | K6: 1 | L6: =K6*BF6 -> 8.8439536 | M6: TN | R6: Receive | T6: Shake Out | V6: PreAssemble | X6: Erect | Z6: Bolt Up | AB6: Impact | AD6: Punch | AF6: Sell Off | AH6: HVY | AI6: ST-100-001 | AJ6: 1 | AN6: 0.05 | AO6: 0.05 | AP6: 0.15 | AQ6: 0.2 | AR6: 0.2 | AS6: 0.2 | AT6: 0.1 | AU6: 0.05 | AV6: 100 | AW6: N/A | AX6: N/A | AY6: N/A | AZ6: N/A | BA6: N/A | BB6: N/A | BC6: N/A | BD6: =Sheet1!$H$4 -> 15.735716 | BE6: 0.5620306 | BF6: =BD6*BE6 -> 8.8439536
A7: 6 | B7: 1224A25-120-ST-1015 | C7: 0 | D7: *C | E7: EAST-WEST PIPERACK SEC 1 | F7: 05220 | G7: *S | H7: 100 | I7: 10006C | J7: W10X49 | K7: 1 | L7: =K7*BF7 -> 8.8439536 | M7: TN | R7: Receive | T7: Shake Out | V7: PreAssemble | X7: Erect | Z7: Bolt Up | AB7: Impact | AD7: Punch | AF7: Sell Off | AH7: HVY | AI7: ST-100-001 | AJ7: 1 | AN7: 0.05 | AO7: 0.05 | AP7: 0.15 | AQ7: 0.2 | AR7: 0.2 | AS7: 0.2 | AT7: 0.1 | AU7: 0.05 | AV7: 100 | AW7: N/A | AX7: N/A | AY7: N/A | AZ7: N/A | BA7: N/A | BB7: N/A | BC7: N/A | BD7: =Sheet1!$H$4 -> 15.735716 | BE7: 0.5620306 | BF7: =BD7*BE7 -> 8.8439536
A8: 7 | B8: 1224A25-120-ST-1015 | C8: 0 | D8: *C | E8: EAST-WEST PIPERACK SEC 1 | F8: 05220 | G8: *S | H8: 100 | I8: 10007C | J8: W10X49 | K8: 1 | L8: =K8*BF8 -> 8.8439536 | M8: TN | R8: Receive | T8: Shake Out | V8: PreAssemble | X8: Erect | Z8: Bolt Up | AB8: Impact | AD8: Punch | AF8: Sell Off | AH8: HVY | AI8: ST-100-001 | AJ8: 1 | AN8: 0.05 | AO8: 0.05 | AP8: 0.15 | AQ8: 0.2 | AR8: 0.2 | AS8: 0.2 | AT8: 0.1 | AU8: 0.05 | AV8: 100 | AW8: N/A | AX8: N/A | AY8: N/A | AZ8: N/A | BA8: N/A | BB8: N/A | BC8: N/A | BD8: =Sheet1!$H$4 -> 15.735716 | BE8: 0.5620306 | BF8: =BD8*BE8 -> 8.8439536
A9: 8 | B9: 1224A25-120-ST-1015 | C9: 0 | D9: *C | E9: EAST-WEST PIPERACK SEC 1 | F9: 05220 | G9: *S | H9: 100 | I9: 10008C | J9: W10X49 | K9: 1 | L9: =K9*BF9 -> 8.8439536 | M9: TN | R9: Receive | T9: Shake Out | V9: PreAssemble | X9: Erect | Z9: Bolt Up | AB9: Impact | AD9: Punch | AF9: Sell Off | AH9: HVY | AI9: ST-100-001 | AJ9: 1 | AN9: 0.05 | AO9: 0.05 | AP9: 0.15 | AQ9: 0.2 | AR9: 0.2 | AS9: 0.2 | AT9: 0.1 | AU9: 0.05 | AV9: 100 | AW9: N/A | AX9: N/A | AY9: N/A | AZ9: N/A | BA9: N/A | BB9: N/A | BC9: N/A | BD9: =Sheet1!$H$4 -> 15.735716 | BE9: 0.5620306 | BF9: =BD9*BE9 -> 8.8439536
A10: 9 | B10: 1224A25-120-ST-1015 | C10: 0 | D10: *C | E10: EAST-WEST PIPERACK SEC 1 | F10: 05220 | G10: *S | H10: 100 | I10: 10009C | J10: W10 | K10: 1 | L10: =K10*BF10 -> 12.462687 | M10: TN | R10: Receive | T10: Shake Out | V10: PreAssemble | X10: Erect | Z10: Bolt Up | AB10: Impact | AD10: Punch | AF10: Sell Off | AH10: HVY | AI10: ST-100-001 | AJ10: 1 | AN10: 0.05 | AO10: 0.05 | AP10: 0.15 | AQ10: 0.2 | AR10: 0.2 | AS10: 0.2 | AT10: 0.1 | AU10: 0.05 | AV10: 100 | AW10: N/A | AX10: N/A | AY10: N/A | AZ10: N/A | BA10: N/A | BB10: N/A | BC10: N/A | BD10: =Sheet1!$H$4 -> 15.735716 | BE10: 0.792 | BF10: =BD10*BE10 -> 12.462687
A11: 10 | B11: 1224A25-120-ST-1015 | C11: 0 | D11: *C | E11: EAST-WEST PIPERACK SEC 1 | F11: 05220 | G11: *S | H11: 100 | I11: 10010C | J11: W10 | K11: 1 | L11: =K11*BF11 -> 12.462687 | M11: TN | R11: Receive | T11: Shake Out | V11: PreAssemble | X11: Erect | Z11: Bolt Up | AB11: Impact | AD11: Punch | AF11: Sell Off | AH11: HVY | AI11: ST-100-001 | AJ11: 1 | AN11: 0.05 | AO11: 0.05 | AP11: 0.15 | AQ11: 0.2 | AR11: 0.2 | AS11: 0.2 | AT11: 0.1 | AU11: 0.05 | AV11: 100 | AW11: N/A | AX11: N/A | AY11: N/A | AZ11: N/A | BA11: N/A | BB11: N/A | BC11: N/A | BD11: =Sheet1!$H$4 -> 15.735716 | BE11: 0.792 | BF11: =BD11*BE11 -> 12.462687
A12: 11 | B12: 1224A25-120-ST-1015 | C12: 0 | D12: *C | E12: EAST-WEST PIPERACK SEC 1 | F12: 05220 | G12: *S | H12: 100 | I12: 11010A | J12: WT5X11 | K12: 4 | L12: =K12*BF12 -> 4.7743888 | M12: TN | R12: Receive | T12: Shake Out | V12: PreAssemble | X12: Erect | Z12: Bolt Up | AB12: Impact | AD12: Punch | AF12: Sell Off | AH12: LGHT | AI12: ST-100-001 | AJ12: 1 | AN12: 0.05 | AO12: 0.05 | AP12: 0.15 | AQ12: 0.2 | AR12: 0.2 | AS12: 0.2 | AT12: 0.1 | AU12: 0.05 | AV12: 100 | AW12: N/A | AX12: N/A | AY12: N/A | AZ12: N/A | BA12: N/A | BB12: N/A | BC12: N/A | BD12: =Sheet1!$H$2 -> 21.859554 | BE12: 0.054603 | BF12: =BD12*BE12 -> 1.1935972
A13: 12 | B13: 1224A25-120-ST-1015 | C13: 0 | D13: *C | E13: EAST-WEST PIPERACK SEC 1 | F13: 05220 | G13: *S | H13: 100 | I13: 11011A | J13: WT5X11 | K13: 2 | L13: =K13*BF13 -> 2.3871944 | M13: TN | R13: Receive | T13: Shake Out | V13: PreAssemble | X13: Erect | Z13: Bolt Up | AB13: Impact | AD13: Punch | AF13: Sell Off | AH13: LGHT | AI13: ST-100-001 | AJ13: 1 | AN13: 0.05 | AO13: 0.05 | AP13: 0.15 | AQ13: 0.2 | AR13: 0.2 | AS13: 0.2 | AT13: 0.1 | AU13: 0.05 | AV13: 100 | AW13: N/A | AX13: N/A | AY13: N/A | AZ13: N/A | BA13: N/A | BB13: N/A | BC13: N/A | BD13: =Sheet1!$H$2 -> 21.859554 | BE13: 0.054603 | BF13: =BD13*BE13 -> 1.1935972
A14: 13 | B14: 1224A25-120-ST-1015 | C14: 0 | D14: *C | E14: EAST-WEST PIPERACK SEC 1 | F14: 05220 | G14: *S | H14: 100 | I14: 11017B TYPE 1 | K14: 1 | L14: =K14*BF14 -> 31.432092 | M14: TN | R14: Receive | T14: Shake Out | V14: PreAssemble | X14: Erect | Z14: Bolt Up | AB14: Impact | AD14: Punch | AF14: Sell Off | AH14: HVY | AI14: ST-100-001 | AJ14: 1 | AN14: 0.05 | AO14: 0.05 | AP14: 0.15 | AQ14: 0.2 | AR14: 0.2 | AS14: 0.2 | AT14: 0.1 | AU14: 0.05 | AV14: 100 | AW14: N/A | AX14: N/A | AY14: N/A | AZ14: N/A | BA14: N/A | BB14: N/A | BC14: N/A | BD14: =Sheet1!$H$4 -> 15.735716 | BE14: 1.9975 | BF14: =BD14*BE14 -> 31.432092
A15: 14 | B15: 12224A25-120-ST-1022 | C15: 0 | D15: *C | E15: EAST-WEST PIPERACK SEC 1 | F15: 05220 | G15: *S | H15: 100 | I15: 12001B | J15: W10X26 | K15: 24 | L15: =K15*BF15 -> 100.76981 | M15: TN | R15: Receive | T15: Shake Out | V15: PreAssemble | X15: Erect | Z15: Bolt Up | AB15: Impact | AD15: Punch | AF15: Sell Off | AH15: MED | AI15: ST-100-001 | AJ15: 1 | AN15: 0.05 | AO15: 0.05 | AP15: 0.15 | AQ15: 0.2 | AR15: 0.2 | AS15: 0.2 | AT15: 0.1 | AU15: 0.05 | AV15: 100 | AW15: N/A | AX15: N/A | AY15: N/A | AZ15: N/A | BA15: N/A | BB15: N/A | BC15: N/A | BD15: =Sheet1!$H$3 -> 18.948477 | BE15: 0.2215873 | BF15: =BD15*BE15 -> 4.1987419
A16: 15 | B16: 1224A25-120-ST-1015 | C16: 0 | D16: *C | E16: EAST-WEST PIPERACK SEC 1 | F16: 05220 | G16: *S | H16: 100 | I16: 12002B | J16: W10X26 | K16: 15 | L16: =K16*BF16 -> 62.981129 | M16: TN | R16: Receive | T16: Shake Out | V16: PreAssemble | X16: Erect | Z16: Bolt Up | AB16: Impact | AD16: Punch | AF16: Sell Off | AH16: MED | AI16: ST-100-001 | AJ16: 1 | AN16: 0.05 | AO16: 0.05 | AP16: 0.15 | AQ16: 0.2 | AR16: 0.2 | AS16: 0.2 | AT16: 0.1 | AU16: 0.05 | AV16: 100 | AW16: N/A | AX16: N/A | AY16: N/A | AZ16: N/A | BA16: N/A | BB16: N/A | BC16: N/A | BD16: =Sheet1!$H$3 -> 18.948477 | BE16: 0.2215873 | BF16: =BD16*BE16 -> 4.1987419
A17: 16 | B17: 1224A25-120-ST-1015 | C17: 0 | D17: *C | E17: EAST-WEST PIPERACK SEC 1 | F17: 05220 | G17: *S | H17: 100 | I17: 12003B | J17: W10X26 | K17: 2 | L17: =K17*BF17 -> 8.3974838 | M17: TN | R17: Receive | T17: Shake Out | V17: PreAssemble | X17: Erect | Z17: Bolt Up | AB17: Impact | AD17: Punch | AF17: Sell Off | AH17: MED | AI17: ST-100-001 | AJ17: 1 | AN17: 0.05 | AO17: 0.05 | AP17: 0.15 | AQ17: 0.2 | AR17: 0.2 | AS17: 0.2 | AT17: 0.1 | AU17: 0.05 | AV17: 100 | AW17: N/A | AX17: N/A | AY17: N/A | AZ17: N/A | BA17: N/A | BB17: N/A | BC17: N/A | BD17: =Sheet1!$H$3 -> 18.948477 | BE17: 0.2215873 | BF17: =BD17*BE17 -> 4.1987419
A18: 17 | B18: 1224A25-120-ST-1015 | C18: 0 | D18: *C | E18: EAST-WEST PIPERACK SEC 1 | F18: 05220 | G18: *S | H18: 100 | I18: 12006B | J18: W10X26 | K18: 2 | L18: =K18*BF18 -> 8.3974838 | M18: TN | AH18: MED | AI18: ST-100-001 | AJ18: 1 | AN18: 0.05 | AO18: 0.05 | AP18: 0.15 | AQ18: 0.2 | AR18: 0.2 | AS18: 0.2 | AT18: 0.1 | AU18: 0.05 | AV18: 100 | AW18: N/A | AX18: N/A | AY18: N/A | AZ18: N/A | BA18: N/A | BB18: N/A | BC18: N/A | BD18: =Sheet1!$H$3 -> 18.948477 | BE18: 0.2215873 | BF18: =BD18*BE18 -> 4.1987419
A19: 18 | B19: 12224A25-120-ST-1015 | C19: 0 | D19: *C | E19: EAST-WEST PIPERACK SEC 1 | F19: 05220 | G19: *S | H19: 100 | I19: 12010B | J19: W10X26 | K19: 5 | L19: =K19*BF19 -> 20.99371 | M19: TN | R19: Receive | T19: Shake Out | V19: PreAssemble | X19: Erect | Z19: Bolt Up | AB19: Impact | AD19: Punch | AF19: Sell Off | AH19: MED | AI19: ST-100-001 | AJ19: 1 | AN19: 0.05 | AO19: 0.05 | AP19: 0.15 | AQ19: 0.2 | AR19: 0.2 | AS19: 0.2 | AT19: 0.1 | AU19: 0.05 | AV19: 100 | AW19: N/A | AX19: N/A | AY19: N/A | AZ19: N/A | BA19: N/A | BB19: N/A | BC19: N/A | BD19: =Sheet1!$H$3 -> 18.948477 | BE19: 0.2215873 | BF19: =BD19*BE19 -> 4.1987419
A20: 19 | B20: 1224A25-120-ST-1015 | C20: 0 | E20: EAST-WEST PIPERACK SEC 1 | F20: 05220 | G20: *S | H20: 100 | I20: 20001C | J20: W10X49 | K20: 1 | L20: =K20*BF20 -> 8.8439536 | M20: TN | R20: Receive | T20: Shake Out | V20: PreAssemble | X20: Erect | Z20: Bolt Up | AB20: Impact | AD20: Punch | AF20: Sell Off | AH20: HVY | AI20: ST-100-001 | AJ20: 1 | AN20: 0.05 | AO20: 0.05 | AP20: 0.15 | AQ20: 0.2 | AR20: 0.2 | AS20: 0.2 | AT20: 0.1 | AU20: 0.05 | AV20: 100 | AW20: N/A | AX20: N/A | AY20: N/A | AZ20: N/A | BA20: N/A | BB20: N/A | BC20: N/A | BD20: =Sheet1!$H$4 -> 15.735716 | BE20: 0.5620306 | BF20: =BD20*BE20 -> 8.8439536
A21: 20 | B21: 1224A25-120-ST-1015 | C21: 0 | D21: *C | E21: EAST-WEST PIPERACK SEC 1 | F21: 05220 | G21: *S | H21: 100 | I21: 20002C | J21: W10X49 | K21: 1 | L21: =K21*BF21 -> 8.8439536 | M21: TN | R21: Receive | T21: Shake Out | V21: PreAssemble | X21: Erect | Z21: Bolt Up | AB21: Impact | AD21: Punch | AF21: Sell Off | AH21: HVY | AI21: ST-100-001 | AJ21: 1 | AN21: 0.05 | AO21: 0.05 | AP21: 0.15 | AQ21: 0.2 | AR21: 0.2 | AS21: 0.2 | AT21: 0.1 | AU21: 0.05 | AV21: 100 | AW21: N/A | AX21: N/A | AY21: N/A | AZ21: N/A | BA21: N/A | BB21: N/A | BC21: N/A | BD21: =Sheet1!$H$4 -> 15.735716 | BE21: 0.5620306 | BF21: =BD21*BE21 -> 8.8439536
A22: 21 | B22: 1224A25-120-ST-1015 | C22: 0 | D22: *C | E22: EAST-WEST PIPERACK SEC 1 | F22: 05220 | G22: *S | H22: 100 | I22: 20003C | J22: W10X49 | K22: 1 | L22: =K22*BF22 -> 8.8439536 | M22: TN | R22: Receive | T22: Shake Out | V22: PreAssemble | X22: Erect | Z22: Bolt Up | AB22: Impact | AD22: Punch | AF22: Sell Off | AH22: HVY | AI22: ST-100-001 | AJ22: 1 | AN22: 0.05 | AO22: 0.05 | AP22: 0.15 | AQ22: 0.2 | AR22: 0.2 | AS22: 0.2 | AT22: 0.1 | AU22: 0.05 | AV22: 100 | AW22: N/A | AX22: N/A | AY22: N/A | AZ22: N/A | BA22: N/A | BB22: N/A | BC22: N/A | BD22: =Sheet1!$H$4 -> 15.735716 | BE22: 0.5620306 | BF22: =BD22*BE22 -> 8.8439536
A23: 22 | B23: 1224A25-120-ST-1015 | C23: 0 | D23: *C | E23: EAST-WEST PIPERACK SEC 1 | F23: 05220 | G23: *S | H23: 100 | I23: 20004C | J23: W10X49 | K23: 1 | L23: =K23*BF23 -> 8.8439536 | M23: TN | R23: Receive | T23: Shake Out | V23: PreAssemble | X23: Erect | Z23: Bolt Up | AB23: Impact | AD23: Punch | AF23: Sell Off | AH23: HVY | AI23: ST-100-001 | AJ23: 1 | AN23: 0.05 | AO23: 0.05 | AP23: 0.15 | AQ23: 0.2 | AR23: 0.2 | AS23: 0.2 | AT23: 0.1 | AU23: 0.05 | AV23: 100 | AW23: N/A | AX23: N/A | AY23: N/A | AZ23: N/A | BA23: N/A | BB23: N/A | BC23: N/A | BD23: =Sheet1!$H$4 -> 15.735716 | BE23: 0.5620306 | BF23: =BD23*BE23 -> 8.8439536
A24: 23 | B24: 1224A25-120-ST-1015 | C24: 0 | D24: *C | E24: EAST-WEST PIPERACK SEC 1 | F24: 05220 | G24: *S | H24: 100 | I24: 20005C | J24: W10X49 | K24: 1 | L24: =K24*BF24 -> 8.8439536 | M24: TN | R24: Receive | T24: Shake Out | V24: PreAssemble | X24: Erect | Z24: Bolt Up | AB24: Impact | AD24: Punch | AF24: Sell Off | AH24: HVY | AI24: ST-100-001 | AJ24: 1 | AN24: 0.05 | AO24: 0.05 | AP24: 0.15 | AQ24: 0.2 | AR24: 0.2 | AS24: 0.2 | AT24: 0.1 | AU24: 0.05 | AV24: 100 | AW24: N/A | AX24: N/A | AY24: N/A | AZ24: N/A | BA24: N/A | BB24: N/A | BC24: N/A | BD24: =Sheet1!$H$4 -> 15.735716 | BE24: 0.5620306 | BF24: =BD24*BE24 -> 8.8439536
A25: 24 | B25: 1224A25-120-ST-1015 | C25: 0 | D25: *C | E25: EAST-WEST PIPERACK SEC 1 | F25: 05220 | G25: *S | H25: 100 | I25: 20006C | J25: W10X49 | K25: 1 | L25: =K25*BF25 -> 8.8439536 | M25: TN | R25: Receive | T25: Shake Out | V25: PreAssemble | X25: Erect | Z25: Bolt Up | AB25: Impact | AD25: Punch | AF25: Sell Off | AH25: HVY | AI25: ST-100-001 | AJ25: 1 | AN25: 0.05 | AO25: 0.05 | AP25: 0.15 | AQ25: 0.2 | AR25: 0.2 | AS25: 0.2 | AT25: 0.1 | AU25: 0.05 | AV25: 100 | AW25: N/A | AX25: N/A | AY25: N/A | AZ25: N/A | BA25: N/A | BB25: N/A | BC25: N/A | BD25: =Sheet1!$H$4 -> 15.735716 | BE25: 0.5620306 | BF25: =BD25*BE25 -> 8.8439536
A26: 25 | B26: 1224A25-120-ST-1015 | C26: 0 | D26: *C | E26: EAST-WEST PIPERACK SEC 1 | F26: 05220 | G26: *S | H26: 100 | I26: 20007C | J26: W10X49 | K26: 1 | L26: =K26*BF26 -> 8.8439536 | M26: TN | R26: Receive | T26: Shake Out | V26: PreAssemble | X26: Erect | Z26: Bolt Up | AB26: Impact | AD26: Punch | AF26: Sell Off | AH26: HVY | AI26: ST-100-001 | AJ26: 1 | AN26: 0.05 | AO26: 0.05 | AP26: 0.15 | AQ26: 0.2 | AR26: 0.2 | AS26: 0.2 | AT26: 0.1 | AU26: 0.05 | AV26: 100 | AW26: N/A | AX26: N/A | AY26: N/A | AZ26: N/A | BA26: N/A | BB26: N/A | BC26: N/A | BD26: =Sheet1!$H$4 -> 15.735716 | BE26: 0.5620306 | BF26: =BD26*BE26 -> 8.8439536
A27: 26 | B27: 1224A25-120-ST-1015 | C27: 0 | D27: *C | E27: EAST-WEST PIPERACK SEC 1 | F27: 05220 | G27: *S | H27: 100 | I27: 20008C | J27: W10X49 | K27: 1 | L27: =K27*BF27 -> 8.8439536 | M27: TN | R27: Receive | T27: Shake Out | V27: PreAssemble | X27: Erect | Z27: Bolt Up | AB27: Impact | AD27: Punch | AF27: Sell Off | AH27: HVY | AI27: ST-100-001 | AJ27: 1 | AN27: 0.05 | AO27: 0.05 | AP27: 0.15 | AQ27: 0.2 | AR27: 0.2 | AS27: 0.2 | AT27: 0.1 | AU27: 0.05 | AV27: 100 | AW27: N/A | AX27: N/A | AY27: N/A | AZ27: N/A | BA27: N/A | BB27: N/A | BC27: N/A | BD27: =Sheet1!$H$4 -> 15.735716 | BE27: 0.5620306 | BF27: =BD27*BE27 -> 8.8439536
A28: 27 | B28: 1224A25-120-ST-1015 | C28: 0 | D28: *C | E28: EAST-WEST PIPERACK SEC 1 | F28: 05220 | G28: *S | H28: 100 | I28: 20009C | J28: W10 | K28: 1 | L28: =K28*BF28 -> 12.462687 | M28: TN | R28: Receive | T28: Shake Out | V28: PreAssemble | X28: Erect | Z28: Bolt Up | AB28: Impact | AD28: Punch | AF28: Sell Off | AH28: HVY | AI28: ST-100-001 | AJ28: 1 | AN28: 0.05 | AO28: 0.05 | AP28: 0.15 | AQ28: 0.2 | AR28: 0.2 | AS28: 0.2 | AT28: 0.1 | AU28: 0.05 | AV28: 100 | AW28: N/A | AX28: N/A | AY28: N/A | AZ28: N/A | BA28: N/A | BB28: N/A | BC28: N/A | BD28: =Sheet1!$H$4 -> 15.735716 | BE28: 0.792 | BF28: =BD28*BE28 -> 12.462687
A29: 28 | B29: 1224A25-120-ST-1015 | C29: 0 | D29: *C | E29: EAST-WEST PIPERACK SEC 1 | F29: 05220 | G29: *S | H29: 100 | I29: 20010C | J29: W10 | K29: 1 | L29: =K29*BF29 -> 12.462687 | M29: TN | R29: Receive | T29: Shake Out | V29: PreAssemble | X29: Erect | Z29: Bolt Up | AB29: Impact | AD29: Punch | AF29: Sell Off | AH29: HVY | AI29: ST-100-001 | AJ29: 1 | AN29: 0.05 | AO29: 0.05 | AP29: 0.15 | AQ29: 0.2 | AR29: 0.2 | AS29: 0.2 | AT29: 0.1 | AU29: 0.05 | AV29: 100 | AW29: N/A | AX29: N/A | AY29: N/A | AZ29: N/A | BA29: N/A | BB29: N/A | BC29: N/A | BD29: =Sheet1!$H$4 -> 15.735716 | BE29: 0.792 | BF29: =BD29*BE29 -> 12.462687
A30: 29 | B30: 1224A25-120-ST-1015 | C30: 0 | D30: *C | E30: EAST-WEST PIPERACK SEC 1 | F30: 05220 | G30: *S | H30: 100 | I30: 22016B TYPE 2 | K30: 1 | L30: =K30*BF30 -> 31.432092 | M30: TN | R30: Receive | T30: Shake Out | V30: PreAssemble | X30: Erect | Z30: Bolt Up | AB30: Impact | AD30: Punch | AF30: Sell Off | AH30: HVY | AI30: ST-100-001 | AJ30: 1 | AN30: 0.05 | AO30: 0.05 | AP30: 0.15 | AQ30: 0.2 | AR30: 0.2 | AS30: 0.2 | AT30: 0.1 | AU30: 0.05 | AV30: 100 | AW30: N/A | AX30: N/A | AY30: N/A | AZ30: N/A | BA30: N/A | BB30: N/A | BC30: N/A | BD30: =Sheet1!$H$4 -> 15.735716 | BE30: 1.9975 | BF30: =BD30*BE30 -> 31.432092
A31: 30 | B31: 1224A25-120-ST-1015 | C31: 0 | D31: *C | E31: EAST-WEST PIPERACK SEC 1 | F31: 05220 | G31: *S | H31: 100 | I31: 13000PL | K31: 4 | L31: =K31*BF31 -> 0.92116159 | M31: TN | AH31: LGHT | AI31: ST-100-001 | AJ31: 1 | AN31: 0.05 | AO31: 0.05 | AP31: 0.15 | AQ31: 0.2 | AR31: 0.2 | AS31: 0.2 | AT31: 0.1 | AU31: 0.05 | AV31: 100 | AW31: N/A | AX31: N/A | AY31: N/A | AZ31: N/A | BA31: N/A | BB31: N/A | BC31: N/A | BD31: =Sheet1!$H$2 -> 21.859554 | BE31: 0.010535 | BF31: =BD31*BE31 -> 0.2302904
A32: 31 | B32: 12224A25-120-ST-1016 | C32: 0 | D32: *C | E32: EAST-WEST PIPERACK SEC 2 | F32: 05220 | G32: *S | H32: 100 | I32: 10011C | J32: W10X49 | K32: 1 | L32: =K32*BF32 -> 8.8439536 | M32: TN | R32: Receive | T32: Shake Out | V32: PreAssemble | X32: Erect | Z32: Bolt Up | AB32: Impact | AD32: Punch | AF32: Sell Off | AH32: HVY | AI32: ST-100-002 | AJ32: 1 | AN32: 0.05 | AO32: 0.05 | AP32: 0.15 | AQ32: 0.2 | AR32: 0.2 | AS32: 0.2 | AT32: 0.1 | AU32: 0.05 | AV32: 100 | AW32: N/A | AX32: N/A | AY32: N/A | AZ32: N/A | BA32: N/A | BB32: N/A | BC32: N/A | BD32: =Sheet1!$H$4 -> 15.735716 | BE32: 0.5620306 | BF32: =BD32*BE32 -> 8.8439536
A33: 32 | B33: 12224A25-120-ST-1016 | C33: 0 | D33: *C | E33: EAST-WEST PIPERACK SEC 2 | F33: 05220 | G33: *S | H33: 100 | I33: 10012C | J33: W10X49 | K33: 1 | L33: =K33*BF33 -> 8.8439536 | M33: TN | R33: Receive | T33: Shake Out | V33: PreAssemble | X33: Erect | Z33: Bolt Up | AB33: Impact | AD33: Punch | AF33: Sell Off | AH33: HVY | AI33: ST-100-002 | AJ33: 1 | AN33: 0.05 | AO33: 0.05 | AP33: 0.15 | AQ33: 0.2 | AR33: 0.2 | AS33: 0.2 | AT33: 0.1 | AU33: 0.05 | AV33: 100 | AW33: N/A | AX33: N/A | AY33: N/A | AZ33: N/A | BA33: N/A | BB33: N/A | BC33: N/A | BD33: =Sheet1!$H$4 -> 15.735716 | BE33: 0.5620306 | BF33: =BD33*BE33 -> 8.8439536
A34: 33 | B34: 12224A25-120-ST-1016 | C34: 0 | D34: *C | E34: EAST-WEST PIPERACK SEC 2 | F34: 05220 | G34: *S | H34: 100 | I34: 10013C | J34: W10X49 | K34: 1 | L34: =K34*BF34 -> 8.8439536 | M34: TN | R34: Receive | T34: Shake Out | V34: PreAssemble | X34: Erect | Z34: Bolt Up | AB34: Impact | AD34: Punch | AF34: Sell Off | AH34: HVY | AI34: ST-100-002 | AJ34: 1 | AN34: 0.05 | AO34: 0.05 | AP34: 0.15 | AQ34: 0.2 | AR34: 0.2 | AS34: 0.2 | AT34: 0.1 | AU34: 0.05 | AV34: 100 | AW34: N/A | AX34: N/A | AY34: N/A | AZ34: N/A | BA34: N/A | BB34: N/A | BC34: N/A | BD34: =Sheet1!$H$4 -> 15.735716 | BE34: 0.5620306 | BF34: =BD34*BE34 -> 8.8439536
A35: 34 | B35: 12224A25-120-ST-1016 | C35: 0 | D35: *C | E35: EAST-WEST PIPERACK SEC 2 | F35: 05220 | G35: *S | H35: 100 | I35: 10014C | J35: W10X49 | K35: 1 | L35: =K35*BF35 -> 8.8439536 | M35: TN | R35: Receive | T35: Shake Out | V35: PreAssemble | X35: Erect | Z35: Bolt Up | AB35: Impact | AD35: Punch | AF35: Sell Off | AH35: HVY | AI35: ST-100-002 | AJ35: 1 | AN35: 0.05 | AO35: 0.05 | AP35: 0.15 | AQ35: 0.2 | AR35: 0.2 | AS35: 0.2 | AT35: 0.1 | AU35: 0.05 | AV35: 100 | AW35: N/A | AX35: N/A | AY35: N/A | AZ35: N/A | BA35: N/A | BB35: N/A | BC35: N/A | BD35: =Sheet1!$H$4 -> 15.735716 | BE35: 0.5620306 | BF35: =BD35*BE35 -> 8.8439536
A36: 35 | B36: 12224A25-120-ST-1016 | C36: 0 | D36: *C | E36: EAST-WEST PIPERACK SEC 2 | F36: 05220 | G36: *S | H36: 100 | I36: 10015C | J36: W10X49 | K36: 1 | L36: =K36*BF36 -> 8.8439536 | M36: TN | R36: Receive | T36: Shake Out | V36: PreAssemble | X36: Erect | Z36: Bolt Up | AB36: Impact | AD36: Punch | AF36: Sell Off | AH36: HVY | AI36: ST-100-002 | AJ36: 1 | AN36: 0.05 | AO36: 0.05 | AP36: 0.15 | AQ36: 0.2 | AR36: 0.2 | AS36: 0.2 | AT36: 0.1 | AU36: 0.05 | AV36: 100 | AW36: N/A | AX36: N/A | AY36: N/A | AZ36: N/A | BA36: N/A | BB36: N/A | BC36: N/A | BD36: =Sheet1!$H$4 -> 15.735716 | BE36: 0.5620306 | BF36: =BD36*BE36 -> 8.8439536
A37: 36 | B37: 12224A25-120-ST-1016 | C37: 0 | D37: *C | E37: EAST-WEST PIPERACK SEC 2 | F37: 05220 | G37: *S | H37: 100 | I37: 10016C | J37: W10X49 | K37: 1 | L37: =K37*BF37 -> 8.8439536 | M37: TN | R37: Receive | T37: Shake Out | V37: PreAssemble | X37: Erect | Z37: Bolt Up | AB37: Impact | AD37: Punch | AF37: Sell Off | AH37: HVY | AI37: ST-100-002 | AJ37: 1 | AN37: 0.05 | AO37: 0.05 | AP37: 0.15 | AQ37: 0.2 | AR37: 0.2 | AS37: 0.2 | AT37: 0.1 | AU37: 0.05 | AV37: 100 | AW37: N/A | AX37: N/A | AY37: N/A | AZ37: N/A | BA37: N/A | BB37: N/A | BC37: N/A | BD37: =Sheet1!$H$4 -> 15.735716 | BE37: 0.5620306 | BF37: =BD37*BE37 -> 8.8439536
A38: 37 | B38: 12224A25-120-ST-1016 | C38: 0 | D38: *C | E38: EAST-WEST PIPERACK SEC 2 | F38: 05220 | G38: *S | H38: 100 | I38: 10017C | J38: W10X49 | K38: 1 | L38: =K38*BF38 -> 8.8439536 | M38: TN | R38: Receive | T38: Shake Out | V38: PreAssemble | X38: Erect | Z38: Bolt Up | AB38: Impact | AD38: Punch | AF38: Sell Off | AH38: HVY | AI38: ST-100-002 | AJ38: 1 | AN38: 0.05 | AO38: 0.05 | AP38: 0.15 | AQ38: 0.2 | AR38: 0.2 | AS38: 0.2 | AT38: 0.1 | AU38: 0.05 | AV38: 100 | AW38: N/A | AX38: N/A | AY38: N/A | AZ38: N/A | BA38: N/A | BB38: N/A | BC38: N/A | BD38: =Sheet1!$H$4 -> 15.735716 | BE38: 0.5620306 | BF38: =BD38*BE38 -> 8.8439536
A39: 38 | B39: 12224A25-120-ST-1016 | C39: 0 | D39: *C | E39: EAST-WEST PIPERACK SEC 2 | F39: 05220 | G39: *S | H39: 100 | I39: 10018C | J39: W10 | K39: 1 | L39: =K39*BF39 -> 12.462687 | M39: TN | R39: Receive | T39: Shake Out | V39: PreAssemble | X39: Erect | Z39: Bolt Up | AB39: Impact | AD39: Punch | AF39: Sell Off | AH39: HVY | AI39: ST-100-002 | AJ39: 1 | AN39: 0.05 | AO39: 0.05 | AP39: 0.15 | AQ39: 0.2 | AR39: 0.2 | AS39: 0.2 | AT39: 0.1 | AU39: 0.05 | AV39: 100 | AW39: N/A | AX39: N/A | AY39: N/A | AZ39: N/A | BA39: N/A | BB39: N/A | BC39: N/A | BD39: =Sheet1!$H$4 -> 15.735716 | BE39: 0.792 | BF39: =BD39*BE39 -> 12.462687
A40: 39 | B40: 12224A25-120-ST-1016 | C40: 0 | D40: *C | E40: EAST-WEST PIPERACK SEC 2 | F40: 05220 | G40: *S | H40: 100 | I40: 10019C | J40: W10 | K40: 1 | L40: =K40*BF40 -> 12.462687 | M40: TN | R40: Receive | T40: Shake Out | V40: PreAssemble | X40: Erect | Z40: Bolt Up | AB40: Impact | AD40: Punch | AF40: Sell Off | AH40: HVY | AI40: ST-100-002 | AJ40: 1 | AN40: 0.05 | AO40: 0.05 | AP40: 0.15 | AQ40: 0.2 | AR40: 0.2 | AS40: 0.2 | AT40: 0.1 | AU40: 0.05 | AV40: 100 | AW40: N/A | AX40: N/A | AY40: N/A | AZ40: N/A | BA40: N/A | BB40: N/A | BC40: N/A | BD40: =Sheet1!$H$4 -> 15.735716 | BE40: 0.792 | BF40: =BD40*BE40 -> 12.462687
A41: 40 | B41: 12224A25-120-ST-1016 | C41: 0 | D41: *C | E41: EAST-WEST PIPERACK SEC 2 | F41: 05220 | G41: *S | H41: 100 | I41: 11010A | J41: WT5X11 | K41: 4 | L41: =K41*BF41 -> 4.7743888 | M41: TN | R41: Receive | T41: Shake Out | V41: PreAssemble | X41: Erect | Z41: Bolt Up | AB41: Impact | AD41: Punch | AF41: Sell Off | AH41: LGHT | AI41: ST-100-002 | AJ41: 1 | AN41: 0.05 | AO41: 0.05 | AP41: 0.15 | AQ41: 0.2 | AR41: 0.2 | AS41: 0.2 | AT41: 0.1 | AU41: 0.05 | AV41: 100 | AW41: N/A | AX41: N/A | AY41: N/A | AZ41: N/A | BA41: N/A | BB41: N/A | BC41: N/A | BD41: =Sheet1!$H$2 -> 21.859554 | BE41: 0.054603 | BF41: =BD41*BE41 -> 1.1935972
A42: 41 | B42: 12224A25-120-ST-1016 | C42: 0 | D42: *C | E42: EAST-WEST PIPERACK SEC 2 | F42: 05220 | G42: *S | H42: 100 | I42: 11011A | J42: WT5X11 | K42: 2 | L42: =K42*BF42 -> 2.3871944 | M42: TN | R42: Receive | T42: Shake Out | V42: PreAssemble | X42: Erect | Z42: Bolt Up | AB42: Impact | AD42: Punch | AF42: Sell Off | AH42: LGHT | AI42: ST-100-002 | AJ42: 1 | AN42: 0.05 | AO42: 0.05 | AP42: 0.15 | AQ42: 0.2 | AR42: 0.2 | AS42: 0.2 | AT42: 0.1 | AU42: 0.05 | AV42: 100 | AW42: N/A | AX42: N/A | AY42: N/A | AZ42: N/A | BA42: N/A | BB42: N/A | BC42: N/A | BD42: =Sheet1!$H$2 -> 21.859554 | BE42: 0.054603 | BF42: =BD42*BE42 -> 1.1935972
A43: 42 | B43: 12224A25-120-ST-1016 | C43: 0 | D43: *C | E43: EAST-WEST PIPERACK SEC 2 | F43: 05220 | G43: *S | H43: 100 | I43: 11018B TYPE 1 | K43: 1 | L43: =K43*BF43 -> 31.432092 | M43: TN | R43: Receive | T43: Shake Out | V43: PreAssemble | X43: Erect | Z43: Bolt Up | AB43: Impact | AD43: Punch | AF43: Sell Off | AH43: HVY | AI43: ST-100-002 | AJ43: 1 | AN43: 0.05 | AO43: 0.05 | AP43: 0.15 | AQ43: 0.2 | AR43: 0.2 | AS43: 0.2 | AT43: 0.1 | AU43: 0.05 | AV43: 100 | AW43: N/A | AX43: N/A | AY43: N/A | AZ43: N/A | BA43: N/A | BB43: N/A | BC43: N/A | BD43: =Sheet1!$H$4 -> 15.735716 | BE43: 1.9975 | BF43: =BD43*BE43 -> 31.432092
A44: 43 | B44: 12224A25-120-ST-1022 | C44: 1 | D44: *C | E44: EAST-WEST PIPERACK SEC 2 | F44: 05220 | G44: *S | H44: 100 | I44: 12001B | J44: W10X26 | K44: 21 | L44: =K44*BF44 -> 88.17358 | M44: TN | R44: Receive | T44: Shake Out | V44: PreAssemble | X44: Erect | Z44: Bolt Up | AB44: Impact | AD44: Punch | AF44: Sell Off | AH44: MED | AI44: ST-100-002 | AJ44: 1 | AN44: 0.05 | AO44: 0.05 | AP44: 0.15 | AQ44: 0.2 | AR44: 0.2 | AS44: 0.2 | AT44: 0.1 | AU44: 0.05 | AV44: 100 | AW44: N/A | AX44: N/A | AY44: N/A | AZ44: N/A | BA44: N/A | BB44: N/A | BC44: N/A | BD44: =Sheet1!$H$3 -> 18.948477 | BE44: 0.2215873 | BF44: =BD44*BE44 -> 4.1987419
A45: 44 | B45: 12224A25-120-ST-1016 | C45: 0 | D45: *C | E45: EAST-WEST PIPERACK SEC 2 | F45: 05220 | G45: *S | H45: 100 | I45: 12003B | J45: W10X26 | K45: 4 | L45: =K45*BF45 -> 16.794968 | M45: TN | R45: Receive | T45: Shake Out | V45: PreAssemble | X45: Erect | Z45: Bolt Up | AB45: Impact | AD45: Punch | AF45: Sell Off | AH45: MED | AI45: ST-100-002 | AJ45: 1 | AN45: 0.05 | AO45: 0.05 | AP45: 0.15 | AQ45: 0.2 | AR45: 0.2 | AS45: 0.2 | AT45: 0.1 | AU45: 0.05 | AV45: 100 | AW45: N/A | AX45: N/A | AY45: N/A | AZ45: N/A | BA45: N/A | BB45: N/A | BC45: N/A | BD45: =Sheet1!$H$3 -> 18.948477 | BE45: 0.2215873 | BF45: =BD45*BE45 -> 4.1987419
A46: 45 | B46: 12224A25-120-ST-1016 | C46: 0 | D46: *C | E46: EAST-WEST PIPERACK SEC 2 | F46: 05220 | G46: *S | H46: 100 | I46: 12005B | J46: W10X26 | K46: 22 | L46: =K46*BF46 -> 92.372322 | M46: TN | R46: Receive | T46: Shake Out | V46: PreAssemble | X46: Erect | Z46: Bolt Up | AB46: Impact | AD46: Punch | AF46: Sell Off | AH46: MED | AI46: ST-100-002 | AJ46: 1 | AN46: 0.05 | AO46: 0.05 | AP46: 0.15 | AQ46: 0.2 | AR46: 0.2 | AS46: 0.2 | AT46: 0.1 | AU46: 0.05 | AV46: 100 | AW46: N/A | AX46: N/A | AY46: N/A | AZ46: N/A | BA46: N/A | BB46: N/A | BC46: N/A | BD46: =Sheet1!$H$3 -> 18.948477 | BE46: 0.2215873 | BF46: =BD46*BE46 -> 4.1987419
A47: 46 | B47: 12224A25-120-ST-1016 | C47: 0 | D47: *C | E47: EAST-WEST PIPERACK SEC 2 | F47: 05220 | G47: *S | H47: 100 | I47: 12008B | J47: W10X26 | K47: 2 | L47: =K47*BF47 -> 8.3974838 | M47: TN | R47: Receive | T47: Shake Out | V47: PreAssemble | X47: Erect | Z47: Bolt Up | AB47: Impact | AD47: Punch | AF47: Sell Off | AH47: MED | AI47: ST-100-002 | AJ47: 1 | AN47: 0.05 | AO47: 0.05 | AP47: 0.15 | AQ47: 0.2 | AR47: 0.2 | AS47: 0.2 | AT47: 0.1 | AU47: 0.05 | AV47: 100 | AW47: N/A | AX47: N/A | AY47: N/A | AZ47: N/A | BA47: N/A | BB47: N/A | BC47: N/A | BD47: =Sheet1!$H$3 -> 18.948477 | BE47: 0.2215873 | BF47: =BD47*BE47 -> 4.1987419
A48: 47 | B48: 12224A25-120-ST-1016 | C48: 0 | D48: *C | E48: EAST-WEST PIPERACK SEC 2 | F48: 05220 | G48: *S | H48: 100 | I48: 13000PL | K48: 4 | L48: =K48*BF48 -> 0.92116159 | M48: TN | R48: Receive | T48: Shake Out | V48: PreAssemble | X48: Erect | Z48: Bolt Up | AB48: Impact | AD48: Punch | AF48: Sell Off | AH48: LGHT | AI48: ST-100-002 | AJ48: 1 | AN48: 0.05 | AO48: 0.05 | AP48: 0.15 | AQ48: 0.2 | AR48: 0.2 | AS48: 0.2 | AT48: 0.1 | AU48: 0.05 | AV48: 100 | AW48: N/A | AX48: N/A | AY48: N/A | AZ48: N/A | BA48: N/A | BB48: N/A | BC48: N/A | BD48: =Sheet1!$H$2 -> 21.859554 | BE48: 0.010535 | BF48: =BD48*BE48 -> 0.2302904
A49: 48 | B49: 12224A25-120-ST-1016 | C49: 0 | D49: *C | E49: EAST-WEST PIPERACK SEC 2 | F49: 05220 | G49: *S | H49: 100 | I49: 20011C | J49: W10X49 | K49: 1 | L49: =K49*BF49 -> 8.8439536 | M49: TN | R49: Receive | T49: Shake Out | V49: PreAssemble | X49: Erect | Z49: Bolt Up | AB49: Impact | AD49: Punch | AF49: Sell Off | AH49: HVY | AI49: ST-100-002 | AJ49: 1 | AN49: 0.05 | AO49: 0.05 | AP49: 0.15 | AQ49: 0.2 | AR49: 0.2 | AS49: 0.2 | AT49: 0.1 | AU49: 0.05 | AV49: 100 | AW49: N/A | AX49: N/A | AY49: N/A | AZ49: N/A | BA49: N/A | BB49: N/A | BC49: N/A | BD49: =Sheet1!$H$4 -> 15.735716 | BE49: 0.5620306 | BF49: =BD49*BE49 -> 8.8439536
A50: 49 | B50: 12224A25-120-ST-1016 | C50: 0 | D50: *C | E50: EAST-WEST PIPERACK SEC 2 | F50: 05220 | G50: *S | H50: 100 | I50: 20012C | J50: W10X49 | K50: 1 | L50: =K50*BF50 -> 8.8439536 | M50: TN | R50: Receive | T50: Shake Out | V50: PreAssemble | X50: Erect | Z50: Bolt Up | AB50: Impact | AD50: Punch | AF50: Sell Off | AH50: HVY | AI50: ST-100-002 | AJ50: 1 | AN50: 0.05 | AO50: 0.05 | AP50: 0.15 | AQ50: 0.2 | AR50: 0.2 | AS50: 0.2 | AT50: 0.1 | AU50: 0.05 | AV50: 100 | AW50: N/A | AX50: N/A | AY50: N/A | AZ50: N/A | BA50: N/A | BB50: N/A | BC50: N/A | BD50: =Sheet1!$H$4 -> 15.735716 | BE50: 0.5620306 | BF50: =BD50*BE50 -> 8.8439536
A51: 50 | B51: 12224A25-120-ST-1016 | C51: 0 | D51: *C | E51: EAST-WEST PIPERACK SEC 2 | F51: 05220 | G51: *S | H51: 100 | I51: 20013C | J51: W10X49 | K51: 1 | L51: =K51*BF51 -> 8.8439536 | M51: TN | R51: Receive | T51: Shake Out | V51: PreAssemble | X51: Erect | Z51: Bolt Up | AB51: Impact | AD51: Punch | AF51: Sell Off | AH51: HVY | AI51: ST-100-002 | AJ51: 1 | AN51: 0.05 | AO51: 0.05 | AP51: 0.15 | AQ51: 0.2 | AR51: 0.2 | AS51: 0.2 | AT51: 0.1 | AU51: 0.05 | AV51: 100 | AW51: N/A | AX51: N/A | AY51: N/A | AZ51: N/A | BA51: N/A | BB51: N/A | BC51: N/A | BD51: =Sheet1!$H$4 -> 15.735716 | BE51: 0.5620306 | BF51: =BD51*BE51 -> 8.8439536
A52: 51 | B52: 12224A25-120-ST-1016 | C52: 0 | D52: *C | E52: EAST-WEST PIPERACK SEC 2 | F52: 05220 | G52: *S | H52: 100 | I52: 20014C | J52: W10X49 | K52: 1 | L52: =K52*BF52 -> 8.8439536 | M52: TN | R52: Receive | T52: Shake Out | V52: PreAssemble | X52: Erect | Z52: Bolt Up | AB52: Impact | AD52: Punch | AF52: Sell Off | AH52: HVY | AI52: ST-100-002 | AJ52: 1 | AN52: 0.05 | AO52: 0.05 | AP52: 0.15 | AQ52: 0.2 | AR52: 0.2 | AS52: 0.2 | AT52: 0.1 | AU52: 0.05 | AV52: 100 | AW52: N/A | AX52: N/A | AY52: N/A | AZ52: N/A | BA52: N/A | BB52: N/A | BC52: N/A | BD52: =Sheet1!$H$4 -> 15.735716 | BE52: 0.5620306 | BF52: =BD52*BE52 -> 8.8439536
A53: 52 | B53: 12224A25-120-ST-1016 | C53: 0 | D53: *C | E53: EAST-WEST PIPERACK SEC 2 | F53: 05220 | G53: *S | H53: 100 | I53: 20015C | J53: W10X49 | K53: 1 | L53: =K53*BF53 -> 8.8439536 | M53: TN | R53: Receive | T53: Shake Out | V53: PreAssemble | X53: Erect | Z53: Bolt Up | AB53: Impact | AD53: Punch | AF53: Sell Off | AH53: HVY | AI53: ST-100-002 | AJ53: 1 | AN53: 0.05 | AO53: 0.05 | AP53: 0.15 | AQ53: 0.2 | AR53: 0.2 | AS53: 0.2 | AT53: 0.1 | AU53: 0.05 | AV53: 100 | AW53: N/A | AX53: N/A | AY53: N/A | AZ53: N/A | BA53: N/A | BB53: N/A | BC53: N/A | BD53: =Sheet1!$H$4 -> 15.735716 | BE53: 0.5620306 | BF53: =BD53*BE53 -> 8.8439536
A54: 53 | B54: 12224A25-120-ST-1016 | C54: 0 | D54: *C | E54: EAST-WEST PIPERACK SEC 2 | F54: 05220 | G54: *S | H54: 100 | I54: 20016C | J54: W10X49 | K54: 1 | L54: =K54*BF54 -> 8.8439536 | M54: TN | R54: Receive | T54: Shake Out | V54: PreAssemble | X54: Erect | Z54: Bolt Up | AB54: Impact | AD54: Punch | AF54: Sell Off | AH54: HVY | AI54: ST-100-002 | AJ54: 1 | AN54: 0.05 | AO54: 0.05 | AP54: 0.15 | AQ54: 0.2 | AR54: 0.2 | AS54: 0.2 | AT54: 0.1 | AU54: 0.05 | AV54: 100 | AW54: N/A | AX54: N/A | AY54: N/A | AZ54: N/A | BA54: N/A | BB54: N/A | BC54: N/A | BD54: =Sheet1!$H$4 -> 15.735716 | BE54: 0.5620306 | BF54: =BD54*BE54 -> 8.8439536
A55: 54 | B55: 12224A25-120-ST-1016 | C55: 0 | D55: *C | E55: EAST-WEST PIPERACK SEC 2 | F55: 05220 | G55: *S | H55: 100 | I55: 20017C | J55: W10X49 | K55: 1 | L55: =K55*BF55 -> 8.8439536 | M55: TN | R55: Receive | T55: Shake Out | V55: PreAssemble | X55: Erect | Z55: Bolt Up | AB55: Impact | AD55: Punch | AF55: Sell Off | AH55: HVY | AI55: ST-100-002 | AJ55: 1 | AN55: 0.05 | AO55: 0.05 | AP55: 0.15 | AQ55: 0.2 | AR55: 0.2 | AS55: 0.2 | AT55: 0.1 | AU55: 0.05 | AV55: 100 | AW55: N/A | AX55: N/A | AY55: N/A | AZ55: N/A | BA55: N/A | BB55: N/A | BC55: N/A | BD55: =Sheet1!$H$4 -> 15.735716 | BE55: 0.5620306 | BF55: =BD55*BE55 -> 8.8439536
A56: 55 | B56: 12224A25-120-ST-1016 | C56: 0 | D56: *C | E56: EAST-WEST PIPERACK SEC 2 | F56: 05220 | G56: *S | H56: 100 | I56: 20018C | J56: W10 | K56: 1 | L56: =K56*BF56 -> 12.462687 | M56: TN | R56: Receive | T56: Shake Out | V56: PreAssemble | X56: Erect | Z56: Bolt Up | AB56: Impact | AD56: Punch | AF56: Sell Off | AH56: HVY | AI56: ST-100-002 | AJ56: 1 | AN56: 0.05 | AO56: 0.05 | AP56: 0.15 | AQ56: 0.2 | AR56: 0.2 | AS56: 0.2 | AT56: 0.1 | AU56: 0.05 | AV56: 100 | AW56: N/A | AX56: N/A | AY56: N/A | AZ56: N/A | BA56: N/A | BB56: N/A | BC56: N/A | BD56: =Sheet1!$H$4 -> 15.735716 | BE56: 0.792 | BF56: =BD56*BE56 -> 12.462687
A57: 56 | B57: 12224A25-120-ST-1016 | C57: 0 | D57: *C | E57: EAST-WEST PIPERACK SEC 2 | F57: 05220 | G57: *S | H57: 100 | I57: 20019C | J57: W10 | K57: 1 | L57: =K57*BF57 -> 12.462687 | M57: TN | R57: Receive | T57: Shake Out | V57: PreAssemble | X57: Erect | Z57: Bolt Up | AB57: Impact | AD57: Punch | AF57: Sell Off | AH57: HVY | AI57: ST-100-002 | AJ57: 1 | AN57: 0.05 | AO57: 0.05 | AP57: 0.15 | AQ57: 0.2 | AR57: 0.2 | AS57: 0.2 | AT57: 0.1 | AU57: 0.05 | AV57: 100 | AW57: N/A | AX57: N/A | AY57: N/A | AZ57: N/A | BA57: N/A | BB57: N/A | BC57: N/A | BD57: =Sheet1!$H$4 -> 15.735716 | BE57: 0.792 | BF57: =BD57*BE57 -> 12.462687
A58: 57 | B58: 12224A25-120-ST-1016 | C58: 0 | D58: *C | E58: EAST-WEST PIPERACK SEC 2 | F58: 05220 | G58: *S | H58: 100 | I58: 22017B TYPE 2 | K58: 1 | L58: =K58*BF58 -> 31.432092 | M58: TN | R58: Receive | T58: Shake Out | V58: PreAssemble | X58: Erect | Z58: Bolt Up | AB58: Impact | AD58: Punch | AF58: Sell Off | AH58: HVY | AI58: ST-100-002 | AJ58: 1 | AN58: 0.05 | AO58: 0.05 | AP58: 0.15 | AQ58: 0.2 | AR58: 0.2 | AS58: 0.2 | AT58: 0.1 | AU58: 0.05 | AV58: 100 | AW58: N/A | AX58: N/A | AY58: N/A | AZ58: N/A | BA58: N/A | BB58: N/A | BC58: N/A | BD58: =Sheet1!$H$4 -> 15.735716 | BE58: 1.9975 | BF58: =BD58*BE58 -> 31.432092
A59: 58 | B59: 12224A25-120-ST-1016 | C59: 0 | D59: *C | E59: EAST-WEST PIPERACK SEC 2 | F59: 05220 | G59: *S | H59: 100 | I59: 12020B | J59: W10X26 | K59: 2 | L59: =K59*BF59 -> 8.3974838 | M59: TN | AH59: MED | AI59: ST-100-002 | AJ59: 1 | AN59: 0.05 | AO59: 0.05 | AP59: 0.15 | AQ59: 0.2 | AR59: 0.2 | AS59: 0.2 | AT59: 0.1 | AU59: 0.05 | AV59: 100 | AW59: N/A | AX59: N/A | AY59: N/A | AZ59: N/A | BA59: N/A | BB59: N/A | BC59: N/A | BD59: =Sheet1!$H$3 -> 18.948477 | BE59: 0.2215873 | BF59: =BD59*BE59 -> 4.1987419
A60: 59 | B60: 12224A25-120-ST-1017 | C60: 2 | D60: *C | E60: EAST-WEST PIPERACK SEC 3 | F60: 05220 | G60: *S | H60: 100 | I60: 10020C | J60: W10X49 | K60: 1 | L60: =K60*BF60 -> 8.8439536 | M60: TN | R60: Receive | T60: Shake Out | V60: PreAssemble | X60: Erect | Z60: Bolt Up | AB60: Impact | AD60: Punch | AF60: Sell Off | AH60: HVY | AI60: ST-100-003 | AJ60: 1 | AN60: 0.05 | AO60: 0.05 | AP60: 0.15 | AQ60: 0.2 | AR60: 0.2 | AS60: 0.2 | AT60: 0.1 | AU60: 0.05 | AV60: 100 | AW60: N/A | AX60: N/A | AY60: N/A | AZ60: N/A | BA60: N/A | BB60: N/A | BC60: N/A | BD60: =Sheet1!$H$4 -> 15.735716 | BE60: 0.5620306 | BF60: =BD60*BE60 -> 8.8439536
A61: 60 | B61: 12224A25-120-ST-1017 | C61: 0 | D61: *C | E61: EAST-WEST PIPERACK SEC 3 | F61: 05220 | G61: *S | H61: 100 | I61: 10021C | J61: W10X49 | K61: 1 | L61: =K61*BF61 -> 8.8439536 | M61: TN | R61: Receive | T61: Shake Out | V61: PreAssemble | X61: Erect | Z61: Bolt Up | AB61: Impact | AD61: Punch | AF61: Sell Off | AH61: HVY | AI61: ST-100-003 | AJ61: 1 | AN61: 0.05 | AO61: 0.05 | AP61: 0.15 | AQ61: 0.2 | AR61: 0.2 | AS61: 0.2 | AT61: 0.1 | AU61: 0.05 | AV61: 100 | AW61: N/A | AX61: N/A | AY61: N/A | AZ61: N/A | BA61: N/A | BB61: N/A | BC61: N/A | BD61: =Sheet1!$H$4 -> 15.735716 | BE61: 0.5620306 | BF61: =BD61*BE61 -> 8.8439536
A62: 61 | B62: 12224A25-120-ST-1017 | C62: 0 | D62: *C | E62: EAST-WEST PIPERACK SEC 3 | F62: 05220 | G62: *S | H62: 100 | I62: 10022C | J62: W10X49 | K62: 1 | L62: =K62*BF62 -> 8.8439536 | M62: TN | R62: Receive | T62: Shake Out | V62: PreAssemble | X62: Erect | Z62: Bolt Up | AB62: Impact | AD62: Punch | AF62: Sell Off | AH62: HVY | AI62: ST-100-003 | AJ62: 1 | AN62: 0.05 | AO62: 0.05 | AP62: 0.15 | AQ62: 0.2 | AR62: 0.2 | AS62: 0.2 | AT62: 0.1 | AU62: 0.05 | AV62: 100 | AW62: N/A | AX62: N/A | AY62: N/A | AZ62: N/A | BA62: N/A | BB62: N/A | BC62: N/A | BD62: =Sheet1!$H$4 -> 15.735716 | BE62: 0.5620306 | BF62: =BD62*BE62 -> 8.8439536
A63: 62 | B63: 12224A25-120-ST-1017 | C63: 0 | D63: *C | E63: EAST-WEST PIPERACK SEC 3 | F63: 05220 | G63: *S | H63: 100 | I63: 10023C | J63: W10X49 | K63: 1 | L63: =K63*BF63 -> 8.8439536 | M63: TN | R63: Receive | T63: Shake Out | V63: PreAssemble | X63: Erect | Z63: Bolt Up | AB63: Impact | AD63: Punch | AF63: Sell Off | AH63: HVY | AI63: ST-100-003 | AJ63: 1 | AN63: 0.05 | AO63: 0.05 | AP63: 0.15 | AQ63: 0.2 | AR63: 0.2 | AS63: 0.2 | AT63: 0.1 | AU63: 0.05 | AV63: 100 | AW63: N/A | AX63: N/A | AY63: N/A | AZ63: N/A | BA63: N/A | BB63: N/A | BC63: N/A | BD63: =Sheet1!$H$4 -> 15.735716 | BE63: 0.5620306 | BF63: =BD63*BE63 -> 8.8439536
A64: 63 | B64: 12224A25-120-ST-1017 | C64: 0 | D64: *C | E64: EAST-WEST PIPERACK SEC 3 | F64: 05220 | G64: *S | H64: 100 | I64: 10024C | J64: W10X49 | K64: 1 | L64: =K64*BF64 -> 8.8439536 | M64: TN | R64: Receive | T64: Shake Out | V64: PreAssemble | X64: Erect | Z64: Bolt Up | AB64: Impact | AD64: Punch | AF64: Sell Off | AH64: HVY | AI64: ST-100-003 | AJ64: 1 | AN64: 0.05 | AO64: 0.05 | AP64: 0.15 | AQ64: 0.2 | AR64: 0.2 | AS64: 0.2 | AT64: 0.1 | AU64: 0.05 | AV64: 100 | AW64: N/A | AX64: N/A | AY64: N/A | AZ64: N/A | BA64: N/A | BB64: N/A | BC64: N/A | BD64: =Sheet1!$H$4 -> 15.735716 | BE64: 0.5620306 | BF64: =BD64*BE64 -> 8.8439536
A65: 64 | B65: 12224A25-120-ST-1017 | C65: 0 | D65: *C | E65: EAST-WEST PIPERACK SEC 3 | F65: 05220 | G65: *S | H65: 100 | I65: 10025C | J65: W10X49 | K65: 1 | L65: =K65*BF65 -> 8.8439536 | M65: TN | R65: Receive | T65: Shake Out | V65: PreAssemble | X65: Erect | Z65: Bolt Up | AB65: Impact | AD65: Punch | AF65: Sell Off | AH65: HVY | AI65: ST-100-003 | AJ65: 1 | AN65: 0.05 | AO65: 0.05 | AP65: 0.15 | AQ65: 0.2 | AR65: 0.2 | AS65: 0.2 | AT65: 0.1 | AU65: 0.05 | AV65: 100 | AW65: N/A | AX65: N/A | AY65: N/A | AZ65: N/A | BA65: N/A | BB65: N/A | BC65: N/A | BD65: =Sheet1!$H$4 -> 15.735716 | BE65: 0.5620306 | BF65: =BD65*BE65 -> 8.8439536
A66: 65 | B66: 12224A25-120-ST-1017 | C66: 0 | D66: *C | E66: EAST-WEST PIPERACK SEC 3 | F66: 05220 | G66: *S | H66: 100 | I66: 10026C | J66: W10X49 | K66: 1 | L66: =K66*BF66 -> 8.8439536 | M66: TN | R66: Receive | T66: Shake Out | V66: PreAssemble | X66: Erect | Z66: Bolt Up | AB66: Impact | AD66: Punch | AF66: Sell Off | AH66: HVY | AI66: ST-100-003 | AJ66: 1 | AN66: 0.05 | AO66: 0.05 | AP66: 0.15 | AQ66: 0.2 | AR66: 0.2 | AS66: 0.2 | AT66: 0.1 | AU66: 0.05 | AV66: 100 | AW66: N/A | AX66: N/A | AY66: N/A | AZ66: N/A | BA66: N/A | BB66: N/A | BC66: N/A | BD66: =Sheet1!$H$4 -> 15.735716 | BE66: 0.5620306 | BF66: =BD66*BE66 -> 8.8439536
A67: 66 | B67: 12224A25-120-ST-1017 | C67: 0 | D67: *C | E67: EAST-WEST PIPERACK SEC 3 | F67: 05220 | G67: *S | H67: 100 | I67: 10027C | J67: W10 | K67: 1 | L67: =K67*BF67 -> 12.462687 | M67: TN | R67: Receive | T67: Shake Out | V67: PreAssemble | X67: Erect | Z67: Bolt Up | AB67: Impact | AD67: Punch | AF67: Sell Off | AH67: HVY | AI67: ST-100-003 | AJ67: 1 | AN67: 0.05 | AO67: 0.05 | AP67: 0.15 | AQ67: 0.2 | AR67: 0.2 | AS67: 0.2 | AT67: 0.1 | AU67: 0.05 | AV67: 100 | AW67: N/A | AX67: N/A | AY67: N/A | AZ67: N/A | BA67: N/A | BB67: N/A | BC67: N/A | BD67: =Sheet1!$H$4 -> 15.735716 | BE67: 0.792 | BF67: =BD67*BE67 -> 12.462687
A68: 67 | B68: 12224A25-120-ST-1017 | C68: 0 | D68: *C | E68: EAST-WEST PIPERACK SEC 3 | F68: 05220 | G68: *S | H68: 100 | I68: 10028C | J68: W10 | K68: 1 | L68: =K68*BF68 -> 12.462687 | M68: TN | R68: Receive | T68: Shake Out | V68: PreAssemble | X68: Erect | Z68: Bolt Up | AB68: Impact | AD68: Punch | AF68: Sell Off | AH68: HVY | AI68: ST-100-003 | AJ68: 1 | AN68: 0.05 | AO68: 0.05 | AP68: 0.15 | AQ68: 0.2 | AR68: 0.2 | AS68: 0.2 | AT68: 0.1 | AU68: 0.05 | AV68: 100 | AW68: N/A | AX68: N/A | AY68: N/A | AZ68: N/A | BA68: N/A | BB68: N/A | BC68: N/A | BD68: =Sheet1!$H$4 -> 15.735716 | BE68: 0.792 | BF68: =BD68*BE68 -> 12.462687
A69: 68 | B69: 12224A25-120-ST-1017 | C69: 0 | D69: *C | E69: EAST-WEST PIPERACK SEC 3 | F69: 05220 | G69: *S | H69: 100 | I69: 11010A | J69: WT5X11 | K69: 4 | L69: =K69*BF69 -> 4.7743888 | M69: TN | R69: Receive | T69: Shake Out | V69: PreAssemble | X69: Erect | Z69: Bolt Up | AB69: Impact | AD69: Punch | AF69: Sell Off | AH69: LGHT | AI69: ST-100-003 | AJ69: 1 | AN69: 0.05 | AO69: 0.05 | AP69: 0.15 | AQ69: 0.2 | AR69: 0.2 | AS69: 0.2 | AT69: 0.1 | AU69: 0.05 | AV69: 100 | AW69: N/A | AX69: N/A | AY69: N/A | AZ69: N/A | BA69: N/A | BB69: N/A | BC69: N/A | BD69: =Sheet1!$H$2 -> 21.859554 | BE69: 0.054603 | BF69: =BD69*BE69 -> 1.1935972
A70: 69 | B70: 12224A25-120-ST-1017 | C70: 0 | D70: *C | E70: EAST-WEST PIPERACK SEC 3 | F70: 05220 | G70: *S | H70: 100 | I70: 11011A | J70: WT5X11 | K70: 2 | L70: =K70*BF70 -> 2.3871944 | M70: TN | R70: Receive | T70: Shake Out | V70: PreAssemble | X70: Erect | Z70: Bolt Up | AB70: Impact | AD70: Punch | AF70: Sell Off | AH70: LGHT | AI70: ST-100-003 | AJ70: 1 | AN70: 0.05 | AO70: 0.05 | AP70: 0.15 | AQ70: 0.2 | AR70: 0.2 | AS70: 0.2 | AT70: 0.1 | AU70: 0.05 | AV70: 100 | AW70: N/A | AX70: N/A | AY70: N/A | AZ70: N/A | BA70: N/A | BB70: N/A | BC70: N/A | BD70: =Sheet1!$H$2 -> 21.859554 | BE70: 0.054603 | BF70: =BD70*BE70 -> 1.1935972
A71: 70 | B71: 12224A25-120-ST-1017 | C71: 0 | D71: *C | E71: EAST-WEST PIPERACK SEC 3 | F71: 05220 | G71: *S | H71: 100 | I71: 11019B TYPE 1 | K71: 1 | L71: =K71*BF71 -> 31.432092 | M71: TN | R71: Receive | T71: Shake Out | V71: PreAssemble | X71: Erect | Z71: Bolt Up | AB71: Impact | AD71: Punch | AF71: Sell Off | AH71: HVY | AI71: ST-100-003 | AJ71: 1 | AN71: 0.05 | AO71: 0.05 | AP71: 0.15 | AQ71: 0.2 | AR71: 0.2 | AS71: 0.2 | AT71: 0.1 | AU71: 0.05 | AV71: 100 | AW71: N/A | AX71: N/A | AY71: N/A | AZ71: N/A | BA71: N/A | BB71: N/A | BC71: N/A | BD71: =Sheet1!$H$4 -> 15.735716 | BE71: 1.9975 | BF71: =BD71*BE71 -> 31.432092
A72: 71 | B72: 12224A25-120-ST-1022 | C72: 0 | D72: *C | E72: EAST-WEST PIPERACK SEC 3 | F72: 05220 | G72: *S | H72: 100 | I72: 12001B | J72: W10X26 | K72: 21 | L72: =K72*BF72 -> 88.17358 | M72: TN | R72: Receive | T72: Shake Out | V72: PreAssemble | X72: Erect | Z72: Bolt Up | AB72: Impact | AD72: Punch | AF72: Sell Off | AH72: MED | AI72: ST-100-003 | AJ72: 1 | AN72: 0.05 | AO72: 0.05 | AP72: 0.15 | AQ72: 0.2 | AR72: 0.2 | AS72: 0.2 | AT72: 0.1 | AU72: 0.05 | AV72: 100 | AW72: N/A | AX72: N/A | AY72: N/A | AZ72: N/A | BA72: N/A | BB72: N/A | BC72: N/A | BD72: =Sheet1!$H$3 -> 18.948477 | BE72: 0.2215873 | BF72: =BD72*BE72 -> 4.1987419
A73: 72 | B73: 12224A25-120-ST-1017 | C73: 0 | D73: *C | E73: EAST-WEST PIPERACK SEC 3 | F73: 05220 | G73: *S | H73: 100 | I73: 12003B | J73: W10X26 | K73: 2 | L73: =K73*BF73 -> 8.3974838 | M73: TN | R73: Receive | T73: Shake Out | V73: PreAssemble | X73: Erect | Z73: Bolt Up | AB73: Impact | AD73: Punch | AF73: Sell Off | AH73: MED | AI73: ST-100-003 | AJ73: 1 | AN73: 0.05 | AO73: 0.05 | AP73: 0.15 | AQ73: 0.2 | AR73: 0.2 | AS73: 0.2 | AT73: 0.1 | AU73: 0.05 | AV73: 100 | AW73: N/A | AX73: N/A | AY73: N/A | AZ73: N/A | BA73: N/A | BB73: N/A | BC73: N/A | BD73: =Sheet1!$H$3 -> 18.948477 | BE73: 0.2215873 | BF73: =BD73*BE73 -> 4.1987419
A74: 73 | B74: 12224A25-120-ST-1017 | C74: 0 | D74: *C | E74: EAST-WEST PIPERACK SEC 3 | F74: 05220 | G74: *S | H74: 100 | I74: 12005B | J74: W10X26 | K74: 14 | L74: =K74*BF74 -> 58.782387 | M74: TN | R74: Receive | T74: Shake Out | V74: PreAssemble | X74: Erect | Z74: Bolt Up | AB74: Impact | AD74: Punch | AF74: Sell Off | AH74: MED | AI74: ST-100-003 | AJ74: 1 | AN74: 0.05 | AO74: 0.05 | AP74: 0.15 | AQ74: 0.2 | AR74: 0.2 | AS74: 0.2 | AT74: 0.1 | AU74: 0.05 | AV74: 100 | AW74: N/A | AX74: N/A | AY74: N/A | AZ74: N/A | BA74: N/A | BB74: N/A | BC74: N/A | BD74: =Sheet1!$H$3 -> 18.948477 | BE74: 0.2215873 | BF74: =BD74*BE74 -> 4.1987419
A75: 74 | B75: 12224A25-120-ST-1017 | C75: 0 | D75: *C | E75: EAST-WEST PIPERACK SEC 3 | F75: 05220 | G75: *S | H75: 100 | I75: 12008B | J75: W10X26 | K75: 2 | L75: =K75*BF75 -> 8.3974838 | M75: TN | R75: Receive | T75: Shake Out | V75: PreAssemble | X75: Erect | Z75: Bolt Up | AB75: Impact | AD75: Punch | AF75: Sell Off | AH75: MED | AI75: ST-100-003 | AJ75: 1 | AN75: 0.05 | AO75: 0.05 | AP75: 0.15 | AQ75: 0.2 | AR75: 0.2 | AS75: 0.2 | AT75: 0.1 | AU75: 0.05 | AV75: 100 | AW75: N/A | AX75: N/A | AY75: N/A | AZ75: N/A | BA75: N/A | BB75: N/A | BC75: N/A | BD75: =Sheet1!$H$3 -> 18.948477 | BE75: 0.2215873 | BF75: =BD75*BE75 -> 4.1987419
A76: 75 | B76: 12224A25-120-ST-1017 | C76: 0 | D76: *C | E76: EAST-WEST PIPERACK SEC 3 | F76: 05220 | G76: *S | H76: 100 | I76: 13000PL | K76: 4 | L76: =K76*BF76 -> 0.92116159 | M76: TN | R76: Receive | T76: Shake Out | V76: PreAssemble | X76: Erect | Z76: Bolt Up | AB76: Impact | AD76: Punch | AF76: Sell Off | AH76: LGHT | AI76: ST-100-003 | AJ76: 1 | AN76: 0.05 | AO76: 0.05 | AP76: 0.15 | AQ76: 0.2 | AR76: 0.2 | AS76: 0.2 | AT76: 0.1 | AU76: 0.05 | AV76: 100 | AW76: N/A | AX76: N/A | AY76: N/A | AZ76: N/A | BA76: N/A | BB76: N/A | BC76: N/A | BD76: =Sheet1!$H$2 -> 21.859554 | BE76: 0.010535 | BF76: =BD76*BE76 -> 0.2302904
A77: 76 | B77: 12224A25-120-ST-1017 | C77: 0 | D77: *C | E77: EAST-WEST PIPERACK SEC 3 | F77: 05220 | G77: *S | H77: 100 | I77: 20020C | J77: W10X49 | K77: 1 | L77: =K77*BF77 -> 8.8439536 | M77: TN | R77: Receive | T77: Shake Out | V77: PreAssemble | X77: Erect | Z77: Bolt Up | AB77: Impact | AD77: Punch | AF77: Sell Off | AH77: HVY | AI77: ST-100-003 | AJ77: 1 | AN77: 0.05 | AO77: 0.05 | AP77: 0.15 | AQ77: 0.2 | AR77: 0.2 | AS77: 0.2 | AT77: 0.1 | AU77: 0.05 | AV77: 100 | AW77: N/A | AX77: N/A | AY77: N/A | AZ77: N/A | BA77: N/A | BB77: N/A | BC77: N/A | BD77: =Sheet1!$H$4 -> 15.735716 | BE77: 0.5620306 | BF77: =BD77*BE77 -> 8.8439536
A78: 77 | B78: 12224A25-120-ST-1017 | C78: 0 | D78: *C | E78: EAST-WEST PIPERACK SEC 3 | F78: 05220 | G78: *S | H78: 100 | I78: 20021C | J78: W10X49 | K78: 1 | L78: =K78*BF78 -> 8.8439536 | M78: TN | R78: Receive | T78: Shake Out | V78: PreAssemble | X78: Erect | Z78: Bolt Up | AB78: Impact | AD78: Punch | AF78: Sell Off | AH78: HVY | AI78: ST-100-003 | AJ78: 1 | AN78: 0.05 | AO78: 0.05 | AP78: 0.15 | AQ78: 0.2 | AR78: 0.2 | AS78: 0.2 | AT78: 0.1 | AU78: 0.05 | AV78: 100 | AW78: N/A | AX78: N/A | AY78: N/A | AZ78: N/A | BA78: N/A | BB78: N/A | BC78: N/A | BD78: =Sheet1!$H$4 -> 15.735716 | BE78: 0.5620306 | BF78: =BD78*BE78 -> 8.8439536
A79: 78 | B79: 12224A25-120-ST-1017 | C79: 0 | D79: *C | E79: EAST-WEST PIPERACK SEC 3 | F79: 05220 | G79: *S | H79: 100 | I79: 20022C | J79: W10X49 | K79: 1 | L79: =K79*BF79 -> 8.8439536 | M79: TN | R79: Receive | T79: Shake Out | V79: PreAssemble | X79: Erect | Z79: Bolt Up | AB79: Impact | AD79: Punch | AF79: Sell Off | AH79: HVY | AI79: ST-100-003 | AJ79: 1 | AN79: 0.05 | AO79: 0.05 | AP79: 0.15 | AQ79: 0.2 | AR79: 0.2 | AS79: 0.2 | AT79: 0.1 | AU79: 0.05 | AV79: 100 | AW79: N/A | AX79: N/A | AY79: N/A | AZ79: N/A | BA79: N/A | BB79: N/A | BC79: N/A | BD79: =Sheet1!$H$4 -> 15.735716 | BE79: 0.5620306 | BF79: =BD79*BE79 -> 8.8439536
A80: 79 | B80: 12224A25-120-ST-1017 | C80: 0 | D80: *C | E80: EAST-WEST PIPERACK SEC 3 | F80: 05220 | G80: *S | H80: 100 | I80: 20023C | J80: W10X49 | K80: 1 | L80: =K80*BF80 -> 8.8439536 | M80: TN | R80: Receive | T80: Shake Out | V80: PreAssemble | X80: Erect | Z80: Bolt Up | AB80: Impact | AD80: Punch | AF80: Sell Off | AH80: HVY | AI80: ST-100-003 | AJ80: 1 | AN80: 0.05 | AO80: 0.05 | AP80: 0.15 | AQ80: 0.2 | AR80: 0.2 | AS80: 0.2 | AT80: 0.1 | AU80: 0.05 | AV80: 100 | AW80: N/A | AX80: N/A | AY80: N/A | AZ80: N/A | BA80: N/A | BB80: N/A | BC80: N/A | BD80: =Sheet1!$H$4 -> 15.735716 | BE80: 0.5620306 | BF80: =BD80*BE80 -> 8.8439536
A81: 80 | B81: 12224A25-120-ST-1017 | C81: 0 | D81: *C | E81: EAST-WEST PIPERACK SEC 3 | F81: 05220 | G81: *S | H81: 100 | I81: 20024C | J81: W10X49 | K81: 1 | L81: =K81*BF81 -> 8.8439536 | M81: TN | R81: Receive | T81: Shake Out | V81: PreAssemble | X81: Erect | Z81: Bolt Up | AB81: Impact | AD81: Punch | AF81: Sell Off | AH81: HVY | AI81: ST-100-003 | AJ81: 1 | AN81: 0.05 | AO81: 0.05 | AP81: 0.15 | AQ81: 0.2 | AR81: 0.2 | AS81: 0.2 | AT81: 0.1 | AU81: 0.05 | AV81: 100 | AW81: N/A | AX81: N/A | AY81: N/A | AZ81: N/A | BA81: N/A | BB81: N/A | BC81: N/A | BD81: =Sheet1!$H$4 -> 15.735716 | BE81: 0.5620306 | BF81: =BD81*BE81 -> 8.8439536
A82: 81 | B82: 12224A25-120-ST-1017 | C82: 0 | D82: *C | E82: EAST-WEST PIPERACK SEC 3 | F82: 05220 | G82: *S | H82: 100 | I82: 20025C | J82: W10X49 | K82: 1 | L82: =K82*BF82 -> 8.8439536 | M82: TN | R82: Receive | T82: Shake Out | V82: PreAssemble | X82: Erect | Z82: Bolt Up | AB82: Impact | AD82: Punch | AF82: Sell Off | AH82: HVY | AI82: ST-100-003 | AJ82: 1 | AN82: 0.05 | AO82: 0.05 | AP82: 0.15 | AQ82: 0.2 | AR82: 0.2 | AS82: 0.2 | AT82: 0.1 | AU82: 0.05 | AV82: 100 | AW82: N/A | AX82: N/A | AY82: N/A | AZ82: N/A | BA82: N/A | BB82: N/A | BC82: N/A | BD82: =Sheet1!$H$4 -> 15.735716 | BE82: 0.5620306 | BF82: =BD82*BE82 -> 8.8439536
A83: 82 | B83: 12224A25-120-ST-1017 | C83: 0 | D83: *C | E83: EAST-WEST PIPERACK SEC 3 | F83: 05220 | G83: *S | H83: 100 | I83: 20026C | J83: W10X49 | K83: 1 | L83: =K83*BF83 -> 8.8439536 | M83: TN | R83: Receive | T83: Shake Out | V83: PreAssemble | X83: Erect | Z83: Bolt Up | AB83: Impact | AD83: Punch | AF83: Sell Off | AH83: HVY | AI83: ST-100-003 | AJ83: 1 | AN83: 0.05 | AO83: 0.05 | AP83: 0.15 | AQ83: 0.2 | AR83: 0.2 | AS83: 0.2 | AT83: 0.1 | AU83: 0.05 | AV83: 100 | AW83: N/A | AX83: N/A | AY83: N/A | AZ83: N/A | BA83: N/A | BB83: N/A | BC83: N/A | BD83: =Sheet1!$H$4 -> 15.735716 | BE83: 0.5620306 | BF83: =BD83*BE83 -> 8.8439536
A84: 83 | B84: 12224A25-120-ST-1017 | C84: 0 | D84: *C | E84: EAST-WEST PIPERACK SEC 3 | F84: 05220 | G84: *S | H84: 100 | I84: 20027C | J84: W10 | K84: 1 | L84: =K84*BF84 -> 12.462687 | M84: TN | R84: Receive | T84: Shake Out | V84: PreAssemble | X84: Erect | Z84: Bolt Up | AB84: Impact | AD84: Punch | AF84: Sell Off | AH84: HVY | AI84: ST-100-003 | AJ84: 1 | AN84: 0.05 | AO84: 0.05 | AP84: 0.15 | AQ84: 0.2 | AR84: 0.2 | AS84: 0.2 | AT84: 0.1 | AU84: 0.05 | AV84: 100 | AW84: N/A | AX84: N/A | AY84: N/A | AZ84: N/A | BA84: N/A | BB84: N/A | BC84: N/A | BD84: =Sheet1!$H$4 -> 15.735716 | BE84: 0.792 | BF84: =BD84*BE84 -> 12.462687
A85: 84 | B85: 12224A25-120-ST-1017 | C85: 0 | D85: *C | E85: EAST-WEST PIPERACK SEC 3 | F85: 05220 | G85: *S | H85: 100 | I85: 20028C | J85: W10 | K85: 1 | L85: =K85*BF85 -> 12.462687 | M85: TN | R85: Receive | T85: Shake Out | V85: PreAssemble | X85: Erect | Z85: Bolt Up | AB85: Impact | AD85: Punch | AF85: Sell Off | AH85: HVY | AI85: ST-100-003 | AJ85: 1 | AN85: 0.05 | AO85: 0.05 | AP85: 0.15 | AQ85: 0.2 | AR85: 0.2 | AS85: 0.2 | AT85: 0.1 | AU85: 0.05 | AV85: 100 | AW85: N/A | AX85: N/A | AY85: N/A | AZ85: N/A | BA85: N/A | BB85: N/A | BC85: N/A | BD85: =Sheet1!$H$4 -> 15.735716 | BE85: 0.792 | BF85: =BD85*BE85 -> 12.462687
A86: 85 | B86: 12224A25-120-ST-1017 | C86: 0 | D86: *C | E86: EAST-WEST PIPERACK SEC 3 | F86: 05220 | G86: *S | H86: 100 | I86: 22018B TYPE 2 | K86: 1 | L86: =K86*BF86 -> 31.432092 | M86: TN | R86: Receive | T86: Shake Out | V86: PreAssemble | X86: Erect | Z86: Bolt Up | AB86: Impact | AD86: Punch | AF86: Sell Off | AH86: HVY | AI86: ST-100-003 | AJ86: 1 | AN86: 0.05 | AO86: 0.05 | AP86: 0.15 | AQ86: 0.2 | AR86: 0.2 | AS86: 0.2 | AT86: 0.1 | AU86: 0.05 | AV86: 100 | AW86: N/A | AX86: N/A | AY86: N/A | AZ86: N/A | BA86: N/A | BB86: N/A | BC86: N/A | BD86: =Sheet1!$H$4 -> 15.735716 | BE86: 1.9975 | BF86: =BD86*BE86 -> 31.432092
A87: 86 | B87: 12224A25-120-ST-1017 | C87: 0 | D87: *C | E87: EAST-WEST PIPERACK SEC 3 | F87: 05220 | G87: *S | H87: 100 | I87: 12020B | J87: W10X26 | K87: 2 | L87: =K87*BF87 -> 8.3974838 | M87: TN | AH87: MED | AI87: ST-100-003 | AJ87: 1 | AN87: 0.05 | AO87: 0.05 | AP87: 0.15 | AQ87: 0.2 | AR87: 0.2 | AS87: 0.2 | AT87: 0.1 | AU87: 0.05 | AV87: 100 | AW87: N/A | AX87: N/A | AY87: N/A | AZ87: N/A | BA87: N/A | BB87: N/A | BC87: N/A | BD87: =Sheet1!$H$3 -> 18.948477 | BE87: 0.2215873 | BF87: =BD87*BE87 -> 4.1987419
A88: 87 | B88: 12224A25-120-ST-1018 | C88: 0 | D88: *C | E88: EAST-WEST PIPERACK SEC 4 | F88: 05220 | G88: *S | H88: 100 | I88: 10029C | J88: W10X49 | K88: 1 | L88: =K88*BF88 -> 8.8439536 | M88: TN | R88: Receive | T88: Shake Out | V88: PreAssemble | X88: Erect | Z88: Bolt Up | AB88: Impact | AD88: Punch | AF88: Sell Off | AH88: HVY | AI88: ST-100-004 | AJ88: 1 | AN88: 0.05 | AO88: 0.05 | AP88: 0.15 | AQ88: 0.2 | AR88: 0.2 | AS88: 0.2 | AT88: 0.1 | AU88: 0.05 | AV88: 100 | AW88: N/A | AX88: N/A | AY88: N/A | AZ88: N/A | BA88: N/A | BB88: N/A | BC88: N/A | BD88: =Sheet1!$H$4 -> 15.735716 | BE88: 0.5620306 | BF88: =BD88*BE88 -> 8.8439536
A89: 88 | B89: 12224A25-120-ST-1018 | C89: 0 | D89: *C | E89: EAST-WEST PIPERACK SEC 4 | F89: 05220 | G89: *S | H89: 100 | I89: 10030C | J89: W10X49 | K89: 1 | L89: =K89*BF89 -> 8.8439536 | M89: TN | R89: Receive | T89: Shake Out | V89: PreAssemble | X89: Erect | Z89: Bolt Up | AB89: Impact | AD89: Punch | AF89: Sell Off | AH89: HVY | AI89: ST-100-004 | AJ89: 1 | AN89: 0.05 | AO89: 0.05 | AP89: 0.15 | AQ89: 0.2 | AR89: 0.2 | AS89: 0.2 | AT89: 0.1 | AU89: 0.05 | AV89: 100 | AW89: N/A | AX89: N/A | AY89: N/A | AZ89: N/A | BA89: N/A | BB89: N/A | BC89: N/A | BD89: =Sheet1!$H$4 -> 15.735716 | BE89: 0.5620306 | BF89: =BD89*BE89 -> 8.8439536
A90: 89 | B90: 12224A25-120-ST-1018 | C90: 0 | D90: *C | E90: EAST-WEST PIPERACK SEC 4 | F90: 05220 | G90: *S | H90: 100 | I90: 10031C | J90: W10X49 | K90: 1 | L90: =K90*BF90 -> 8.8439536 | M90: TN | R90: Receive | T90: Shake Out | V90: PreAssemble | X90: Erect | Z90: Bolt Up | AB90: Impact | AD90: Punch | AF90: Sell Off | AH90: HVY | AI90: ST-100-004 | AJ90: 1 | AN90: 0.05 | AO90: 0.05 | AP90: 0.15 | AQ90: 0.2 | AR90: 0.2 | AS90: 0.2 | AT90: 0.1 | AU90: 0.05 | AV90: 100 | AW90: N/A | AX90: N/A | AY90: N/A | AZ90: N/A | BA90: N/A | BB90: N/A | BC90: N/A | BD90: =Sheet1!$H$4 -> 15.735716 | BE90: 0.5620306 | BF90: =BD90*BE90 -> 8.8439536
A91: 90 | B91: 12224A25-120-ST-1018 | C91: 0 | D91: *C | E91: EAST-WEST PIPERACK SEC 4 | F91: 05220 | G91: *S | H91: 100 | I91: 10032C | J91: W10X49 | K91: 1 | L91: =K91*BF91 -> 8.8439536 | M91: TN | R91: Receive | T91: Shake Out | V91: PreAssemble | X91: Erect | Z91: Bolt Up | AB91: Impact | AD91: Punch | AF91: Sell Off | AH91: HVY | AI91: ST-100-004 | AJ91: 1 | AN91: 0.05 | AO91: 0.05 | AP91: 0.15 | AQ91: 0.2 | AR91: 0.2 | AS91: 0.2 | AT91: 0.1 | AU91: 0.05 | AV91: 100 | AW91: N/A | AX91: N/A | AY91: N/A | AZ91: N/A | BA91: N/A | BB91: N/A | BC91: N/A | BD91: =Sheet1!$H$4 -> 15.735716 | BE91: 0.5620306 | BF91: =BD91*BE91 -> 8.8439536
A92: 91 | B92: 12224A25-120-ST-1018 | C92: 0 | D92: *C | E92: EAST-WEST PIPERACK SEC 4 | F92: 05220 | G92: *S | H92: 100 | I92: 10033C | J92: W10X49 | K92: 1 | L92: =K92*BF92 -> 8.8439536 | M92: TN | R92: Receive | T92: Shake Out | V92: PreAssemble | X92: Erect | Z92: Bolt Up | AB92: Impact | AD92: Punch | AF92: Sell Off | AH92: HVY | AI92: ST-100-004 | AJ92: 1 | AN92: 0.05 | AO92: 0.05 | AP92: 0.15 | AQ92: 0.2 | AR92: 0.2 | AS92: 0.2 | AT92: 0.1 | AU92: 0.05 | AV92: 100 | AW92: N/A | AX92: N/A | AY92: N/A | AZ92: N/A | BA92: N/A | BB92: N/A | BC92: N/A | BD92: =Sheet1!$H$4 -> 15.735716 | BE92: 0.5620306 | BF92: =BD92*BE92 -> 8.8439536
A93: 92 | B93: 12224A25-120-ST-1018 | C93: 0 | D93: *C | E93: EAST-WEST PIPERACK SEC 4 | F93: 05220 | G93: *S | H93: 100 | I93: 10034C | J93: W10X49 | K93: 1 | L93: =K93*BF93 -> 8.8439536 | M93: TN | R93: Receive | T93: Shake Out | V93: PreAssemble | X93: Erect | Z93: Bolt Up | AB93: Impact | AD93: Punch | AF93: Sell Off | AH93: HVY | AI93: ST-100-004 | AJ93: 1 | AN93: 0.05 | AO93: 0.05 | AP93: 0.15 | AQ93: 0.2 | AR93: 0.2 | AS93: 0.2 | AT93: 0.1 | AU93: 0.05 | AV93: 100 | AW93: N/A | AX93: N/A | AY93: N/A | AZ93: N/A | BA93: N/A | BB93: N/A | BC93: N/A | BD93: =Sheet1!$H$4 -> 15.735716 | BE93: 0.5620306 | BF93: =BD93*BE93 -> 8.8439536
A94: 93 | B94: 12224A25-120-ST-1018 | C94: 0 | D94: *C | E94: EAST-WEST PIPERACK SEC 4 | F94: 05220 | G94: *S | H94: 100 | I94: 10035C | J94: W10X49 | K94: 1 | L94: =K94*BF94 -> 8.8439536 | M94: TN | R94: Receive | T94: Shake Out | V94: PreAssemble | X94: Erect | Z94: Bolt Up | AB94: Impact | AD94: Punch | AF94: Sell Off | AH94: HVY | AI94: ST-100-004 | AJ94: 1 | AN94: 0.05 | AO94: 0.05 | AP94: 0.15 | AQ94: 0.2 | AR94: 0.2 | AS94: 0.2 | AT94: 0.1 | AU94: 0.05 | AV94: 100 | AW94: N/A | AX94: N/A | AY94: N/A | AZ94: N/A | BA94: N/A | BB94: N/A | BC94: N/A | BD94: =Sheet1!$H$4 -> 15.735716 | BE94: 0.5620306 | BF94: =BD94*BE94 -> 8.8439536
A95: 94 | B95: 12224A25-120-ST-1018 | C95: 0 | D95: *C | E95: EAST-WEST PIPERACK SEC 4 | F95: 05220 | G95: *S | H95: 100 | I95: 11010A | J95: WT5X11 | K95: 4 | L95: =K95*BF95 -> 4.7743888 | M95: TN | R95: Receive | T95: Shake Out | V95: PreAssemble | X95: Erect | Z95: Bolt Up | AB95: Impact | AD95: Punch | AF95: Sell Off | AH95: LGHT | AI95: ST-100-004 | AJ95: 1 | AN95: 0.05 | AO95: 0.05 | AP95: 0.15 | AQ95: 0.2 | AR95: 0.2 | AS95: 0.2 | AT95: 0.1 | AU95: 0.05 | AV95: 100 | AW95: N/A | AX95: N/A | AY95: N/A | AZ95: N/A | BA95: N/A | BB95: N/A | BC95: N/A | BD95: =Sheet1!$H$2 -> 21.859554 | BE95: 0.054603 | BF95: =BD95*BE95 -> 1.1935972
A96: 95 | B96: 12224A25-120-ST-1018 | C96: 0 | D96: *C | E96: EAST-WEST PIPERACK SEC 4 | F96: 05220 | G96: *S | H96: 100 | I96: 11011A | J96: WT5X11 | K96: 2 | L96: =K96*BF96 -> 2.3871944 | M96: TN | R96: Receive | T96: Shake Out | V96: PreAssemble | X96: Erect | Z96: Bolt Up | AB96: Impact | AD96: Punch | AF96: Sell Off | AH96: LGHT | AI96: ST-100-004 | AJ96: 1 | AN96: 0.05 | AO96: 0.05 | AP96: 0.15 | AQ96: 0.2 | AR96: 0.2 | AS96: 0.2 | AT96: 0.1 | AU96: 0.05 | AV96: 100 | AW96: N/A | AX96: N/A | AY96: N/A | AZ96: N/A | BA96: N/A | BB96: N/A | BC96: N/A | BD96: =Sheet1!$H$2 -> 21.859554 | BE96: 0.054603 | BF96: =BD96*BE96 -> 1.1935972
A97: 96 | B97: 12224A25-120-ST-1022 | C97: 0 | D97: *C | E97: EAST-WEST PIPERACK SEC 4 | F97: 05220 | G97: *S | H97: 100 | I97: 12001B | J97: W10X49 | K97: 21 | L97: =K97*BF97 -> 185.72303 | M97: TN | R97: Receive | T97: Shake Out | V97: PreAssemble | X97: Erect | Z97: Bolt Up | AB97: Impact | AD97: Punch | AF97: Sell Off | AH97: HVY | AI97: ST-100-004 | AJ97: 1 | AN97: 0.05 | AO97: 0.05 | AP97: 0.15 | AQ97: 0.2 | AR97: 0.2 | AS97: 0.2 | AT97: 0.1 | AU97: 0.05 | AV97: 100 | AW97: N/A | AX97: N/A | AY97: N/A | AZ97: N/A | BA97: N/A | BB97: N/A | BC97: N/A | BD97: =Sheet1!$H$4 -> 15.735716 | BE97: 0.5620306 | BF97: =BD97*BE97 -> 8.8439536
A98: 97 | B98: 12224A25-120-ST-1018 | C98: 0 | D98: *C | E98: EAST-WEST PIPERACK SEC 4 | F98: 05220 | G98: *S | H98: 100 | I98: 12020B | J98: W10X26 | K98: 2 | L98: =K98*BF98 -> 8.3974838 | M98: TN | R98: Receive | T98: Shake Out | V98: PreAssemble | X98: Erect | Z98: Bolt Up | AB98: Impact | AD98: Punch | AF98: Sell Off | AH98: MED | AI98: ST-100-004 | AJ98: 1 | AN98: 0.05 | AO98: 0.05 | AP98: 0.15 | AQ98: 0.2 | AR98: 0.2 | AS98: 0.2 | AT98: 0.1 | AU98: 0.05 | AV98: 100 | AW98: N/A | AX98: N/A | AY98: N/A | AZ98: N/A | BA98: N/A | BB98: N/A | BC98: N/A | BD98: =Sheet1!$H$3 -> 18.948477 | BE98: 0.2215873 | BF98: =BD98*BE98 -> 4.1987419
A99: 98 | B99: 12224A25-120-ST-1018 | C99: 0 | D99: *C | E99: EAST-WEST PIPERACK SEC 4 | F99: 05220 | G99: *S | H99: 100 | I99: 12007B | J99: W10X26 | K99: 12 | L99: =K99*BF99 -> 50.384903 | M99: TN | R99: Receive | T99: Shake Out | V99: PreAssemble | X99: Erect | Z99: Bolt Up | AB99: Impact | AD99: Punch | AF99: Sell Off | AH99: MED | AI99: ST-100-004 | AJ99: 1 | AN99: 0.05 | AO99: 0.05 | AP99: 0.15 | AQ99: 0.2 | AR99: 0.2 | AS99: 0.2 | AT99: 0.1 | AU99: 0.05 | AV99: 100 | AW99: N/A | AX99: N/A | AY99: N/A | AZ99: N/A | BA99: N/A | BB99: N/A | BC99: N/A | BD99: =Sheet1!$H$3 -> 18.948477 | BE99: 0.2215873 | BF99: =BD99*BE99 -> 4.1987419
A100: 99 | B100: 12224A25-120-ST-1018 | C100: 0 | D100: *C | E100: EAST-WEST PIPERACK SEC 4 | F100: 05220 | G100: *S | H100: 100 | I100: 12009B | J100: W10X26 | K100: 2 | L100: =K100*BF100 -> 8.3974838 | M100: TN | R100: Receive | T100: Shake Out | V100: PreAssemble | X100: Erect | Z100: Bolt Up | AB100: Impact | AD100: Punch | AF100: Sell Off | AH100: MED | AI100: ST-100-004 | AJ100: 1 | AN100: 0.05 | AO100: 0.05 | AP100: 0.15 | AQ100: 0.2 | AR100: 0.2 | AS100: 0.2 | AT100: 0.1 | AU100: 0.05 | AV100: 100 | AW100: N/A | AX100: N/A | AY100: N/A | AZ100: N/A | BA100: N/A | BB100: N/A | BC100: N/A | BD100: =Sheet1!$H$3 -> 18.948477 | BE100: 0.2215873 | BF100: =BD100*BE100 -> 4.1987419
...

Sheet Sheet2
B2: IWP | C2: CAREA | D2: Line Area | E2: Manhours | F2: Footage
B4: ST-100-001 | C4: EAST-WEST PIPERACK SEC 1 | D4: 100 | E4: 464
B5: ST-100-002 | C5: EAST-WEST PIPERACK SEC 2 (BENT 01-108 THRU 01-114) | D5: 100 | E5: 459
B6: ST-100-003 | C6: EAST-WEST PIPERACK SEC 3 (BENT 01-115 THRU 01-121) | D6: 100 | E6: 417
B7: ST-100-004 | C7: EAST-WEST PIPERACK SEC 4 (BENT 01-122 THRU 01-128) | D7: 100 | E7: 385
B8: ST-100-005 | C8: EAST-WEST PIPE BRIDGE 1 (PB 01-101 THRU 01-102) | D8: 100 | E8: 99
B9: ST-100-006 | C9: EAST-WEST PIPE BRIDGE 2 (PB 02-101 THRU 02-102) | D9: 100 | E9: 99
B10: ST-100-007 | C10: EAST-WEST PIPE BRIDGE 3 (PB 03-101 THRU 02-103) | D10: 100 | E10: 99
B11: ST-100-008 | C11: MCC BUILDING PIPERACK (MC 01-101 THRU 01-107) | D11: 404 | E11: 87
B12: ST-200-001 | C12: NORTH-SOUTH PIPERACK SEC 1 (BENT 02-201 THRU 02-203) | D12: 200 | E12: 227
B13: ST-200-002 | C13: NORTH-SOUTH PIPERACK SEC 2 (BENT 01-201 THRU 02-206) | D13: 200 | E13: 291
B14: ST-200-003 | C14: NORTH-SOUTH PIPERACK SEC 3 (BENT 01-207 THRU 02-217) | D14: 200 | E14: 421
B15: ST-200-004 | C15: NORTH -SOUTH BRIDGE 1 (PB 04-201 THRU 04-202) | D15: 200 | E15: 99
... B18: ST-300-003 | C18: NORTH- SOUTH PIPE BRIDGE 1 (PB 05-301 THRU 05-302) | D18: 300 | E18: 99

Sheet Sheet1
B1: Type | C1: Cost Code | D1: Base U/R | E1: PF Adjust | F1: PF U/R | H1: check
B2: Structural- LIGHT | C2: 05220 | D2: 26.363636 | E2: 1.19 | F2: =D2*E2 -> 31.372727 | H2: 21.859554
B3: Structural-MEDUIM | C3: 05220 | D3: 23.636364 | E3: 1.19 | F3: =D3*E3 -> 28.127273 | H3: 18.948477
B4: Structural-HEAVY | C4: 05220 | D4: 20 | E4: 1.19 | F4: =D4*E4 -> 23.8 | H4: 15.735716
