Workbook
Name Database_Area: #REF!
Name Database_Area: #REF!
Name OPENED_OR_CLOSED: #REF!
Name OPENED_OR_CLOSED: #REF!

Sheet Pipe Audit
A1: RECORD # | B1: DRAWING | C1: Rev | D1: SCHED_ID | E1: Cost Area | F1: Cost Code | G1: SYS | H1: Line Area | I1: SPOOL / FR | J1: SIZE | K1: FLD QTY Ftg | L1: IFC WHRS | M1: UOM | N1: Pipe Spec | O1: Earned Qtys Footage | P1: Earned IFC WHRS | Q1: Rec' 2% | R1: M1 Desc | S1: Stage 3% | T1: M2 Desc | U1: Erect/ Install 20% | V1: M3 Desc | W1: Conn 30% | X1: M4 Desc | Y1: Support/ Jeep Trace 10% | Z1: M5 Desc | AA1: Punch 10% | AB1: M6 Desc | AC1: Test 15% | AD1: M7 Desc | AE1: Post 10% | AF1: M8 Desc | AG1: TEST PKG 1 | AH1: CWP | AI1: IWP_ No | AJ1: SPOOLS | AK1: FOREMAN | AL1: GF | AM1: WHRS_ UNIT | AN1: M1 | AO1: M2 | AP1: M3 | AQ1: M4 | AR1: M5 | AS1: M6 | AT1: M7 | AU1: M8 | AV1: VAR Area | AW1: paint_ spec | AX1: Insul Spec | AY1: Heat Trace Spec | AZ1: TA_ BANK | BA1: TA_ BAY | BB1: TA_ LEVEL | BC1: INT | BD1: TOTAL CONSTRUCTION WHRS | BE1: EARNED CONSTRUCTION WHRS | BF1: REMAINING CONSTRUCTION HRS | BG1: EARNED PUNCH WHRS | BH1: EARNED TEST WHRS | BI1: EARNED POST WHRS | BJ1: TEST & POST WHRS | BK1: EARNED PUNCH, TEST, POST HRS | BL1: Earned Erected A/G Footage | BM1: Construction HRS % Complete | BN1: TOTAL CONSTRUCTION QTYS | BO1: EARNED CONSTRUCTION QTYS | BP1: REMAINING CONSTRUCTION QTYS
O2: =P2/AM2 -> #DIV/0! | P2: =L2*Q2*AN2+L2*S2*AO2+L2*U2*AP2+L2*W2*AQ2+L2*Y2*AR2+L2*AA2*AS2+L2*AC2*AT2+L2*AE2*AU2 -> 0 | BD2: =$L2*$AN2+$L2*$AO2+$L2*$AP2+$L2*$AQ2+$L2*$AR2 -> 0 | BE2: =$L2*$Q2*$AN2+$L2*$S2*$AO2+$L2*$U2*$AP2+$L2*$W2*$AQ2+$L2*$Y2*$AR2 -> 0 | BF2: =BD2-BE2 -> 0 | BG2: =L2*AA2*AS2 -> 0 | BH2: =L2*AC2*AT2 -> 0 | BI2: =L2*AE2*AU2 -> 0 | BJ2: =BH2+BI2 -> 0 | BK2: =BG2+BH2+BI2 -> 0 | BL2: =K2*U2 -> 0 | BM2: =BE2/BD2 -> #DIV/0! | BN2: =$K2*$AN2+$K2*$AO2+$K2*$AP2+$K2*$AQ2+$K2*$AR2 -> 0 | BO2: =$K2*$Q2*$AN2+$K2*$S2*$AO2+$K2*$U2*$AP2+$K2*$W2*$AQ2+$K2*$Y2*$AR2 -> 0 | BP2: =BN2-BO2 -> 0
A3: 1 | B3: 120-DR-590-SHT01 | C3: 1 | D3: CN-2760 | F3: 08331 | G3: DR | H3: DRAINS DRR DRIPS RETURN | I3: 120-DR-590-SHT01-1 | J3: 02 | K3: 131 | L3: 5.06 | M3: LF | N3: 01HDPE | O3: =P3/AM3 -> #DIV/0! | P3: =L3*Q3*AN3+L3*S3*AO3+L3*U3*AP3+L3*W3*AQ3+L3*Y3*AR3+L3*AA3*AS3+L3*AC3*AT3+L3*AE3*AU3 -> 10.12 | Q3: 100 | R3: Receive | T3: Stage | V3: Erect | X3: Connect | Z3: Jeep/Trace | AB3: Mech. Sell Off | AD3: Test | AF3: Post | AJ3: 1 | AK3: Bob | AN3: 0.02 | AO3: 0.03 | AP3: 0.2 | AQ3: 0.3 | AR3: 0.1 | AS3: 0.1 | AT3: 0.15 | AU3: 0.1 | AV3: 120 | AW3: N/A | AX3: N/A | AY3: N/A | BD3: =#REF!*#REF!+#REF!*#REF!+#REF!*#REF!+#REF!*#REF!+#REF!*#REF! -> #REF! | BE3: =#REF!*#REF!*#REF!+#REF!*#REF!*#REF!+#REF!*#REF!*#REF!+#REF!*#REF!*#REF!+#REF!*#REF!*#REF! -> #REF! | BF3: =BD3-BE3 -> #REF! | BG3: =#REF!*#REF!*#REF! -> #REF! | BH3: =#REF!*#REF!*#REF! -> #REF! | BI3: =#REF!*#REF!*#REF! -> #REF! | BJ3: =BH3+BI3 -> #REF! | BK3: =BG3+BH3+BI3 -> #REF! | BL3: =#REF!*#REF! -> #REF! | BM3: =BE3/BD3 -> #REF! | BN3: =#REF!*#REF!+#REF!*#REF!+#REF!*#REF!+#REF!*#REF!+#REF!*#REF! -> #REF! | BO3: =#REF!*#REF!*#REF!+#REF!*#REF!*#REF!+#REF!*#REF!*#REF!+#REF!*#REF!*#REF!+#REF!*#REF!*#REF! -> #REF! | BP3: =BN3-BO3 -> #REF!
A4: 2 | B4: 120-DR-590-SHT02 | C4: 0 | D4: CN-2760 | F4: 08331 | G4: DR | H4: DRAINS DRR DRIPS RETURN | I4: 120-DR-590-SHT02-1 | J4: 02 | K4: 208 | M4: LF | N4: 01HDPE | O4: =P4/AM4 -> #DIV/0! | P4: =L4*Q4*AN4+L4*S4*AO4+L4*U4*AP4+L4*W4*AQ4+L4*Y4*AR4+L4*AA4*AS4+L4*AC4*AT4+L4*AE4*AU4 -> 0 | R4: Receive | T4: Stage | V4: Erect | X4: Connect | Z4: Jeep/Trace | AB4: Mech. Sell Off | AD4: Test | AF4: Post | AJ4: 1 | AK4: Jose | AN4: 0.02 | AO4: 0.03 | AP4: 0.2 | AQ4: 0.3 | AR4: 0.1 | AS4: 0.1 | AT4: 0.15 | AU4: 0.1 | AV4: 120 | AW4: N/A | AX4: N/A | AY4: N/A | BD4: =#REF!*#REF!+#REF!*#REF!+#REF!*#REF!+#REF!*#REF!+#REF!*#REF! -> #REF! | BE4: =#REF!*#REF!*#REF!+#REF!*#REF!*#REF!+#REF!*#REF!*#REF!+#REF!*#REF!*#REF!+#REF!*#REF!*#REF! -> #REF! | BF4: =BD4-BE4 -> #REF! | BG4: =#REF!*#REF!*#REF! -> #REF! | BH4: =#REF!*#REF!*#REF! -> #REF! | BI4: =#REF!*#REF!*#REF! -> #REF! | BJ4: =BH4+BI4 -> #REF! | BK4: =BG4+BH4+BI4 -> #REF! | BL4: =#REF!*#REF! -> #REF! | BM4: =BE4/BD4 -> #REF! | BN4: =#REF!*#REF!+#REF!*#REF!+#REF!*#REF!+#REF!*#REF!+#REF!*#REF! -> #REF! | BO4: =#REF!*#REF!*#REF!+#REF!*#REF!*#REF!+#REF!*#REF!*#REF!+#REF!*#REF!*#REF!+#REF!*#REF!*#REF! -> #REF! | BP4: =BN4-BO4 -> #REF!
A5: 3 | B5: 120-DR-591-SHT01 | C5: 1 | D5: CN-2760 | F5: 08331 | G5: DR | H5: DRAINS DRR DRIPS RETURN | I5: 120-DR-591-SHT01-1 | J5: 02 | K5: 137 | M5: LF | N5: 01HDPE | O5: =P5/AM5 -> #DIV/0! | P5: =L5*Q5*AN5+L5*S5*AO5+L5*U5*AP5+L5*W5*AQ5+L5*Y5*AR5+L5*AA5*AS5+L5*AC5*AT5+L5*AE5*AU5 -> 0 | R5: Receive | T5: Stage | V5: Erect | X5: Connect | Z5: Jeep/Trace | AB5: Mech. Sell Off | AD5: Test | AF5: Post | AJ5: 1 | AK5: Juan | AN5: 0.02 | AO5: 0.03 | AP5: 0.2 | AQ5: 0.3 | AR5: 0.1 | AS5: 0.1 | AT5: 0.15 | AU5: 0.1 | AV5: 120 | AW5: N/A | AX5: N/A | AY5: N/A | BD5: =#REF!*#REF!+#REF!*#REF!+#REF!*#REF!+#REF!*#REF!+#REF!*#REF! -> #REF! | BE5: =#REF!*#REF!*#REF!+#REF!*#REF!*#REF!+#REF!*#REF!*#REF!+#REF!*#REF!*#REF!+#REF!*#REF!*#REF! -> #REF! | BF5: =BD5-BE5 -> #REF! | BG5: =#REF!*#REF!*#REF! -> #REF! | BH5: =#REF!*#REF!*#REF! -> #REF! | BI5: =#REF!*#REF!*#REF! -> #REF! | BJ5: =BH5+BI5 -> #REF! | BK5: =BG5+BH5+BI5 -> #REF! | BL5: =#REF!*#REF! -> #REF! | BM5: =BE5/BD5 -> #REF! | BN5: =#REF!*#REF!+#REF!*#REF!+#REF!*#REF!+#REF!*#REF!+#REF!*#REF! -> #REF! | BO5: =#REF!*#REF!*#REF!+#REF!*#REF!*#REF!+#REF!*#REF!*#REF!+#REF!*#REF!*#REF!+#REF!*#REF!*#REF! -> #REF! | BP5: =BN5-BO5 -> #REF!
A6: 4 | B6: 120-DR-591-SHT02 | C6: 0 | D6: CN-2760 | F6: 08331 | G6: DR | H6: DRAINS DRR DRIPS RETURN | I6: 120-DR-591-SHT02-1 | J6: 02 | K6: 218 | M6: LF | N6: 01HDPE | O6: =P6/AM6 -> #DIV/0! | P6: =L6*Q6*AN6+L6*S6*AO6+L6*U6*AP6+L6*W6*AQ6+L6*Y6*AR6+L6*AA6*AS6+L6*AC6*AT6+L6*AE6*AU6 -> 0 | R6: Receive | T6: Stage | V6: Erect | X6: Connect | Z6: Jeep/Trace | AB6: Mech. Sell Off | AD6: Test | AF6: Post | AJ6: 1 | AK6: Jerry | AN6: 0.02 | AO6: 0.03 | AP6: 0.2 | AQ6: 0.3 | AR6: 0.1 | AS6: 0.1 | AT6: 0.15 | AU6: 0.1 | AV6: 120 | AW6: N/A | AX6: N/A | AY6: N/A | BD6: =#REF!*#REF!+#REF!*#REF!+#REF!*#REF!+#REF!*#REF!+#REF!*#REF! -> #REF! | BE6: =#REF!*#REF!*#REF!+#REF!*#REF!*#REF!+#REF!*#REF!*#REF!+#REF!*#REF!*#REF!+#REF!*#REF!*#REF! -> #REF! | BF6: =BD6-BE6 -> #REF! | BG6: =#REF!*#REF!*#REF! -> #REF! | BH6: =#REF!*#REF!*#REF! -> #REF! | BI6: =#REF!*#REF!*#REF! -> #REF! | BJ6: =BH6+BI6 -> #REF! | BK6: =BG6+BH6+BI6 -> #REF! | BL6: =#REF!*#REF! -> #REF! | BM6: =BE6/BD6 -> #REF! | BN6: =#REF!*#REF!+#REF!*#REF!+#REF!*#REF!+#REF!*#REF!+#REF!*#REF! -> #REF! | BO6: =#REF!*#REF!*#REF!+#REF!*#REF!*#REF!+#REF!*#REF!*#REF!+#REF!*#REF!*#REF!+#REF!*#REF!*#REF! -> #REF! | BP6: =BN6-BO6 -> #REF!
A7: 5 | B7: 120-GTD-501-SHT01 | C7: 0 | D7: CN-2880 | F7: 08331 | G7: GTD | H7: GAS TURBINE DRAINS | I7: 120-GTD-501-SHT01-1 | J7: 02 | K7: 8 | M7: LF | N7: 01HDPE | O7: =P7/AM7 -> #DIV/0! | P7: =L7*Q7*AN7+L7*S7*AO7+L7*U7*AP7+L7*W7*AQ7+L7*Y7*AR7+L7*AA7*AS7+L7*AC7*AT7+L7*AE7*AU7 -> 0 | R7: Receive | T7: Stage | V7: Erect | X7: Connect | Z7: Jeep/Trace | AB7: Mech. Sell Off | AD7: Test | AF7: Post | AI7: PI-401-002 | AJ7: 1 | AK7: Sandra | AN7: 0.02 | AO7: 0.03 | AP7: 0.2 | AQ7: 0.3 | AR7: 0.1 | AS7: 0.1 | AT7: 0.15 | AU7: 0.1 | AV7: 401 | AW7: N/A | AX7: N/A | AY7: N/A | BD7: =#REF!*#REF!+#REF!*#REF!+#REF!*#REF!+#REF!*#REF!+#REF!*#REF! -> #REF! | BE7: =#REF!*#REF!*#REF!+#REF!*#REF!*#REF!+#REF!*#REF!*#REF!+#REF!*#REF!*#REF!+#REF!*#REF!*#REF! -> #REF! | BF7: =BD7-BE7 -> #REF! | BG7: =#REF!*#REF!*#REF! -> #REF! | BH7: =#REF!*#REF!*#REF! -> #REF! | BI7: =#REF!*#REF!*#REF! -> #REF! | BJ7: =BH7+BI7 -> #REF! | BK7: =BG7+BH7+BI7 -> #REF! | BL7: =#REF!*#REF! -> #REF! | BM7: =BE7/BD7 -> #REF! | BN7: =#REF!*#REF!+#REF!*#REF!+#REF!*#REF!+#REF!*#REF!+#REF!*#REF! -> #REF! | BO7: =#REF!*#REF!*#REF!+#REF!*#REF!*#REF!+#REF!*#REF!*#REF!+#REF!*#REF!*#REF!+#REF!*#REF!*#REF! -> #REF! | BP7: =BN7-BO7 -> #REF!
A8: 6 | B8: 120-GTD-501-SHT01 | C8: 0 | D8: CN-2880 | F8: 08332 | G8: GTD | H8: GAS TURBINE DRAINS | I8: 120-GTD-501-SHT01-2 | J8: 06 | K8: 44 | M8: LF | N8: 01HDPE | O8: =P8/AM8 -> #DIV/0! | P8: =L8*Q8*AN8+L8*S8*AO8+L8*U8*AP8+L8*W8*AQ8+L8*Y8*AR8+L8*AA8*AS8+L8*AC8*AT8+L8*AE8*AU8 -> 0 | R8: Receive | T8: Stage | V8: Erect | X8: Connect | Z8: Jeep/Trace | AB8: Mech. Sell Off | AD8: Test | AF8: Post | AI8: PI-401-002 | AJ8: 1 | AK8: Bob | AN8: 0.02 | AO8: 0.03 | AP8: 0.2 | AQ8: 0.3 | AR8: 0.1 | AS8: 0.1 | AT8: 0.15 | AU8: 0.1 | AV8: 401 | AW8: N/A | AX8: N/A | AY8: N/A | BD8: =#REF!*#REF!+#REF!*#REF!+#REF!*#REF!+#REF!*#REF!+#REF!*#REF! -> #REF! | BE8: =#REF!*#REF!*#REF!+#REF!*#REF!*#REF!+#REF!*#REF!*#REF!+#REF!*#REF!*#REF!+#REF!*#REF!*#REF! -> #REF! | BF8: =BD8-BE8 -> #REF! | BG8: =#REF!*#REF!*#REF! -> #REF! | BH8: =#REF!*#REF!*#REF! -> #REF! | BI8: =#REF!*#REF!*#REF! -> #REF! | BJ8: =BH8+BI8 -> #REF! | BK8: =BG8+BH8+BI8 -> #REF! | BL8: =#REF!*#REF! -> #REF! | BM8: =BE8/BD8 -> #REF! | BN8: =#REF!*#REF!+#REF!*#REF!+#REF!*#REF!+#REF!*#REF!+#REF!*#REF! -> #REF! | BO8: =#REF!*#REF!*#REF!+#REF!*#REF!*#REF!+#REF!*#REF!*#REF!+#REF!*#REF!*#REF!+#REF!*#REF!*#REF! -> #REF! | BP8: =BN8-BO8 -> #REF!
A9: 7 | B9: 120-GTD-501-SHT02 | C9: 0 | D9: CN-2880 | F9: 08332 | G9: GTD | H9: GAS TURBINE DRAINS | I9: 120-GTD-501-SHT02-1 | J9: 06 | K9: 33 | M9: LF | N9: 01HDPE | O9: =P9/AM9 -> #DIV/0! | P9: =L9*Q9*AN9+L9*S9*AO9+L9*U9*AP9+L9*W9*AQ9+L9*Y9*AR9+L9*AA9*AS9+L9*AC9*AT9+L9*AE9*AU9 -> 0 | R9: Receive | T9: Stage | V9: Erect | X9: Connect | Z9: Jeep/Trace | AB9: Mech. Sell Off | AD9: Test | AF9: Post | AI9: PI-401-002 | AJ9: 1 | AK9: Jose | AN9: 0.02 | AO9: 0.03 | AP9: 0.2 | AQ9: 0.3 | AR9: 0.1 | AS9: 0.1 | AT9: 0.15 | AU9: 0.1 | AV9: 401 | AW9: N/A | AX9: N/A | AY9: N/A | BD9: =#REF!*#REF!+#REF!*#REF!+#REF!*#REF!+#REF!*#REF!+#REF!*#REF! -> #REF! | BE9: =#REF!*#REF!*#REF!+#REF!*#REF!*#REF!+#REF!*#REF!*#REF!+#REF!*#REF!*#REF!+#REF!*#REF!*#REF! -> #REF! | BF9: =BD9-BE9 -> #REF! | BG9: =#REF!*#REF!*#REF! -> #REF! | BH9: =#REF!*#REF!*#REF! -> #REF! | BI9: =#REF!*#REF!*#REF! -> #REF! | BJ9: =BH9+BI9 -> #REF! | BK9: =BG9+BH9+BI9 -> #REF! | BL9: =#REF!*#REF! -> #REF! | BM9: =BE9/BD9 -> #REF! | BN9: =#REF!*#REF!+#REF!*#REF!+#REF!*#REF!+#REF!*#REF!+#REF!*#REF! -> #REF! | BO9: =#REF!*#REF!*#REF!+#REF!*#REF!*#REF!+#REF!*#REF!*#REF!+#REF!*#REF!*#REF!+#REF!*#REF!*#REF! -> #REF! | BP9: =BN9-BO9 -> #REF!
A10: 8 | B10: 120-GTD-501-SHT03 | C10: 0 | D10: CN-2880 | F10: 08332 | G10: GTD | H10: GAS TURBINE DRAINS | I10: 120-GTD-501-SHT03-1 | J10: 06 | K10: 120 | M10: LF | N10: 01HDPE | O10: =P10/AM10 -> #DIV/0! | P10: =L10*Q10*AN10+L10*S10*AO10+L10*U10*AP10+L10*W10*AQ10+L10*Y10*AR10+L10*AA10*AS10+L10*AC10*AT10+L10*AE10*AU10 -> 0 | R10: Receive | T10: Stage | V10: Erect | X10: Connect | Z10: Jeep/Trace | AB10: Mech. Sell Off | AD10: Test | AF10: Post | AI10: PI-401-002 | AJ10: 1 | AK10: Juan | AN10: 0.02 | AO10: 0.03 | AP10: 0.2 | AQ10: 0.3 | AR10: 0.1 | AS10: 0.1 | AT10: 0.15 | AU10: 0.1 | AV10: 401 | AW10: N/A | AX10: N/A | AY10: N/A | BD10: =#REF!*#REF!+#REF!*#REF!+#REF!*#REF!+#REF!*#REF!+#REF!*#REF! -> #REF! | BE10: =#REF!*#REF!*#REF!+#REF!*#REF!*#REF!+#REF!*#REF!*#REF!+#REF!*#REF!*#REF!+#REF!*#REF!*#REF! -> #REF! | BF10: =BD10-BE10 -> #REF! | BG10: =#REF!*#REF!*#REF! -> #REF! | BH10: =#REF!*#REF!*#REF! -> #REF! | BI10: =#REF!*#REF!*#REF! -> #REF! | BJ10: =BH10+BI10 -> #REF! | BK10: =BG10+BH10+BI10 -> #REF! | BL10: =#REF!*#REF! -> #REF! | BM10: =BE10/BD10 -> #REF! | BN10: =#REF!*#REF!+#REF!*#REF!+#REF!*#REF!+#REF!*#REF!+#REF!*#REF! -> #REF! | BO10: =#REF!*#REF!*#REF!+#REF!*#REF!*#REF!+#REF!*#REF!*#REF!+#REF!*#REF!*#REF!+#REF!*#REF!*#REF! -> #REF! | BP10: =BN10-BO10 -> #REF!
A11: 9 | B11: 120-GTD-519-SHT01 | C11: 0 | D11: CN-2880 | F11: 08331 | G11: GTD | H11: GAS TURBINE DRAINS | I11: 120-GTD-519-SHT01-1 | J11: 02 | K11: 9 | M11: LF | N11: 01HDPE | O11: =P11/AM11 -> #DIV/0! | P11: =L11*Q11*AN11+L11*S11*AO11+L11*U11*AP11+L11*W11*AQ11+L11*Y11*AR11+L11*AA11*AS11+L11*AC11*AT11+L11*AE11*AU11 -> 0 | R11: Receive | T11: Stage | V11: Erect | X11: Connect | Z11: Jeep/Trace | AB11: Mech. Sell Off | AD11: Test | AF11: Post | AJ11: 1 | AK11: Jerry | AN11: 0.02 | AO11: 0.03 | AP11: 0.2 | AQ11: 0.3 | AR11: 0.1 | AS11: 0.1 | AT11: 0.15 | AU11: 0.1 | AV11: 120 | AW11: N/A | AX11: N/A | AY11: N/A | BD11: =#REF!*#REF!+#REF!*#REF!+#REF!*#REF!+#REF!*#REF!+#REF!*#REF! -> #REF! | BE11: =#REF!*#REF!*#REF!+#REF!*#REF!*#REF!+#REF!*#REF!*#REF!+#REF!*#REF!*#REF!+#REF!*#REF!*#REF! -> #REF! | BF11: =BD11-BE11 -> #REF! | BG11: =#REF!*#REF!*#REF! -> #REF! | BH11: =#REF!*#REF!*#REF! -> #REF! | BI11: =#REF!*#REF!*#REF! -> #REF! | BJ11: =BH11+BI11 -> #REF! | BK11: =BG11+BH11+BI11 -> #REF! | BL11: =#REF!*#REF! -> #REF! | BM11: =BE11/BD11 -> #REF! | BN11: =#REF!*#REF!+#REF!*#REF!+#REF!*#REF!+#REF!*#REF!+#REF!*#REF! -> #REF! | BO11: =#REF!*#REF!*#REF!+#REF!*#REF!*#REF!+#REF!*#REF!*#REF!+#REF!*#REF!*#REF!+#REF!*#REF!*#REF! -> #REF! | BP11: =BN11-BO11 -> #REF!
A12: 10 | B12: 120-GTD-519-SHT01 | C12: 0 | D12: CN-2880 | F12: 08332 | G12: GTD | H12: GAS TURBINE DRAINS | I12: 120-GTD-519-SHT01-2 | J12: 06 | K12: 24 | M12: LF | N12: 01HDPE | O12: =P12/AM12 -> #DIV/0! | P12: =L12*Q12*AN12+L12*S12*AO12+L12*U12*AP12+L12*W12*AQ12+L12*Y12*AR12+L12*AA12*AS12+L12*AC12*AT12+L12*AE12*AU12 -> 0 | R12: Receive | T12: Stage | V12: Erect | X12: Connect | Z12: Jeep/Trace | AB12: Mech. Sell Off | AD12: Test | AF12: Post | AJ12: 1 | AK12: Sandra | AN12: 0.02 | AO12: 0.03 | AP12: 0.2 | AQ12: 0.3 | AR12: 0.1 | AS12: 0.1 | AT12: 0.15 | AU12: 0.1 | AV12: 120 | AW12: N/A | AX12: N/A | AY12: N/A | BD12: =#REF!*#REF!+#REF!*#REF!+#REF!*#REF!+#REF!*#REF!+#REF!*#REF! -> #REF! | BE12: =#REF!*#REF!*#REF!+#REF!*#REF!*#REF!+#REF!*#REF!*#REF!+#REF!*#REF!*#REF!+#REF!*#REF!*#REF! -> #REF! | BF12: =BD12-BE12 -> #REF! | BG12: =#REF!*#REF!*#REF! -> #REF! | BH12: =#REF!*#REF!*#REF! -> #REF! | BI12: =#REF!*#REF!*#REF! -> #REF! | BJ12: =BH12+BI12 -> #REF! | BK12: =BG12+BH12+BI12 -> #REF! | BL12: =#REF!*#REF! -> #REF! | BM12: =BE12/BD12 -> #REF! | BN12: =#REF!*#REF!+#REF!*#REF!+#REF!*#REF!+#REF!*#REF!+#REF!*#REF! -> #REF! | BO12: =#REF!*#REF!*#REF!+#REF!*#REF!*#REF!+#REF!*#REF!*#REF!+#REF!*#REF!*#REF!+#REF!*#REF!*#REF! -> #REF! | BP12: =BN12-BO12 -> #REF!
A13: 11 | B13: 120-GTD-519-SHT02 | C13: 0 | D13: CN-2880 | F13: 08332 | G13: GTD | H13: GAS TURBINE DRAINS | I13: 120-GTD-519-SHT02-1 | J13: 06 | K13: 47 | M13: LF | N13: 01HDPE | O13: =P13/AM13 -> #DIV/0! | P13: =L13*Q13*AN13+L13*S13*AO13+L13*U13*AP13+L13*W13*AQ13+L13*Y13*AR13+L13*AA13*AS13+L13*AC13*AT13+L13*AE13*AU13 -> 0 | R13: Receive | T13: Stage | V13: Erect | X13: Connect | Z13: Jeep/Trace | AB13: Mech. Sell Off | AD13: Test | AF13: Post | AJ13: 1 | AK13: Bob | AN13: 0.02 | AO13: 0.03 | AP13: 0.2 | AQ13: 0.3 | AR13: 0.1 | AS13: 0.1 | AT13: 0.15 | AU13: 0.1 | AV13: 120 | AW13: N/A | AX13: N/A | AY13: N/A | BD13: =#REF!*#REF!+#REF!*#REF!+#REF!*#REF!+#REF!*#REF!+#REF!*#REF! -> #REF! | BE13: =#REF!*#REF!*#REF!+#REF!*#REF!*#REF!+#REF!*#REF!*#REF!+#REF!*#REF!*#REF!+#REF!*#REF!*#REF! -> #REF! | BF13: =BD13-BE13 -> #REF! | BG13: =#REF!*#REF!*#REF! -> #REF! | BH13: =#REF!*#REF!*#REF! -> #REF! | BI13: =#REF!*#REF!*#REF! -> #REF! | BJ13: =BH13+BI13 -> #REF! | BK13: =BG13+BH13+BI13 -> #REF! | BL13: =#REF!*#REF! -> #REF! | BM13: =BE13/BD13 -> #REF! | BN13: =#REF!*#REF!+#REF!*#REF!+#REF!*#REF!+#REF!*#REF!+#REF!*#REF! -> #REF! | BO13: =#REF!*#REF!*#REF!+#REF!*#REF!*#REF!+#REF!*#REF!*#REF!+#REF!*#REF!*#REF!+#REF!*#REF!*#REF! -> #REF! | BP13: =BN13-BO13 -> #REF!
A14: 12 | B14: 120-GTD-519-SHT03 | C14: 0 | D14: CN-2880 | F14: 08332 | G14: GTD | H14: GAS TURBINE DRAINS | I14: 120-GTD-519-SHT03-1 | J14: 06 | K14: 105 | M14: LF | N14: 01HDPE | O14: =P14/AM14 -> #DIV/0! | P14: =L14*Q14*AN14+L14*S14*AO14+L14*U14*AP14+L14*W14*AQ14+L14*Y14*AR14+L14*AA14*AS14+L14*AC14*AT14+L14*AE14*AU14 -> 0 | R14: Receive | T14: Stage | V14: Erect | X14: Connect | Z14: Jeep/Trace | AB14: Mech. Sell Off | AD14: Test | AF14: Post | AJ14: 1 | AK14: Jose | AN14: 0.02 | AO14: 0.03 | AP14: 0.2 | AQ14: 0.3 | AR14: 0.1 | AS14: 0.1 | AT14: 0.15 | AU14: 0.1 | AV14: 120 | AW14: N/A | AX14: N/A | AY14: N/A | BD14: =#REF!*#REF!+#REF!*#REF!+#REF!*#REF!+#REF!*#REF!+#REF!*#REF! -> #REF! | BE14: =#REF!*#REF!*#REF!+#REF!*#REF!*#REF!+#REF!*#REF!*#REF!+#REF!*#REF!*#REF!+#REF!*#REF!*#REF! -> #REF! | BF14: =BD14-BE14 -> #REF! | BG14: =#REF!*#REF!*#REF! -> #REF! | BH14: =#REF!*#REF!*#REF! -> #REF! | BI14: =#REF!*#REF!*#REF! -> #REF! | BJ14: =BH14+BI14 -> #REF! | BK14: =BG14+BH14+BI14 -> #REF! | BL14: =#REF!*#REF! -> #REF! | BM14: =BE14/BD14 -> #REF! | BN14: =#REF!*#REF!+#REF!*#REF!+#REF!*#REF!+#REF!*#REF!+#REF!*#REF! -> #REF! | BO14: =#REF!*#REF!*#REF!+#REF!*#REF!*#REF!+#REF!*#REF!*#REF!+#REF!*#REF!*#REF!+#REF!*#REF!*#REF! -> #REF! | BP14: =BN14-BO14 -> #REF!
A15: 13 | B15: 120-GTD-537-SHT01 | C15: 0 | D15: CN-2880 | F15: 08331 | G15: GTD | H15: GAS TURBINE DRAINS | I15: 120-GTD-537-SHT01-1 | J15: 02 | K15: 8 | M15: LF | N15: 01HDPE | O15: =P15/AM15 -> #DIV/0! | P15: =L15*Q15*AN15+L15*S15*AO15+L15*U15*AP15+L15*W15*AQ15+L15*Y15*AR15+L15*AA15*AS15+L15*AC15*AT15+L15*AE15*AU15 -> 0 | R15: Receive | T15: Stage | V15: Erect | X15: Connect | Z15: Jeep/Trace | AB15: Mech. Sell Off | AD15: Test | AF15: Post | AJ15: 1 | AK15: Juan | AN15: 0.02 | AO15: 0.03 | AP15: 0.2 | AQ15: 0.3 | AR15: 0.1 | AS15: 0.1 | AT15: 0.15 | AU15: 0.1 | AV15: 120 | AW15: N/A | AX15: N/A | AY15: N/A | BD15: =#REF!*#REF!+#REF!*#REF!+#REF!*#REF!+#REF!*#REF!+#REF!*#REF! -> #REF! | BE15: =#REF!*#REF!*#REF!+#REF!*#REF!*#REF!+#REF!*#REF!*#REF!+#REF!*#REF!*#REF!+#REF!*#REF!*#REF! -> #REF! | BF15: =BD15-BE15 -> #REF! | BG15: =#REF!*#REF!*#REF! -> #REF! | BH15: =#REF!*#REF!*#REF! -> #REF! | BI15: =#REF!*#REF!*#REF! -> #REF! | BJ15: =BH15+BI15 -> #REF! | BK15: =BG15+BH15+BI15 -> #REF! | BL15: =#REF!*#REF! -> #REF! | BM15: =BE15/BD15 -> #REF! | BN15: =#REF!*#REF!+#REF!*#REF!+#REF!*#REF!+#REF!*#REF!+#REF!*#REF! -> #REF! | BO15: =#REF!*#REF!*#REF!+#REF!*#REF!*#REF!+#REF!*#REF!*#REF!+#REF!*#REF!*#REF!+#REF!*#REF!*#REF! -> #REF! | BP15: =BN15-BO15 -> #REF!
A16: 14 | B16: 120-GTD-537-SHT01 | C16: 0 | D16: CN-2880 | F16: 08332 | G16: GTD | H16: GAS TURBINE DRAINS | I16: 120-GTD-537-SHT01-2 | J16: 06 | K16: 44 | M16: LF | N16: 01HDPE | O16: =P16/AM16 -> #DIV/0! | P16: =L16*Q16*AN16+L16*S16*AO16+L16*U16*AP16+L16*W16*AQ16+L16*Y16*AR16+L16*AA16*AS16+L16*AC16*AT16+L16*AE16*AU16 -> 0 | R16: Receive | T16: Stage | V16: Erect | X16: Connect | Z16: Jeep/Trace | AB16: Mech. Sell Off | AD16: Test | AF16: Post | AJ16: 1 | AK16: Jerry | AN16: 0.02 | AO16: 0.03 | AP16: 0.2 | AQ16: 0.3 | AR16: 0.1 | AS16: 0.1 | AT16: 0.15 | AU16: 0.1 | AV16: 120 | AW16: N/A | AX16: N/A | AY16: N/A | BD16: =#REF!*#REF!+#REF!*#REF!+#REF!*#REF!+#REF!*#REF!+#REF!*#REF! -> #REF! | BE16: =#REF!*#REF!*#REF!+#REF!*#REF!*#REF!+#REF!*#REF!*#REF!+#REF!*#REF!*#REF!+#REF!*#REF!*#REF! -> #REF! | BF16: =BD16-BE16 -> #REF! | BG16: =#REF!*#REF!*#REF! -> #REF! | BH16: =#REF!*#REF!*#REF! -> #REF! | BI16: =#REF!*#REF!*#REF! -> #REF! | BJ16: =BH16+BI16 -> #REF! | BK16: =BG16+BH16+BI16 -> #REF! | BL16: =#REF!*#REF! -> #REF! | BM16: =BE16/BD16 -> #REF! | BN16: =#REF!*#REF!+#REF!*#REF!+#REF!*#REF!+#REF!*#REF!+#REF!*#REF! -> #REF! | BO16: =#REF!*#REF!*#REF!+#REF!*#REF!*#REF!+#REF!*#REF!*#REF!+#REF!*#REF!*#REF!+#REF!*#REF!*#REF! -> #REF! | BP16: =BN16-BO16 -> #REF!
A17: 15 | B17: 120-GTD-537-SHT02 | C17: 0 | D17: CN-2880 | F17: 08332 | G17: GTD | H17: GAS TURBINE DRAINS | I17: 120-GTD-537-SHT02-1 | J17: 06 | K17: 29 | M17: LF | N17: 01HDPE | O17: =P17/AM17 -> #DIV/0! | P17: =L17*Q17*AN17+L17*S17*AO17+L17*U17*AP17+L17*W17*AQ17+L17*Y17*AR17+L17*AA17*AS17+L17*AC17*AT17+L17*AE17*AU17 -> 0 | R17: Receive | T17: Stage | V17: Erect | X17: Connect | Z17: Jeep/Trace | AB17: Mech. Sell Off | AD17: Test | AF17: Post | AJ17: 1 | AK17: Sandra | AN17: 0.02 | AO17: 0.03 | AP17: 0.2 | AQ17: 0.3 | AR17: 0.1 | AS17: 0.1 | AT17: 0.15 | AU17: 0.1 | AV17: 120 | AW17: N/A | AX17: N/A | AY17: N/A | BD17: =#REF!*#REF!+#REF!*#REF!+#REF!*#REF!+#REF!*#REF!+#REF!*#REF! -> #REF! | BE17: =#REF!*#REF!*#REF!+#REF!*#REF!*#REF!+#REF!*#REF!*#REF!+#REF!*#REF!*#REF!+#REF!*#REF!*#REF! -> #REF! | BF17: =BD17-BE17 -> #REF! | BG17: =#REF!*#REF!*#REF! -> #REF! | BH17: =#REF!*#REF!*#REF! -> #REF! | BI17: =#REF!*#REF!*#REF! -> #REF! | BJ17: =BH17+BI17 -> #REF! | BK17: =BG17+BH17+BI17 -> #REF! | BL17: =#REF!*#REF! -> #REF! | BM17: =BE17/BD17 -> #REF! | BN17: =#REF!*#REF!+#REF!*#REF!+#REF!*#REF!+#REF!*#REF!+#REF!*#REF! -> #REF! | BO17: =#REF!*#REF!*#REF!+#REF!*#REF!*#REF!+#REF!*#REF!*#REF!+#REF!*#REF!*#REF!+#REF!*#REF!*#REF! -> #REF! | BP17: =BN17-BO17 -> #REF!
A18: 16 | B18: 120-GTD-537-SHT03 | C18: 0 | D18: CN-2880 | F18: 08332 | G18: GTD | H18: GAS TURBINE DRAINS | I18: 120-GTD-537-SHT03-1 | J18: 06 | K18: 97 | M18: LF | N18: 01HDPE | O18: =P18/AM18 -> #DIV/0! | P18: =L18*Q18*AN18+L18*S18*AO18+L18*U18*AP18+L18*W18*AQ18+L18*Y18*AR18+L18*AA18*AS18+L18*AC18*AT18+L18*AE18*AU18 -> 0 | R18: Receive | T18: Stage | V18: Erect | X18: Connect | Z18: Jeep/Trace | AB18: Mech. Sell Off | AD18: Test | AF18: Post | AJ18: 1 | AK18: Bob | AN18: 0.02 | AO18: 0.03 | AP18: 0.2 | AQ18: 0.3 | AR18: 0.1 | AS18: 0.1 | AT18: 0.15 | AU18: 0.1 | AV18: 120 | AW18: N/A | AX18: N/A | AY18: N/A | BD18: =#REF!*#REF!+#REF!*#REF!+#REF!*#REF!+#REF!*#REF!+#REF!*#REF! -> #REF! | BE18: =#REF!*#REF!*#REF!+#REF!*#REF!*#REF!+#REF!*#REF!*#REF!+#REF!*#REF!*#REF!+#REF!*#REF!*#REF! -> #REF! | BF18: =BD18-BE18 -> #REF! | BG18: =#REF!*#REF!*#REF! -> #REF! | BH18: =#REF!*#REF!*#REF! -> #REF! | BI18: =#REF!*#REF!*#REF! -> #REF! | BJ18: =BH18+BI18 -> #REF! | BK18: =BG18+BH18+BI18 -> #REF! | BL18: =#REF!*#REF! -> #REF! | BM18: =BE18/BD18 -> #REF! | BN18: =#REF!*#REF!+#REF!*#REF!+#REF!*#REF!+#REF!*#REF!+#REF!*#REF! -> #REF! | BO18: =#REF!*#REF!*#REF!+#REF!*#REF!*#REF!+#REF!*#REF!*#REF!+#REF!*#REF!*#REF!+#REF!*#REF!*#REF! -> #REF! | BP18: =BN18-BO18 -> #REF!
A19: 17 | B19: 120-GTD-537-SHT04 | C19: 0 | D19: CN-2880 | F19: 08332 | G19: GTD | H19: GAS TURBINE DRAINS | I19: 120-GTD-537-SHT04-1 | J19: 06 | K19: 32 | M19: LF | N19: 01HDPE | O19: =P19/AM19 -> #DIV/0! | P19: =L19*Q19*AN19+L19*S19*AO19+L19*U19*AP19+L19*W19*AQ19+L19*Y19*AR19+L19*AA19*AS19+L19*AC19*AT19+L19*AE19*AU19 -> 0 | R19: Receive | T19: Stage | V19: Erect | X19: Connect | Z19: Jeep/Trace | AB19: Mech. Sell Off | AD19: Test | AF19: Post | AJ19: 1 | AK19: Jose | AN19: 0.02 | AO19: 0.03 | AP19: 0.2 | AQ19: 0.3 | AR19: 0.1 | AS19: 0.1 | AT19: 0.15 | AU19: 0.1 | AV19: 120 | AW19: N/A | AX19: N/A | AY19: N/A | BD19: =#REF!*#REF!+#REF!*#REF!+#REF!*#REF!+#REF!*#REF!+#REF!*#REF! -> #REF! | BE19: =#REF!*#REF!*#REF!+#REF!*#REF!*#REF!+#REF!*#REF!*#REF!+#REF!*#REF!*#REF!+#REF!*#REF!*#REF! -> #REF! | BF19: =BD19-BE19 -> #REF! | BG19: =#REF!*#REF!*#REF! -> #REF! | BH19: =#REF!*#REF!*#REF! -> #REF! | BI19: =#REF!*#REF!*#REF! -> #REF! | BJ19: =BH19+BI19 -> #REF! | BK19: =BG19+BH19+BI19 -> #REF! | BL19: =#REF!*#REF! -> #REF! | BM19: =BE19/BD19 -> #REF! | BN19: =#REF!*#REF!+#REF!*#REF!+#REF!*#REF!+#REF!*#REF!+#REF!*#REF! -> #REF! | BO19: =#REF!*#REF!*#REF!+#REF!*#REF!*#REF!+#REF!*#REF!*#REF!+#REF!*#REF!*#REF!+#REF!*#REF!*#REF! -> #REF! | BP19: =BN19-BO19 -> #REF!
A20: 18 | B20: 120-IA-1210-SHT01 | C20: 0 | D20: CN-2910 | F20: 08211 | G20: IA | H20: INSTRUMENT AIR | I20: 120-IA-1210-SHT01-1 | J20: 02 | K20: 32 | M20: LF | N20: 01CS150 | O20: =P20/AM20 -> #DIV/0! | P20: =L20*Q20*AN20+L20*S20*AO20+L20*U20*AP20+L20*W20*AQ20+L20*Y20*AR20+L20*AA20*AS20+L20*AC20*AT20+L20*AE20*AU20 -> 0 | R20: Receive | T20: Stage | V20: Erect | X20: Connect | Z20: Supts | AB20: Punch | AD20: Test | AF20: Post | AI20: PI-401-003 | AJ20: 1 | AK20: Juan | AN20: 0.02 | AO20: 0.03 | AP20: 0.2 | AQ20: 0.3 | AR20: 0.1 | AS20: 0.1 | AT20: 0.15 | AU20: 0.1 | AV20: 401 | AW20: CTCE1000-D014 | AX20: N/A | AY20: N/A | BD20: =#REF!*#REF!+#REF!*#REF!+#REF!*#REF!+#REF!*#REF!+#REF!*#REF! -> #REF! | BE20: =#REF!*#REF!*#REF!+#REF!*#REF!*#REF!+#REF!*#REF!*#REF!+#REF!*#REF!*#REF!+#REF!*#REF!*#REF! -> #REF! | BF20: =BD20-BE20 -> #REF! | BG20: =#REF!*#REF!*#REF! -> #REF! | BH20: =#REF!*#REF!*#REF! -> #REF! | BI20: =#REF!*#REF!*#REF! -> #REF! | BJ20: =BH20+BI20 -> #REF! | BK20: =BG20+BH20+BI20 -> #REF! | BL20: =#REF!*#REF! -> #REF! | BM20: =BE20/BD20 -> #REF! | BN20: =#REF!*#REF!+#REF!*#REF!+#REF!*#REF!+#REF!*#REF!+#REF!*#REF! -> #REF! | BO20: =#REF!*#REF!*#REF!+#REF!*#REF!*#REF!+#REF!*#REF!*#REF!+#REF!*#REF!*#REF!+#REF!*#REF!*#REF! -> #REF! | BP20: =BN20-BO20 -> #REF!
A21: 19 | B21: 120-IA-1210-SHT02 | C21: 0 | D21: CN-2910 | F21: 08211 | G21: IA | H21: INSTRUMENT AIR | I21: 120-IA-1210-SHT02-1 | J21: 02 | K21: 63 | M21: LF | N21: 01CS150 | O21: =P21/AM21 -> #DIV/0! | P21: =L21*Q21*AN21+L21*S21*AO21+L21*U21*AP21+L21*W21*AQ21+L21*Y21*AR21+L21*AA21*AS21+L21*AC21*AT21+L21*AE21*AU21 -> 0 | R21: Receive | T21: Stage | V21: Erect | X21: Connect | Z21: Supts | AB21: Punch | AD21: Test | AF21: Post | AI21: PI-401-003 | AJ21: 1 | AK21: Jerry | AN21: 0.02 | AO21: 0.03 | AP21: 0.2 | AQ21: 0.3 | AR21: 0.1 | AS21: 0.1 | AT21: 0.15 | AU21: 0.1 | AV21: 401 | AW21: CTCE1000-D014 | AX21: N/A | AY21: N/A | BD21: =#REF!*#REF!+#REF!*#REF!+#REF!*#REF!+#REF!*#REF!+#REF!*#REF! -> #REF! | BE21: =#REF!*#REF!*#REF!+#REF!*#REF!*#REF!+#REF!*#REF!*#REF!+#REF!*#REF!*#REF!+#REF!*#REF!*#REF! -> #REF! | BF21: =BD21-BE21 -> #REF! | BG21: =#REF!*#REF!*#REF! -> #REF! | BH21: =#REF!*#REF!*#REF! -> #REF! | BI21: =#REF!*#REF!*#REF! -> #REF! | BJ21: =BH21+BI21 -> #REF! | BK21: =BG21+BH21+BI21 -> #REF! | BL21: =#REF!*#REF! -> #REF! | BM21: =BE21/BD21 -> #REF! | BN21: =#REF!*#REF!+#REF!*#REF!+#REF!*#REF!+#REF!*#REF!+#REF!*#REF! -> #REF! | BO21: =#REF!*#REF!*#REF!+#REF!*#REF!*#REF!+#REF!*#REF!*#REF!+#REF!*#REF!*#REF!+#REF!*#REF!*#REF! -> #REF! | BP21: =BN21-BO21 -> #REF!
A22: 20 | B22: 120-IA-1210-SHT03 | C22: 0 | D22: CN-2910 | F22: 08211 | G22: IA | H22: INSTRUMENT AIR | I22: 120-IA-1210-SHT03-1 | J22: 02 | K22: 53 | M22: LF | N22: 01CS150 | O22: =P22/AM22 -> #DIV/0! | P22: =L22*Q22*AN22+L22*S22*AO22+L22*U22*AP22+L22*W22*AQ22+L22*Y22*AR22+L22*AA22*AS22+L22*AC22*AT22+L22*AE22*AU22 -> 0 | R22: Receive | T22: Stage | V22: Erect | X22: Connect | Z22: Supts | AB22: Punch | AD22: Test | AF22: Post | AI22: PI-401-003 | AJ22: 1 | AK22: Sandra | AN22: 0.02 | AO22: 0.03 | AP22: 0.2 | AQ22: 0.3 | AR22: 0.1 | AS22: 0.1 | AT22: 0.15 | AU22: 0.1 | AV22: 401 | AW22: CTCE1000-D014 | AX22: N/A | AY22: N/A | BD22: =#REF!*#REF!+#REF!*#REF!+#REF!*#REF!+#REF!*#REF!+#REF!*#REF! -> #REF! | BE22: =#REF!*#REF!*#REF!+#REF!*#REF!*#REF!+#REF!*#REF!*#REF!+#REF!*#REF!*#REF!+#REF!*#REF!*#REF! -> #REF! | BF22: =BD22-BE22 -> #REF! | BG22: =#REF!*#REF!*#REF! -> #REF! | BH22: =#REF!*#REF!*#REF! -> #REF! | BI22: =#REF!*#REF!*#REF! -> #REF! | BJ22: =BH22+BI22 -> #REF! | BK22: =BG22+BH22+BI22 -> #REF! | BL22: =#REF!*#REF! -> #REF! | BM22: =BE22/BD22 -> #REF! | BN22: =#REF!*#REF!+#REF!*#REF!+#REF!*#REF!+#REF!*#REF!+#REF!*#REF! -> #REF! | BO22: =#REF!*#REF!*#REF!+#REF!*#REF!*#REF!+#REF!*#REF!*#REF!+#REF!*#REF!*#REF!+#REF!*#REF!*#REF! -> #REF! | BP22: =BN22-BO22 -> #REF!
A23: 21 | B23: 120-IA-1210-SHT04 | C23: 0 | D23: CN-2910 | F23: 08211 | G23: IA | H23: INSTRUMENT AIR | I23: 120-IA-1210-SHT04-1 | J23: 02 | K23: 80 | M23: LF | N23: 01CS150 | O23: =P23/AM23 -> #DIV/0! | P23: =L23*Q23*AN23+L23*S23*AO23+L23*U23*AP23+L23*W23*AQ23+L23*Y23*AR23+L23*AA23*AS23+L23*AC23*AT23+L23*AE23*AU23 -> 0 | R23: Receive | T23: Stage | V23: Erect | X23: Connect | Z23: Supts | AB23: Punch | AD23: Test | AF23: Post | AI23: PI-401-003 | AJ23: 1 | AK23: Bob | AN23: 0.02 | AO23: 0.03 | AP23: 0.2 | AQ23: 0.3 | AR23: 0.1 | AS23: 0.1 | AT23: 0.15 | AU23: 0.1 | AV23: 401 | AW23: CTCE1000-D014 | AX23: N/A | AY23: N/A | BD23: =#REF!*#REF!+#REF!*#REF!+#REF!*#REF!+#REF!*#REF!+#REF!*#REF! -> #REF! | BE23: =#REF!*#REF!*#REF!+#REF!*#REF!*#REF!+#REF!*#REF!*#REF!+#REF!*#REF!*#REF!+#REF!*#REF!*#REF! -> #REF! | BF23: =BD23-BE23 -> #REF! | BG23: =#REF!*#REF!*#REF! -> #REF! | BH23: =#REF!*#REF!*#REF! -> #REF! | BI23: =#REF!*#REF!*#REF! -> #REF! | BJ23: =BH23+BI23 -> #REF! | BK23: =BG23+BH23+BI23 -> #REF! | BL23: =#REF!*#REF! -> #REF! | BM23: =BE23/BD23 -> #REF! | BN23: =#REF!*#REF!+#REF!*#REF!+#REF!*#REF!+#REF!*#REF!+#REF!*#REF! -> #REF! | BO23: =#REF!*#REF!*#REF!+#REF!*#REF!*#REF!+#REF!*#REF!*#REF!+#REF!*#REF!*#REF!+#REF!*#REF!*#REF! -> #REF! | BP23: =BN23-BO23 -> #REF!
A24: 22 | B24: 120-IA-1210-SHT05 | C24: 0 | D24: CN-2910 | F24: 08211 | G24: IA | H24: INSTRUMENT AIR | I24: 120-IA-1210-SHT05-1 | J24: 02 | K24: 54 | M24: LF | N24: 01CS150 | O24: =P24/AM24 -> #DIV/0! | P24: =L24*Q24*AN24+L24*S24*AO24+L24*U24*AP24+L24*W24*AQ24+L24*Y24*AR24+L24*AA24*AS24+L24*AC24*AT24+L24*AE24*AU24 -> 0 | R24: Receive | T24: Stage | V24: Erect | X24: Connect | Z24: Supts | AB24: Punch | AD24: Test | AF24: Post | AI24: PI-401-003 | AJ24: 1 | AK24: Jose | AN24: 0.02 | AO24: 0.03 | AP24: 0.2 | AQ24: 0.3 | AR24: 0.1 | AS24: 0.1 | AT24: 0.15 | AU24: 0.1 | AV24: 401 | AW24: CTCE1000-D014 | AX24: N/A | AY24: N/A | BD24: =#REF!*#REF!+#REF!*#REF!+#REF!*#REF!+#REF!*#REF!+#REF!*#REF! -> #REF! | BE24: =#REF!*#REF!*#REF!+#REF!*#REF!*#REF!+#REF!*#REF!*#REF!+#REF!*#REF!*#REF!+#REF!*#REF!*#REF! -> #REF! | BF24: =BD24-BE24 -> #REF! | BG24: =#REF!*#REF!*#REF! -> #REF! | BH24: =#REF!*#REF!*#REF! -> #REF! | BI24: =#REF!*#REF!*#REF! -> #REF! | BJ24: =BH24+BI24 -> #REF! | BK24: =BG24+BH24+BI24 -> #REF! | BL24: =#REF!*#REF! -> #REF! | BM24: =BE24/BD24 -> #REF! | BN24: =#REF!*#REF!+#REF!*#REF!+#REF!*#REF!+#REF!*#REF!+#REF!*#REF! -> #REF! | BO24: =#REF!*#REF!*#REF!+#REF!*#REF!*#REF!+#REF!*#REF!*#REF!+#REF!*#REF!*#REF!+#REF!*#REF!*#REF! -> #REF! | BP24: =BN24-BO24 -> #REF!
A25: 23 | B25: 120-IA-1230-SHT01 | C25: 0 | D25: CN-2910 | F25: 08211 | G25: IA | H25: INSTRUMENT AIR | I25: 120-IA-1230-SHT01-1 | J25: 02 | K25: 43 | M25: LF | N25: 01CS150 | O25: =P25/AM25 -> #DIV/0! | P25: =L25*Q25*AN25+L25*S25*AO25+L25*U25*AP25+L25*W25*AQ25+L25*Y25*AR25+L25*AA25*AS25+L25*AC25*AT25+L25*AE25*AU25 -> 0 | R25: Receive | T25: Stage | V25: Erect | X25: Connect | Z25: Supts | AB25: Punch | AD25: Test | AF25: Post | AJ25: 1 | AK25: Juan | AN25: 0.02 | AO25: 0.03 | AP25: 0.2 | AQ25: 0.3 | AR25: 0.1 | AS25: 0.1 | AT25: 0.15 | AU25: 0.1 | AV25: 120 | AW25: CTCE1000-D014 | AX25: N/A | AY25: N/A | BD25: =#REF!*#REF!+#REF!*#REF!+#REF!*#REF!+#REF!*#REF!+#REF!*#REF! -> #REF! | BE25: =#REF!*#REF!*#REF!+#REF!*#REF!*#REF!+#REF!*#REF!*#REF!+#REF!*#REF!*#REF!+#REF!*#REF!*#REF! -> #REF! | BF25: =BD25-BE25 -> #REF! | BG25: =#REF!*#REF!*#REF! -> #REF! | BH25: =#REF!*#REF!*#REF! -> #REF! | BI25: =#REF!*#REF!*#REF! -> #REF! | BJ25: =BH25+BI25 -> #REF! | BK25: =BG25+BH25+BI25 -> #REF! | BL25: =#REF!*#REF! -> #REF! | BM25: =BE25/BD25 -> #REF! | BN25: =#REF!*#REF!+#REF!*#REF!+#REF!*#REF!+#REF!*#REF!+#REF!*#REF! -> #REF! | BO25: =#REF!*#REF!*#REF!+#REF!*#REF!*#REF!+#REF!*#REF!*#REF!+#REF!*#REF!*#REF!+#REF!*#REF!*#REF! -> #REF! | BP25: =BN25-BO25 -> #REF!
A26: 24 | B26: 120-IA-1230-SHT02 | C26: 0 | D26: CN-2910 | F26: 08211 | G26: IA | H26: INSTRUMENT AIR | I26: 120-IA-1230-SHT02-1 | J26: 02 | K26: 53 | M26: LF | N26: 01CS150 | O26: =P26/AM26 -> #DIV/0! | P26: =L26*Q26*AN26+L26*S26*AO26+L26*U26*AP26+L26*W26*AQ26+L26*Y26*AR26+L26*AA26*AS26+L26*AC26*AT26+L26*AE26*AU26 -> 0 | R26: Receive | T26: Stage | V26: Erect | X26: Connect | Z26: Supts | AB26: Punch | AD26: Test | AF26: Post | AJ26: 1 | AK26: Jerry | AN26: 0.02 | AO26: 0.03 | AP26: 0.2 | AQ26: 0.3 | AR26: 0.1 | AS26: 0.1 | AT26: 0.15 | AU26: 0.1 | AV26: 120 | AW26: CTCE1000-D014 | AX26: N/A | AY26: N/A | BD26: =#REF!*#REF!+#REF!*#REF!+#REF!*#REF!+#REF!*#REF!+#REF!*#REF! -> #REF! | BE26: =#REF!*#REF!*#REF!+#REF!*#REF!*#REF!+#REF!*#REF!*#REF!+#REF!*#REF!*#REF!+#REF!*#REF!*#REF! -> #REF! | BF26: =BD26-BE26 -> #REF! | BG26: =#REF!*#REF!*#REF! -> #REF! | BH26: =#REF!*#REF!*#REF! -> #REF! | BI26: =#REF!*#REF!*#REF! -> #REF! | BJ26: =BH26+BI26 -> #REF! | BK26: =BG26+BH26+BI26 -> #REF! | BL26: =#REF!*#REF! -> #REF! | BM26: =BE26/BD26 -> #REF! | BN26: =#REF!*#REF!+#REF!*#REF!+#REF!*#REF!+#REF!*#REF!+#REF!*#REF! -> #REF! | BO26: =#REF!*#REF!*#REF!+#REF!*#REF!*#REF!+#REF!*#REF!*#REF!+#REF!*#REF!*#REF!+#REF!*#REF!*#REF! -> #REF! | BP26: =BN26-BO26 -> #REF!
A27: 25 | B27: 120-IA-1230-SHT03 | C27: 0 | D27: CN-2910 | F27: 08211 | G27: IA | H27: INSTRUMENT AIR | I27: 120-IA-1230-SHT03-1 | J27: 02 | K27: 82 | M27: LF | N27: 01CS150 | O27: =P27/AM27 -> #DIV/0! | P27: =L27*Q27*AN27+L27*S27*AO27+L27*U27*AP27+L27*W27*AQ27+L27*Y27*AR27+L27*AA27*AS27+L27*AC27*AT27+L27*AE27*AU27 -> 0 | R27: Receive | T27: Stage | V27: Erect | X27: Connect | Z27: Supts | AB27: Punch | AD27: Test | AF27: Post | AJ27: 1 | AK27: Sandra | AN27: 0.02 | AO27: 0.03 | AP27: 0.2 | AQ27: 0.3 | AR27: 0.1 | AS27: 0.1 | AT27: 0.15 | AU27: 0.1 | AV27: 120 | AW27: CTCE1000-D014 | AX27: N/A | AY27: N/A | BD27: =#REF!*#REF!+#REF!*#REF!+#REF!*#REF!+#REF!*#REF!+#REF!*#REF! -> #REF! | BE27: =#REF!*#REF!*#REF!+#REF!*#REF!*#REF!+#REF!*#REF!*#REF!+#REF!*#REF!*#REF!+#REF!*#REF!*#REF! -> #REF! | BF27: =BD27-BE27 -> #REF! | BG27: =#REF!*#REF!*#REF! -> #REF! | BH27: =#REF!*#REF!*#REF! -> #REF! | BI27: =#REF!*#REF!*#REF! -> #REF! | BJ27: =BH27+BI27 -> #REF! | BK27: =BG27+BH27+BI27 -> #REF! | BL27: =#REF!*#REF! -> #REF! | BM27: =BE27/BD27 -> #REF! | BN27: =#REF!*#REF!+#REF!*#REF!+#REF!*#REF!+#REF!*#REF!+#REF!*#REF! -> #REF! | BO27: =#REF!*#REF!*#REF!+#REF!*#REF!*#REF!+#REF!*#REF!*#REF!+#REF!*#REF!*#REF!+#REF!*#REF!*#REF! -> #REF! | BP27: =BN27-BO27 -> #REF!
A28: 26 | B28: 120-IA-1230-SHT04 | C28: 0 | D28: CN-2910 | F28: 08211 | G28: IA | H28: INSTRUMENT AIR | I28: 120-IA-1230-SHT04-1 | J28: 02 | K28: 50 | M28: LF | N28: 01CS150 | O28: =P28/AM28 -> #DIV/0! | P28: =L28*Q28*AN28+L28*S28*AO28+L28*U28*AP28+L28*W28*AQ28+L28*Y28*AR28+L28*AA28*AS28+L28*AC28*AT28+L28*AE28*AU28 -> 0 | R28: Receive | T28: Stage | V28: Erect | X28: Connect | Z28: Supts | AB28: Punch | AD28: Test | AF28: Post | AJ28: 1 | AK28: Bob | AN28: 0.02 | AO28: 0.03 | AP28: 0.2 | AQ28: 0.3 | AR28: 0.1 | AS28: 0.1 | AT28: 0.15 | AU28: 0.1 | AV28: 120 | AW28: CTCE1000-D014 | AX28: N/A | AY28: N/A | BD28: =#REF!*#REF!+#REF!*#REF!+#REF!*#REF!+#REF!*#REF!+#REF!*#REF! -> #REF! | BE28: =#REF!*#REF!*#REF!+#REF!*#REF!*#REF!+#REF!*#REF!*#REF!+#REF!*#REF!*#REF!+#REF!*#REF!*#REF! -> #REF! | BF28: =BD28-BE28 -> #REF! | BG28: =#REF!*#REF!*#REF! -> #REF! | BH28: =#REF!*#REF!*#REF! -> #REF! | BI28: =#REF!*#REF!*#REF! -> #REF! | BJ28: =BH28+BI28 -> #REF! | BK28: =BG28+BH28+BI28 -> #REF! | BL28: =#REF!*#REF! -> #REF! | BM28: =BE28/BD28 -> #REF! | BN28: =#REF!*#REF!+#REF!*#REF!+#REF!*#REF!+#REF!*#REF!+#REF!*#REF! -> #REF! | BO28: =#REF!*#REF!*#REF!+#REF!*#REF!*#REF!+#REF!*#REF!*#REF!+#REF!*#REF!*#REF!+#REF!*#REF!*#REF! -> #REF! | BP28: =BN28-BO28 -> #REF!
A29: 27 | B29: 120-IA-1230-SHT05 | C29: 0 | D29: CN-2910 | F29: 08211 | G29: IA | H29: INSTRUMENT AIR | I29: 120-IA-1230-SHT05-1 | J29: 02 | K29: 31 | M29: LF | N29: 01CS150 | O29: =P29/AM29 -> #DIV/0! | P29: =L29*Q29*AN29+L29*S29*AO29+L29*U29*AP29+L29*W29*AQ29+L29*Y29*AR29+L29*AA29*AS29+L29*AC29*AT29+L29*AE29*AU29 -> 0 | R29: Receive | T29: Stage | V29: Erect | X29: Connect | Z29: Supts | AB29: Punch | AD29: Test | AF29: Post | AJ29: 1 | AK29: Jose | AN29: 0.02 | AO29: 0.03 | AP29: 0.2 | AQ29: 0.3 | AR29: 0.1 | AS29: 0.1 | AT29: 0.15 | AU29: 0.1 | AV29: 120 | AW29: CTCE1000-D014 | AX29: N/A | AY29: N/A | BD29: =#REF!*#REF!+#REF!*#REF!+#REF!*#REF!+#REF!*#REF!+#REF!*#REF! -> #REF! | BE29: =#REF!*#REF!*#REF!+#REF!*#REF!*#REF!+#REF!*#REF!*#REF!+#REF!*#REF!*#REF!+#REF!*#REF!*#REF! -> #REF! | BF29: =BD29-BE29 -> #REF! | BG29: =#REF!*#REF!*#REF! -> #REF! | BH29: =#REF!*#REF!*#REF! -> #REF! | BI29: =#REF!*#REF!*#REF! -> #REF! | BJ29: =BH29+BI29 -> #REF! | BK29: =BG29+BH29+BI29 -> #REF! | BL29: =#REF!*#REF! -> #REF! | BM29: =BE29/BD29 -> #REF! | BN29: =#REF!*#REF!+#REF!*#REF!+#REF!*#REF!+#REF!*#REF!+#REF!*#REF! -> #REF! | BO29: =#REF!*#REF!*#REF!+#REF!*#REF!*#REF!+#REF!*#REF!*#REF!+#REF!*#REF!*#REF!+#REF!*#REF!*#REF! -> #REF! | BP29: =BN29-BO29 -> #REF!
A30: 28 | B30: 120-GCW-802-SHT01 | C30: 0 | D30: CN-2850 | F30: 08331 | G30: GCW | H30: GLYCOL COOLING WATER | I30: 120-GCW-802-SHT01-1 | J30: 02 | K30: 146 | M30: LF | N30: 01HDPE | O30: =P30/AM30 -> #DIV/0! | P30: =L30*Q30*AN30+L30*S30*AO30+L30*U30*AP30+L30*W30*AQ30+L30*Y30*AR30+L30*AA30*AS30+L30*AC30*AT30+L30*AE30*AU30 -> 0 | R30: Receive | T30: Stage | V30: Erect | X30: Connect | Z30: Jeep/Trace | AB30: Mech. Sell Off | AD30: Test | AF30: Post | AI30: PI-401-002 | AJ30: 1 | AK30: Juan | AN30: 0.02 | AO30: 0.03 | AP30: 0.2 | AQ30: 0.3 | AR30: 0.1 | AS30: 0.1 | AT30: 0.15 | AU30: 0.1 | AV30: 401 | AW30: N/A | AX30: N/A | AY30: N/A | BD30: =#REF!*#REF!+#REF!*#REF!+#REF!*#REF!+#REF!*#REF!+#REF!*#REF! -> #REF! | BE30: =#REF!*#REF!*#REF!+#REF!*#REF!*#REF!+#REF!*#REF!*#REF!+#REF!*#REF!*#REF!+#REF!*#REF!*#REF! -> #REF! | BF30: =BD30-BE30 -> #REF! | BG30: =#REF!*#REF!*#REF! -> #REF! | BH30: =#REF!*#REF!*#REF! -> #REF! | BI30: =#REF!*#REF!*#REF! -> #REF! | BJ30: =BH30+BI30 -> #REF! | BK30: =BG30+BH30+BI30 -> #REF! | BL30: =#REF!*#REF! -> #REF! | BM30: =BE30/BD30 -> #REF! | BN30: =#REF!*#REF!+#REF!*#REF!+#REF!*#REF!+#REF!*#REF!+#REF!*#REF! -> #REF! | BO30: =#REF!*#REF!*#REF!+#REF!*#REF!*#REF!+#REF!*#REF!*#REF!+#REF!*#REF!*#REF!+#REF!*#REF!*#REF! -> #REF! | BP30: =BN30-BO30 -> #REF!
A31: 29 | B31: 120-GCW-802-SHT02 | C31: 0 | D31: CN-2850 | F31: 08332 | G31: GCW | H31: GLYCOL COOLING WATER | I31: 120-GCW-802-SHT02-1 | J31: 08 | K31: 21 | M31: LF | N31: 01HDPE | O31: =P31/AM31 -> #DIV/0! | P31: =L31*Q31*AN31+L31*S31*AO31+L31*U31*AP31+L31*W31*AQ31+L31*Y31*AR31+L31*AA31*AS31+L31*AC31*AT31+L31*AE31*AU31 -> 0 | R31: Receive | T31: Stage | V31: Erect | X31: Connect | Z31: Jeep/Trace | AB31: Mech. Sell Off | AD31: Test | AF31: Post | AI31: PI-401-002 | AJ31: 1 | AK31: Jerry | AN31: 0.02 | AO31: 0.03 | AP31: 0.2 | AQ31: 0.3 | AR31: 0.1 | AS31: 0.1 | AT31: 0.15 | AU31: 0.1 | AV31: 401 | AW31: N/A | AX31: N/A | AY31: N/A | BD31: =#REF!*#REF!+#REF!*#REF!+#REF!*#REF!+#REF!*#REF!+#REF!*#REF! -> #REF! | BE31: =#REF!*#REF!*#REF!+#REF!*#REF!*#REF!+#REF!*#REF!*#REF!+#REF!*#REF!*#REF!+#REF!*#REF!*#REF! -> #REF! | BF31: =BD31-BE31 -> #REF! | BG31: =#REF!*#REF!*#REF! -> #REF! | BH31: =#REF!*#REF!*#REF! -> #REF! | BI31: =#REF!*#REF!*#REF! -> #REF! | BJ31: =BH31+BI31 -> #REF! | BK31: =BG31+BH31+BI31 -> #REF! | BL31: =#REF!*#REF! -> #REF! | BM31: =BE31/BD31 -> #REF! | BN31: =#REF!*#REF!+#REF!*#REF!+#REF!*#REF!+#REF!*#REF!+#REF!*#REF! -> #REF! | BO31: =#REF!*#REF!*#REF!+#REF!*#REF!*#REF!+#REF!*#REF!*#REF!+#REF!*#REF!*#REF!+#REF!*#REF!*#REF! -> #REF! | BP31: =BN31-BO31 -> #REF!
A32: 30 | B32: 120-IA-1227-SHT01 | C32: 0 | D32: CN-2910 | F32: 08211 | G32: IA | H32: INSTRUMENT AIR | I32: 120-IA-1227-SHT01-1 | J32: 02 | K32: 63 | M32: LF | N32: 01CS150 | O32: =P32/AM32 -> #DIV/0! | P32: =L32*Q32*AN32+L32*S32*AO32+L32*U32*AP32+L32*W32*AQ32+L32*Y32*AR32+L32*AA32*AS32+L32*AC32*AT32+L32*AE32*AU32 -> 0 | R32: Receive | T32: Stage | V32: Erect | X32: Connect | Z32: Supts | AB32: Punch | AD32: Test | AF32: Post | AI32: PI-401-004 | AJ32: 1 | AK32: Sandra | AN32: 0.02 | AO32: 0.03 | AP32: 0.2 | AQ32: 0.3 | AR32: 0.1 | AS32: 0.1 | AT32: 0.15 | AU32: 0.1 | AV32: 401 | AW32: CTCE1000-D014 | AX32: N/A | AY32: N/A | BD32: =#REF!*#REF!+#REF!*#REF!+#REF!*#REF!+#REF!*#REF!+#REF!*#REF! -> #REF! | BE32: =#REF!*#REF!*#REF!+#REF!*#REF!*#REF!+#REF!*#REF!*#REF!+#REF!*#REF!*#REF!+#REF!*#REF!*#REF! -> #REF! | BF32: =BD32-BE32 -> #REF! | BG32: =#REF!*#REF!*#REF! -> #REF! | BH32: =#REF!*#REF!*#REF! -> #REF! | BI32: =#REF!*#REF!*#REF! -> #REF! | BJ32: =BH32+BI32 -> #REF! | BK32: =BG32+BH32+BI32 -> #REF! | BL32: =#REF!*#REF! -> #REF! | BM32: =BE32/BD32 -> #REF! | BN32: =#REF!*#REF!+#REF!*#REF!+#REF!*#REF!+#REF!*#REF!+#REF!*#REF! -> #REF! | BO32: =#REF!*#REF!*#REF!+#REF!*#REF!*#REF!+#REF!*#REF!*#REF!+#REF!*#REF!*#REF!+#REF!*#REF!*#REF! -> #REF! | BP32: =BN32-BO32 -> #REF!
A33: 31 | B33: 120-IA-1227-SHT02 | C33: 0 | D33: CN-2910 | F33: 08211 | G33: IA | H33: INSTRUMENT AIR | I33: 120-IA-1227-SHT02-1 | J33: 02 | K33: 38 | M33: LF | N33: 01CS150 | O33: =P33/AM33 -> #DIV/0! | P33: =L33*Q33*AN33+L33*S33*AO33+L33*U33*AP33+L33*W33*AQ33+L33*Y33*AR33+L33*AA33*AS33+L33*AC33*AT33+L33*AE33*AU33 -> 0 | R33: Receive | T33: Stage | V33: Erect | X33: Connect | Z33: Supts | AB33: Punch | AD33: Test | AF33: Post | AJ33: 1 | AK33: Bob | AN33: 0.02 | AO33: 0.03 | AP33: 0.2 | AQ33: 0.3 | AR33: 0.1 | AS33: 0.1 | AT33: 0.15 | AU33: 0.1 | AV33: 120 | AW33: CTCE1000-D014 | AX33: N/A | AY33: N/A | BD33: =#REF!*#REF!+#REF!*#REF!+#REF!*#REF!+#REF!*#REF!+#REF!*#REF! -> #REF! | BE33: =#REF!*#REF!*#REF!+#REF!*#REF!*#REF!+#REF!*#REF!*#REF!+#REF!*#REF!*#REF!+#REF!*#REF!*#REF! -> #REF! | BF33: =BD33-BE33 -> #REF! | BG33: =#REF!*#REF!*#REF! -> #REF! | BH33: =#REF!*#REF!*#REF! -> #REF! | BI33: =#REF!*#REF!*#REF! -> #REF! | BJ33: =BH33+BI33 -> #REF! | BK33: =BG33+BH33+BI33 -> #REF! | BL33: =#REF!*#REF! -> #REF! | BM33: =BE33/BD33 -> #REF! | BN33: =#REF!*#REF!+#REF!*#REF!+#REF!*#REF!+#REF!*#REF!+#REF!*#REF! -> #REF! | BO33: =#REF!*#REF!*#REF!+#REF!*#REF!*#REF!+#REF!*#REF!*#REF!+#REF!*#REF!*#REF!+#REF!*#REF!*#REF! -> #REF! | BP33: =BN33-BO33 -> #REF!
A34: 32 | B34: 120-IA-1227-SHT03 | C34: 0 | D34: CN-2910 | F34: 08211 | G34: IA | H34: INSTRUMENT AIR | I34: 120-IA-1227-SHT03-1 | J34: 02 | K34: 81 | M34: LF | N34: 01CS150 | O34: =P34/AM34 -> #DIV/0! | P34: =L34*Q34*AN34+L34*S34*AO34+L34*U34*AP34+L34*W34*AQ34+L34*Y34*AR34+L34*AA34*AS34+L34*AC34*AT34+L34*AE34*AU34 -> 0 | R34: Receive | T34: Stage | V34: Erect | X34: Connect | Z34: Supts | AB34: Punch | AD34: Test | AF34: Post | AJ34: 1 | AK34: Jose | AN34: 0.02 | AO34: 0.03 | AP34: 0.2 | AQ34: 0.3 | AR34: 0.1 | AS34: 0.1 | AT34: 0.15 | AU34: 0.1 | AV34: 120 | AW34: CTCE1000-D014 | AX34: N/A | AY34: N/A | BD34: =#REF!*#REF!+#REF!*#REF!+#REF!*#REF!+#REF!*#REF!+#REF!*#REF! -> #REF! | BE34: =#REF!*#REF!*#REF!+#REF!*#REF!*#REF!+#REF!*#REF!*#REF!+#REF!*#REF!*#REF!+#REF!*#REF!*#REF! -> #REF! | BF34: =BD34-BE34 -> #REF! | BG34: =#REF!*#REF!*#REF! -> #REF! | BH34: =#REF!*#REF!*#REF! -> #REF! | BI34: =#REF!*#REF!*#REF! -> #REF! | BJ34: =BH34+BI34 -> #REF! | BK34: =BG34+BH34+BI34 -> #REF! | BL34: =#REF!*#REF! -> #REF! | BM34: =BE34/BD34 -> #REF! | BN34: =#REF!*#REF!+#REF!*#REF!+#REF!*#REF!+#REF!*#REF!+#REF!*#REF! -> #REF! | BO34: =#REF!*#REF!*#REF!+#REF!*#REF!*#REF!+#REF!*#REF!*#REF!+#REF!*#REF!*#REF!+#REF!*#REF!*#REF! -> #REF! | BP34: =BN34-BO34 -> #REF!
A35: 33 | B35: 120-IA-1227-SHT04 | C35: 0 | D35: CN-2910 | F35: 08211 | G35: IA | H35: INSTRUMENT AIR | I35: 120-IA-1227-SHT04-1 | J35: 02 | K35: 38 | M35: LF | N35: 01CS150 | O35: =P35/AM35 -> #DIV/0! | P35: =L35*Q35*AN35+L35*S35*AO35+L35*U35*AP35+L35*W35*AQ35+L35*Y35*AR35+L35*AA35*AS35+L35*AC35*AT35+L35*AE35*AU35 -> 0 | R35: Receive | T35: Stage | V35: Erect | X35: Connect | Z35: Supts | AB35: Punch | AD35: Test | AF35: Post | AJ35: 1 | AK35: Juan | AN35: 0.02 | AO35: 0.03 | AP35: 0.2 | AQ35: 0.3 | AR35: 0.1 | AS35: 0.1 | AT35: 0.15 | AU35: 0.1 | AV35: 120 | AW35: CTCE1000-D014 | AX35: N/A | AY35: N/A | BD35: =#REF!*#REF!+#REF!*#REF!+#REF!*#REF!+#REF!*#REF!+#REF!*#REF! -> #REF! | BE35: =#REF!*#REF!*#REF!+#REF!*#REF!*#REF!+#REF!*#REF!*#REF!+#REF!*#REF!*#REF!+#REF!*#REF!*#REF! -> #REF! | BF35: =BD35-BE35 -> #REF! | BG35: =#REF!*#REF!*#REF! -> #REF! | BH35: =#REF!*#REF!*#REF! -> #REF! | BI35: =#REF!*#REF!*#REF! -> #REF! | BJ35: =BH35+BI35 -> #REF! | BK35: =BG35+BH35+BI35 -> #REF! | BL35: =#REF!*#REF! -> #REF! | BM35: =BE35/BD35 -> #REF! | BN35: =#REF!*#REF!+#REF!*#REF!+#REF!*#REF!+#REF!*#REF!+#REF!*#REF! -> #REF! | BO35: =#REF!*#REF!*#REF!+#REF!*#REF!*#REF!+#REF!*#REF!*#REF!+#REF!*#REF!*#REF!+#REF!*#REF!*#REF! -> #REF! | BP35: =BN35-BO35 -> #REF!
A36: 34 | B36: 120-DR-587-SHT01 | C36: 0 | D36: CN-2760 | F36: 08331 | G36: DR | H36: DRAINS DRR DRIPS RETURN | I36: 120-DR-587-SHT01-1 | J36: 02 | K36: 139 | M36: LF | N36: 01HDPE | O36: =P36/AM36 -> #DIV/0! | P36: =L36*Q36*AN36+L36*S36*AO36+L36*U36*AP36+L36*W36*AQ36+L36*Y36*AR36+L36*AA36*AS36+L36*AC36*AT36+L36*AE36*AU36 -> 0 | R36: Receive | T36: Stage | V36: Erect | X36: Connect | Z36: Jeep/Trace | AB36: Mech. Sell Off | AD36: Test | AF36: Post | AI36: PI-401-002 | AJ36: 1 | AK36: Jerry | AN36: 0.02 | AO36: 0.03 | AP36: 0.2 | AQ36: 0.3 | AR36: 0.1 | AS36: 0.1 | AT36: 0.15 | AU36: 0.1 | AV36: 401 | AW36: N/A | AX36: N/A | AY36: N/A | BD36: =#REF!*#REF!+#REF!*#REF!+#REF!*#REF!+#REF!*#REF!+#REF!*#REF! -> #REF! | BE36: =#REF!*#REF!*#REF!+#REF!*#REF!*#REF!+#REF!*#REF!*#REF!+#REF!*#REF!*#REF!+#REF!*#REF!*#REF! -> #REF! | BF36: =BD36-BE36 -> #REF! | BG36: =#REF!*#REF!*#REF! -> #REF! | BH36: =#REF!*#REF!*#REF! -> #REF! | BI36: =#REF!*#REF!*#REF! -> #REF! | BJ36: =BH36+BI36 -> #REF! | BK36: =BG36+BH36+BI36 -> #REF! | BL36: =#REF!*#REF! -> #REF! | BM36: =BE36/BD36 -> #REF! | BN36: =#REF!*#REF!+#REF!*#REF!+#REF!*#REF!+#REF!*#REF!+#REF!*#REF! -> #REF! | BO36: =#REF!*#REF!*#REF!+#REF!*#REF!*#REF!+#REF!*#REF!*#REF!+#REF!*#REF!*#REF!+#REF!*#REF!*#REF! -> #REF! | BP36: =BN36-BO36 -> #REF!
A37: 35 | B37: 120-DR-587-SHT02 | C37: 0 | D37: CN-2760 | F37: 08331 | G37: DR | H37: DRAINS DRR DRIPS RETURN | I37: 120-DR-587-SHT02-1 | J37: 02 | K37: 210 | M37: LF | N37: 01HDPE | O37: =P37/AM37 -> #DIV/0! | P37: =L37*Q37*AN37+L37*S37*AO37+L37*U37*AP37+L37*W37*AQ37+L37*Y37*AR37+L37*AA37*AS37+L37*AC37*AT37+L37*AE37*AU37 -> 0 | R37: Receive | T37: Stage | V37: Erect | X37: Connect | Z37: Jeep/Trace | AB37: Mech. Sell Off | AD37: Test | AF37: Post | AI37: PI-401-002 | AJ37: 1 | AK37: Sandra | AN37: 0.02 | AO37: 0.03 | AP37: 0.2 | AQ37: 0.3 | AR37: 0.1 | AS37: 0.1 | AT37: 0.15 | AU37: 0.1 | AV37: 401 | AW37: N/A | AX37: N/A | AY37: N/A | BD37: =#REF!*#REF!+#REF!*#REF!+#REF!*#REF!+#REF!*#REF!+#REF!*#REF! -> #REF! | BE37: =#REF!*#REF!*#REF!+#REF!*#REF!*#REF!+#REF!*#REF!*#REF!+#REF!*#REF!*#REF!+#REF!*#REF!*#REF! -> #REF! | BF37: =BD37-BE37 -> #REF! | BG37: =#REF!*#REF!*#REF! -> #REF! | BH37: =#REF!*#REF!*#REF! -> #REF! | BI37: =#REF!*#REF!*#REF! -> #REF! | BJ37: =BH37+BI37 -> #REF! | BK37: =BG37+BH37+BI37 -> #REF! | BL37: =#REF!*#REF! -> #REF! | BM37: =BE37/BD37 -> #REF! | BN37: =#REF!*#REF!+#REF!*#REF!+#REF!*#REF!+#REF!*#REF!+#REF!*#REF! -> #REF! | BO37: =#REF!*#REF!*#REF!+#REF!*#REF!*#REF!+#REF!*#REF!*#REF!+#REF!*#REF!*#REF!+#REF!*#REF!*#REF! -> #REF! | BP37: =BN37-BO37 -> #REF!
A38: 36 | B38: 120-NH3-2103-SHT01 | C38: 0 | D38: CN-2970 | F38: 08332 | G38: NH3 | H38: AMMONIA | I38: 120-NH3-2103-SHT01-1 | J38: 03 | K38: 107 | M38: LF | N38: 01HDPE | O38: =P38/AM38 -> #DIV/0! | P38: =L38*Q38*AN38+L38*S38*AO38+L38*U38*AP38+L38*W38*AQ38+L38*Y38*AR38+L38*AA38*AS38+L38*AC38*AT38+L38*AE38*AU38 -> 0 | R38: Receive | T38: Stage | V38: Erect | X38: Connect | Z38: Jeep/Trace | AB38: Mech. Sell Off | AD38: Test | AF38: Post | AI38: PI-401-001 | AJ38: 1 | AK38: Bob | AN38: 0.02 | AO38: 0.03 | AP38: 0.2 | AQ38: 0.3 | AR38: 0.1 | AS38: 0.1 | AT38: 0.15 | AU38: 0.1 | AV38: 401 | AW38: N/A | AX38: N/A | AY38: N/A | BD38: =#REF!*#REF!+#REF!*#REF!+#REF!*#REF!+#REF!*#REF!+#REF!*#REF! -> #REF! | BE38: =#REF!*#REF!*#REF!+#REF!*#REF!*#REF!+#REF!*#REF!*#REF!+#REF!*#REF!*#REF!+#REF!*#REF!*#REF! -> #REF! | BF38: =BD38-BE38 -> #REF! | BG38: =#REF!*#REF!*#REF! -> #REF! | BH38: =#REF!*#REF!*#REF! -> #REF! | BI38: =#REF!*#REF!*#REF! -> #REF! | BJ38: =BH38+BI38 -> #REF! | BK38: =BG38+BH38+BI38 -> #REF! | BL38: =#REF!*#REF! -> #REF! | BM38: =BE38/BD38 -> #REF! | BN38: =#REF!*#REF!+#REF!*#REF!+#REF!*#REF!+#REF!*#REF!+#REF!*#REF! -> #REF! | BO38: =#REF!*#REF!*#REF!+#REF!*#REF!*#REF!+#REF!*#REF!*#REF!+#REF!*#REF!*#REF!+#REF!*#REF!*#REF! -> #REF! | BP38: =BN38-BO38 -> #REF!
A39: 37 | B39: 120-NH3-2103-SHT02 | C39: 0 | D39: CN-2970 | F39: 08332 | G39: NH3 | H39: AMMONIA | I39: 120-NH3-2103-SHT02-1 | J39: 03 | K39: 400 | M39: LF | N39: 01HDPE | O39: =P39/AM39 -> #DIV/0! | P39: =L39*Q39*AN39+L39*S39*AO39+L39*U39*AP39+L39*W39*AQ39+L39*Y39*AR39+L39*AA39*AS39+L39*AC39*AT39+L39*AE39*AU39 -> 0 | R39: Receive | T39: Stage | V39: Erect | X39: Connect | Z39: Jeep/Trace | AB39: Mech. Sell Off | AD39: Test | AF39: Post | AI39: PI-401-001 | AJ39: 1 | AK39: Jose | AN39: 0.02 | AO39: 0.03 | AP39: 0.2 | AQ39: 0.3 | AR39: 0.1 | AS39: 0.1 | AT39: 0.15 | AU39: 0.1 | AV39: 401 | AW39: N/A | AX39: N/A | AY39: N/A | BD39: =#REF!*#REF!+#REF!*#REF!+#REF!*#REF!+#REF!*#REF!+#REF!*#REF! -> #REF! | BE39: =#REF!*#REF!*#REF!+#REF!*#REF!*#REF!+#REF!*#REF!*#REF!+#REF!*#REF!*#REF!+#REF!*#REF!*#REF! -> #REF! | BF39: =BD39-BE39 -> #REF! | BG39: =#REF!*#REF!*#REF! -> #REF! | BH39: =#REF!*#REF!*#REF! -> #REF! | BI39: =#REF!*#REF!*#REF! -> #REF! | BJ39: =BH39+BI39 -> #REF! | BK39: =BG39+BH39+BI39 -> #REF! | BL39: =#REF!*#REF! -> #REF! | BM39: =BE39/BD39 -> #REF! | BN39: =#REF!*#REF!+#REF!*#REF!+#REF!*#REF!+#REF!*#REF!+#REF!*#REF! -> #REF! | BO39: =#REF!*#REF!*#REF!+#REF!*#REF!*#REF!+#REF!*#REF!*#REF!+#REF!*#REF!*#REF!+#REF!*#REF!*#REF! -> #REF! | BP39: =BN39-BO39 -> #REF!
A40: 38 | B40: 120-NH3-2103-SHT03 | C40: 0 | D40: CN-2970 | F40: 08332 | G40: NH3 | H40: AMMONIA | I40: 120-NH3-2103-SHT03-1 | J40: 03 | K40: 71 | M40: LF | N40: 01HDPE | O40: =P40/AM40 -> #DIV/0! | P40: =L40*Q40*AN40+L40*S40*AO40+L40*U40*AP40+L40*W40*AQ40+L40*Y40*AR40+L40*AA40*AS40+L40*AC40*AT40+L40*AE40*AU40 -> 0 | R40: Receive | T40: Stage | V40: Erect | X40: Connect | Z40: Jeep/Trace | AB40: Mech. Sell Off | AD40: Test | AF40: Post | AJ40: 1 | AK40: Juan | AN40: 0.02 | AO40: 0.03 | AP40: 0.2 | AQ40: 0.3 | AR40: 0.1 | AS40: 0.1 | AT40: 0.15 | AU40: 0.1 | AV40: 120 | AW40: N/A | AX40: N/A | AY40: N/A | BD40: =#REF!*#REF!+#REF!*#REF!+#REF!*#REF!+#REF!*#REF!+#REF!*#REF! -> #REF! | BE40: =#REF!*#REF!*#REF!+#REF!*#REF!*#REF!+#REF!*#REF!*#REF!+#REF!*#REF!*#REF!+#REF!*#REF!*#REF! -> #REF! | BF40: =BD40-BE40 -> #REF! | BG40: =#REF!*#REF!*#REF! -> #REF! | BH40: =#REF!*#REF!*#REF! -> #REF! | BI40: =#REF!*#REF!*#REF! -> #REF! | BJ40: =BH40+BI40 -> #REF! | BK40: =BG40+BH40+BI40 -> #REF! | BL40: =#REF!*#REF! -> #REF! | BM40: =BE40/BD40 -> #REF! | BN40: =#REF!*#REF!+#REF!*#REF!+#REF!*#REF!+#REF!*#REF!+#REF!*#REF! -> #REF! | BO40: =#REF!*#REF!*#REF!+#REF!*#REF!*#REF!+#REF!*#REF!*#REF!+#REF!*#REF!*#REF!+#REF!*#REF!*#REF! -> #REF! | BP40: =BN40-BO40 -> #REF!
A41: 39 | B41: 120-PW-1920-SHT01 | C41: 0 | D41: CN-2970 | F41: 08331 | G41: PW | H41: POTABLE WATER | I41: 120-PW-1920-SHT01-1 | J41: 01.5 | K41: 282 | M41: LF | N41: 01HDPE | O41: =P41/AM41 -> #DIV/0! | P41: =L41*Q41*AN41+L41*S41*AO41+L41*U41*AP41+L41*W41*AQ41+L41*Y41*AR41+L41*AA41*AS41+L41*AC41*AT41+L41*AE41*AU41 -> 0 | R41: Receive | T41: Stage | V41: Erect | X41: Connect | Z41: Jeep/Trace | AB41: Mech. Sell Off | AD41: Test | AF41: Post | AI41: PI-401-001 | AJ41: 1 | AK41: Jerry | AN41: 0.02 | AO41: 0.03 | AP41: 0.2 | AQ41: 0.3 | AR41: 0.1 | AS41: 0.1 | AT41: 0.15 | AU41: 0.1 | AV41: 401 | AW41: N/A | AX41: N/A | AY41: N/A | BD41: =#REF!*#REF!+#REF!*#REF!+#REF!*#REF!+#REF!*#REF!+#REF!*#REF! -> #REF! | BE41: =#REF!*#REF!*#REF!+#REF!*#REF!*#REF!+#REF!*#REF!*#REF!+#REF!*#REF!*#REF!+#REF!*#REF!*#REF! -> #REF! | BF41: =BD41-BE41 -> #REF! | BG41: =#REF!*#REF!*#REF! -> #REF! | BH41: =#REF!*#REF!*#REF! -> #REF! | BI41: =#REF!*#REF!*#REF! -> #REF! | BJ41: =BH41+BI41 -> #REF! | BK41: =BG41+BH41+BI41 -> #REF! | BL41: =#REF!*#REF! -> #REF! | BM41: =BE41/BD41 -> #REF! | BN41: =#REF!*#REF!+#REF!*#REF!+#REF!*#REF!+#REF!*#REF!+#REF!*#REF! -> #REF! | BO41: =#REF!*#REF!*#REF!+#REF!*#REF!*#REF!+#REF!*#REF!*#REF!+#REF!*#REF!*#REF!+#REF!*#REF!*#REF! -> #REF! | BP41: =BN41-BO41 -> #REF!
A42: 40 | B42: 120-PW-1920-SHT02 | C42: 1 | D42: CN-2970 | F42: 08331 | G42: PW | H42: POTABLE WATER | I42: 120-PW-1920-SHT02-1 | J42: 01.5 | K42: 144 | M42: LF | N42: 01HDPE | O42: =P42/AM42 -> #DIV/0! | P42: =L42*Q42*AN42+L42*S42*AO42+L42*U42*AP42+L42*W42*AQ42+L42*Y42*AR42+L42*AA42*AS42+L42*AC42*AT42+L42*AE42*AU42 -> 0 | R42: Receive | T42: Stage | V42: Erect | X42: Connect | Z42: Jeep/Trace | AB42: Mech. Sell Off | AD42: Test | AF42: Post | AJ42: 1 | AK42: Sandra | AN42: 0.02 | AO42: 0.03 | AP42: 0.2 | AQ42: 0.3 | AR42: 0.1 | AS42: 0.1 | AT42: 0.15 | AU42: 0.1 | AV42: 120 | AW42: N/A | AX42: N/A | AY42: N/A | BD42: =#REF!*#REF!+#REF!*#REF!+#REF!*#REF!+#REF!*#REF!+#REF!*#REF! -> #REF! | BE42: =#REF!*#REF!*#REF!+#REF!*#REF!*#REF!+#REF!*#REF!*#REF!+#REF!*#REF!*#REF!+#REF!*#REF!*#REF! -> #REF! | BF42: =BD42-BE42 -> #REF! | BG42: =#REF!*#REF!*#REF! -> #REF! | BH42: =#REF!*#REF!*#REF! -> #REF! | BI42: =#REF!*#REF!*#REF! -> #REF! | BJ42: =BH42+BI42 -> #REF! | BK42: =BG42+BH42+BI42 -> #REF! | BL42: =#REF!*#REF! -> #REF! | BM42: =BE42/BD42 -> #REF! | BN42: =#REF!*#REF!+#REF!*#REF!+#REF!*#REF!+#REF!*#REF!+#REF!*#REF! -> #REF! | BO42: =#REF!*#REF!*#REF!+#REF!*#REF!*#REF!+#REF!*#REF!*#REF!+#REF!*#REF!*#REF!+#REF!*#REF!*#REF! -> #REF! | BP42: =BN42-BO42 -> #REF!
A43: 41 | B43: 120-PW-1920-SHT03 | C43: 0 | D43: CN-2970 | F43: 08331 | G43: PW | H43: POTABLE WATER | I43: 120-PW-1920-SHT03-1 | J43: 01.5 | K43: 218 | M43: LF | N43: 01HDPE | O43: =P43/AM43 -> #DIV/0! | P43: =L43*Q43*AN43+L43*S43*AO43+L43*U43*AP43+L43*W43*AQ43+L43*Y43*AR43+L43*AA43*AS43+L43*AC43*AT43+L43*AE43*AU43 -> 0 | R43: Receive | T43: Stage | V43: Erect | X43: Connect | Z43: Jeep/Trace | AB43: Mech. Sell Off | AD43: Test | AF43: Post | AJ43: 1 | AK43: Bob | AN43: 0.02 | AO43: 0.03 | AP43: 0.2 | AQ43: 0.3 | AR43: 0.1 | AS43: 0.1 | AT43: 0.15 | AU43: 0.1 | AV43: 120 | AW43: N/A | AX43: N/A | AY43: N/A | BD43: =#REF!*#REF!+#REF!*#REF!+#REF!*#REF!+#REF!*#REF!+#REF!*#REF! -> #REF! | BE43: =#REF!*#REF!*#REF!+#REF!*#REF!*#REF!+#REF!*#REF!*#REF!+#REF!*#REF!*#REF!+#REF!*#REF!*#REF! -> #REF! | BF43: =BD43-BE43 -> #REF! | BG43: =#REF!*#REF!*#REF! -> #REF! | BH43: =#REF!*#REF!*#REF! -> #REF! | BI43: =#REF!*#REF!*#REF! -> #REF! | BJ43: =BH43+BI43 -> #REF! | BK43: =BG43+BH43+BI43 -> #REF! | BL43: =#REF!*#REF! -> #REF! | BM43: =BE43/BD43 -> #REF! | BN43: =#REF!*#REF!+#REF!*#REF!+#REF!*#REF!+#REF!*#REF!+#REF!*#REF! -> #REF! | BO43: =#REF!*#REF!*#REF!+#REF!*#REF!*#REF!+#REF!*#REF!*#REF!+#REF!*#REF!*#REF!+#REF!*#REF!*#REF! -> #REF! | BP43: =BN43-BO43 -> #REF!
A44: 42 | B44: 120-DR-565-SHT01 | C44: 0 | D44: CN-2760 | F44: 08331 | G44: DR | H44: DRAINS DRR DRIPS RETURN | I44: 120-DR-565-SHT01-1 | J44: 02 | K44: 82 | M44: LF | N44: 01HDPE | O44: =P44/AM44 -> #DIV/0! | P44: =L44*Q44*AN44+L44*S44*AO44+L44*U44*AP44+L44*W44*AQ44+L44*Y44*AR44+L44*AA44*AS44+L44*AC44*AT44+L44*AE44*AU44 -> 0 | R44: Receive | T44: Stage | V44: Erect | X44: Connect | Z44: Jeep/Trace | AB44: Mech. Sell Off | AD44: Test | AF44: Post | AI44: PI-401-002 | AJ44: 1 | AK44: Jose | AN44: 0.02 | AO44: 0.03 | AP44: 0.2 | AQ44: 0.3 | AR44: 0.1 | AS44: 0.1 | AT44: 0.15 | AU44: 0.1 | AV44: 401 | AW44: N/A | AX44: N/A | AY44: N/A | BD44: =#REF!*#REF!+#REF!*#REF!+#REF!*#REF!+#REF!*#REF!+#REF!*#REF! -> #REF! | BE44: =#REF!*#REF!*#REF!+#REF!*#REF!*#REF!+#REF!*#REF!*#REF!+#REF!*#REF!*#REF!+#REF!*#REF!*#REF! -> #REF! | BF44: =BD44-BE44 -> #REF! | BG44: =#REF!*#REF!*#REF! -> #REF! | BH44: =#REF!*#REF!*#REF! -> #REF! | BI44: =#REF!*#REF!*#REF! -> #REF! | BJ44: =BH44+BI44 -> #REF! | BK44: =BG44+BH44+BI44 -> #REF! | BL44: =#REF!*#REF! -> #REF! | BM44: =BE44/BD44 -> #REF! | BN44: =#REF!*#REF!+#REF!*#REF!+#REF!*#REF!+#REF!*#REF!+#REF!*#REF! -> #REF! | BO44: =#REF!*#REF!*#REF!+#REF!*#REF!*#REF!+#REF!*#REF!*#REF!+#REF!*#REF!*#REF!+#REF!*#REF!*#REF! -> #REF! | BP44: =BN44-BO44 -> #REF!
A45: 43 | B45: 120-DR-588-SHT01 | C45: 0 | D45: CN-2760 | F45: 08331 | G45: DR | H45: DRAINS DRR DRIPS RETURN | I45: 120-DR-588-SHT01-1 | J45: 02 | K45: 63 | M45: LF | N45: 01HDPE | O45: =P45/AM45 -> #DIV/0! | P45: =L45*Q45*AN45+L45*S45*AO45+L45*U45*AP45+L45*W45*AQ45+L45*Y45*AR45+L45*AA45*AS45+L45*AC45*AT45+L45*AE45*AU45 -> 0 | R45: Receive | T45: Stage | V45: Erect | X45: Connect | Z45: Jeep/Trace | AB45: Mech. Sell Off | AD45: Test | AF45: Post | AI45: PI-401-002 | AJ45: 1 | AK45: Juan | AN45: 0.02 | AO45: 0.03 | AP45: 0.2 | AQ45: 0.3 | AR45: 0.1 | AS45: 0.1 | AT45: 0.15 | AU45: 0.1 | AV45: 401 | AW45: N/A | AX45: N/A | AY45: N/A | BD45: =#REF!*#REF!+#REF!*#REF!+#REF!*#REF!+#REF!*#REF!+#REF!*#REF! -> #REF! | BE45: =#REF!*#REF!*#REF!+#REF!*#REF!*#REF!+#REF!*#REF!*#REF!+#REF!*#REF!*#REF!+#REF!*#REF!*#REF! -> #REF! | BF45: =BD45-BE45 -> #REF! | BG45: =#REF!*#REF!*#REF! -> #REF! | BH45: =#REF!*#REF!*#REF! -> #REF! | BI45: =#REF!*#REF!*#REF! -> #REF! | BJ45: =BH45+BI45 -> #REF! | BK45: =BG45+BH45+BI45 -> #REF! | BL45: =#REF!*#REF! -> #REF! | BM45: =BE45/BD45 -> #REF! | BN45: =#REF!*#REF!+#REF!*#REF!+#REF!*#REF!+#REF!*#REF!+#REF!*#REF! -> #REF! | BO45: =#REF!*#REF!*#REF!+#REF!*#REF!*#REF!+#REF!*#REF!*#REF!+#REF!*#REF!*#REF!+#REF!*#REF!*#REF! -> #REF! | BP45: =BN45-BO45 -> #REF!
A46: 44 | B46: 120-DR-594-SHT01 | C46: 0 | D46: CN-2760 | F46: 08331 | G46: DR | H46: DRAINS DRR DRIPS RETURN | I46: 120-DR-594-SHT01-1 | J46: 02 | K46: 51 | M46: LF | N46: 01HDPE | O46: =P46/AM46 -> #DIV/0! | P46: =L46*Q46*AN46+L46*S46*AO46+L46*U46*AP46+L46*W46*AQ46+L46*Y46*AR46+L46*AA46*AS46+L46*AC46*AT46+L46*AE46*AU46 -> 0 | R46: Receive | T46: Stage | V46: Erect | X46: Connect | Z46: Jeep/Trace | AB46: Mech. Sell Off | AD46: Test | AF46: Post | AJ46: 1 | AK46: Jerry | AN46: 0.02 | AO46: 0.03 | AP46: 0.2 | AQ46: 0.3 | AR46: 0.1 | AS46: 0.1 | AT46: 0.15 | AU46: 0.1 | AV46: 120 | AW46: N/A | AX46: N/A | AY46: N/A | BD46: =#REF!*#REF!+#REF!*#REF!+#REF!*#REF!+#REF!*#REF!+#REF!*#REF! -> #REF! | BE46: =#REF!*#REF!*#REF!+#REF!*#REF!*#REF!+#REF!*#REF!*#REF!+#REF!*#REF!*#REF!+#REF!*#REF!*#REF! -> #REF! | BF46: =BD46-BE46 -> #REF! | BG46: =#REF!*#REF!*#REF! -> #REF! | BH46: =#REF!*#REF!*#REF! -> #REF! | BI46: =#REF!*#REF!*#REF! -> #REF! | BJ46: =BH46+BI46 -> #REF! | BK46: =BG46+BH46+BI46 -> #REF! | BL46: =#REF!*#REF! -> #REF! | BM46: =BE46/BD46 -> #REF! | BN46: =#REF!*#REF!+#REF!*#REF!+#REF!*#REF!+#REF!*#REF!+#REF!*#REF! -> #REF! | BO46: =#REF!*#REF!*#REF!+#REF!*#REF!*#REF!+#REF!*#REF!*#REF!+#REF!*#REF!*#REF!+#REF!*#REF!*#REF! -> #REF! | BP46: =BN46-BO46 -> #REF!
A47: 45 | B47: 120-DR-595-SHT01 | C47: 0 | D47: CN-2760 | F47: 08331 | G47: DR | H47: DRAINS DRR DRIPS RETURN | I47: 120-DR-595-SHT01-1 | J47: 02 | K47: 46 | M47: LF | N47: 01HDPE | O47: =P47/AM47 -> #DIV/0! | P47: =L47*Q47*AN47+L47*S47*AO47+L47*U47*AP47+L47*W47*AQ47+L47*Y47*AR47+L47*AA47*AS47+L47*AC47*AT47+L47*AE47*AU47 -> 0 | R47: Receive | T47: Stage | V47: Erect | X47: Connect | Z47: Jeep/Trace | AB47: Mech. Sell Off | AD47: Test | AF47: Post | AJ47: 1 | AK47: Sandra | AN47: 0.02 | AO47: 0.03 | AP47: 0.2 | AQ47: 0.3 | AR47: 0.1 | AS47: 0.1 | AT47: 0.15 | AU47: 0.1 | AV47: 120 | AW47: N/A | AX47: N/A | AY47: N/A | BD47: =#REF!*#REF!+#REF!*#REF!+#REF!*#REF!+#REF!*#REF!+#REF!*#REF! -> #REF! | BE47: =#REF!*#REF!*#REF!+#REF!*#REF!*#REF!+#REF!*#REF!*#REF!+#REF!*#REF!*#REF!+#REF!*#REF!*#REF! -> #REF! | BF47: =BD47-BE47 -> #REF! | BG47: =#REF!*#REF!*#REF! -> #REF! | BH47: =#REF!*#REF!*#REF! -> #REF! | BI47: =#REF!*#REF!*#REF! -> #REF! | BJ47: =BH47+BI47 -> #REF! | BK47: =BG47+BH47+BI47 -> #REF! | BL47: =#REF!*#REF! -> #REF! | BM47: =BE47/BD47 -> #REF! | BN47: =#REF!*#REF!+#REF!*#REF!+#REF!*#REF!+#REF!*#REF!+#REF!*#REF! -> #REF! | BO47: =#REF!*#REF!*#REF!+#REF!*#REF!*#REF!+#REF!*#REF!*#REF!+#REF!*#REF!*#REF!+#REF!*#REF!*#REF! -> #REF! | BP47: =BN47-BO47 -> #REF!
A48: 46 | B48: 120-DW-1727-SHT01 | C48: 0 | D48: CN-2790 | F48: 08332 | G48: DW | H48: DEMIN WATER | I48: 120-DW-1727-SHT01-1 | J48: 06 | K48: 30 | M48: LF | N48: 01HDPE | O48: =P48/AM48 -> #DIV/0! | P48: =L48*Q48*AN48+L48*S48*AO48+L48*U48*AP48+L48*W48*AQ48+L48*Y48*AR48+L48*AA48*AS48+L48*AC48*AT48+L48*AE48*AU48 -> 0 | R48: Receive | T48: Stage | V48: Erect | X48: Connect | Z48: Jeep/Trace | AB48: Mech. Sell Off | AD48: Test | AF48: Post | AI48: PI-401-002 | AJ48: 1 | AK48: Bob | AN48: 0.02 | AO48: 0.03 | AP48: 0.2 | AQ48: 0.3 | AR48: 0.1 | AS48: 0.1 | AT48: 0.15 | AU48: 0.1 | AV48: 401 | AW48: N/A | AX48: N/A | AY48: N/A | BD48: =#REF!*#REF!+#REF!*#REF!+#REF!*#REF!+#REF!*#REF!+#REF!*#REF! -> #REF! | BE48: =#REF!*#REF!*#REF!+#REF!*#REF!*#REF!+#REF!*#REF!*#REF!+#REF!*#REF!*#REF!+#REF!*#REF!*#REF! -> #REF! | BF48: =BD48-BE48 -> #REF! | BG48: =#REF!*#REF!*#REF! -> #REF! | BH48: =#REF!*#REF!*#REF! -> #REF! | BI48: =#REF!*#REF!*#REF! -> #REF! | BJ48: =BH48+BI48 -> #REF! | BK48: =BG48+BH48+BI48 -> #REF! | BL48: =#REF!*#REF! -> #REF! | BM48: =BE48/BD48 -> #REF! | BN48: =#REF!*#REF!+#REF!*#REF!+#REF!*#REF!+#REF!*#REF!+#REF!*#REF! -> #REF! | BO48: =#REF!*#REF!*#REF!+#REF!*#REF!*#REF!+#REF!*#REF!*#REF!+#REF!*#REF!*#REF!+#REF!*#REF!*#REF! -> #REF! | BP48: =BN48-BO48 -> #REF!
A49: 47 | B49: 120-FG-200-SHT02 | C49: 0 | D49: CN-2820 | F49: 08212 | G49: FG | H49: FUEL GAS | I49: 120-FG-200-SHT02-1 | J49: 10 | K49: 52 | M49: LF | N49: 01CS300 | O49: =P49/AM49 -> #DIV/0! | P49: =L49*Q49*AN49+L49*S49*AO49+L49*U49*AP49+L49*W49*AQ49+L49*Y49*AR49+L49*AA49*AS49+L49*AC49*AT49+L49*AE49*AU49 -> 0 | R49: Receive | T49: Stage | V49: Erect | X49: Connect | Z49: Supts | AB49: Punch | AD49: Test | AF49: Post | AI49: PI-401-004 | AJ49: 1 | AK49: Jose | AN49: 0.02 | AO49: 0.03 | AP49: 0.2 | AQ49: 0.3 | AR49: 0.1 | AS49: 0.1 | AT49: 0.15 | AU49: 0.1 | AV49: 401 | AW49: N/A | AX49: N/A | AY49: N/A | BD49: =#REF!*#REF!+#REF!*#REF!+#REF!*#REF!+#REF!*#REF!+#REF!*#REF! -> #REF! | BE49: =#REF!*#REF!*#REF!+#REF!*#REF!*#REF!+#REF!*#REF!*#REF!+#REF!*#REF!*#REF!+#REF!*#REF!*#REF! -> #REF! | BF49: =BD49-BE49 -> #REF! | BG49: =#REF!*#REF!*#REF! -> #REF! | BH49: =#REF!*#REF!*#REF! -> #REF! | BI49: =#REF!*#REF!*#REF! -> #REF! | BJ49: =BH49+BI49 -> #REF! | BK49: =BG49+BH49+BI49 -> #REF! | BL49: =#REF!*#REF! -> #REF! | BM49: =BE49/BD49 -> #REF! | BN49: =#REF!*#REF!+#REF!*#REF!+#REF!*#REF!+#REF!*#REF!+#REF!*#REF! -> #REF! | BO49: =#REF!*#REF!*#REF!+#REF!*#REF!*#REF!+#REF!*#REF!*#REF!+#REF!*#REF!*#REF!+#REF!*#REF!*#REF! -> #REF! | BP49: =BN49-BO49 -> #REF!
A50: 48 | B50: 120-FG-203-SHT3 | C50: 0 | D50: CN-2820 | F50: 08212 | G50: FG | H50: FUEL GAS | I50: 120-FG-203-SHT3-1 | J50: 06 | K50: 85 | M50: LF | N50: 01CS300 | O50: =P50/AM50 -> #DIV/0! | P50: =L50*Q50*AN50+L50*S50*AO50+L50*U50*AP50+L50*W50*AQ50+L50*Y50*AR50+L50*AA50*AS50+L50*AC50*AT50+L50*AE50*AU50 -> 0 | R50: Receive | T50: Stage | V50: Erect | X50: Connect | Z50: Supts | AB50: Punch | AD50: Test | AF50: Post | AI50: PI-401-003 | AJ50: 1 | AK50: Juan | AN50: 0.02 | AO50: 0.03 | AP50: 0.2 | AQ50: 0.3 | AR50: 0.1 | AS50: 0.1 | AT50: 0.15 | AU50: 0.1 | AV50: 401 | AW50: N/A | AX50: N/A | AY50: N/A | BD50: =#REF!*#REF!+#REF!*#REF!+#REF!*#REF!+#REF!*#REF!+#REF!*#REF! -> #REF! | BE50: =#REF!*#REF!*#REF!+#REF!*#REF!*#REF!+#REF!*#REF!*#REF!+#REF!*#REF!*#REF!+#REF!*#REF!*#REF! -> #REF! | BF50: =BD50-BE50 -> #REF! | BG50: =#REF!*#REF!*#REF! -> #REF! | BH50: =#REF!*#REF!*#REF! -> #REF! | BI50: =#REF!*#REF!*#REF! -> #REF! | BJ50: =BH50+BI50 -> #REF! | BK50: =BG50+BH50+BI50 -> #REF! | BL50: =#REF!*#REF! -> #REF! | BM50: =BE50/BD50 -> #REF! | BN50: =#REF!*#REF!+#REF!*#REF!+#REF!*#REF!+#REF!*#REF!+#REF!*#REF! -> #REF! | BO50: =#REF!*#REF!*#REF!+#REF!*#REF!*#REF!+#REF!*#REF!*#REF!+#REF!*#REF!*#REF!+#REF!*#REF!*#REF! -> #REF! | BP50: =BN50-BO50 -> #REF!
A51: 49 | B51: 120-FG-211-SHT02 | C51: 0 | D51: CN-2820 | F51: 08212 | G51: FG | H51: FUEL GAS | I51: 120-FG-211-SHT02-1 | J51: 06 | K51: 103 | M51: LF | N51: 01CS300 | O51: =P51/AM51 -> #DIV/0! | P51: =L51*Q51*AN51+L51*S51*AO51+L51*U51*AP51+L51*W51*AQ51+L51*Y51*AR51+L51*AA51*AS51+L51*AC51*AT51+L51*AE51*AU51 -> 0 | R51: Receive | T51: Stage | V51: Erect | X51: Connect | Z51: Supts | AB51: Punch | AD51: Test | AF51: Post | AJ51: 1 | AK51: Jerry | AN51: 0.02 | AO51: 0.03 | AP51: 0.2 | AQ51: 0.3 | AR51: 0.1 | AS51: 0.1 | AT51: 0.15 | AU51: 0.1 | AV51: 120 | AW51: N/A | AX51: N/A | AY51: N/A | BD51: =#REF!*#REF!+#REF!*#REF!+#REF!*#REF!+#REF!*#REF!+#REF!*#REF! -> #REF! | BE51: =#REF!*#REF!*#REF!+#REF!*#REF!*#REF!+#REF!*#REF!*#REF!+#REF!*#REF!*#REF!+#REF!*#REF!*#REF! -> #REF! | BF51: =BD51-BE51 -> #REF! | BG51: =#REF!*#REF!*#REF! -> #REF! | BH51: =#REF!*#REF!*#REF! -> #REF! | BI51: =#REF!*#REF!*#REF! -> #REF! | BJ51: =BH51+BI51 -> #REF! | BK51: =BG51+BH51+BI51 -> #REF! | BL51: =#REF!*#REF! -> #REF! | BM51: =BE51/BD51 -> #REF! | BN51: =#REF!*#REF!+#REF!*#REF!+#REF!*#REF!+#REF!*#REF!+#REF!*#REF! -> #REF! | BO51: =#REF!*#REF!*#REF!+#REF!*#REF!*#REF!+#REF!*#REF!*#REF!+#REF!*#REF!*#REF!+#REF!*#REF!*#REF! -> #REF! | BP51: =BN51-BO51 -> #REF!
A52: 50 | B52: 120-FG-219-SHT01 | C52: 0 | D52: CN-2820 | F52: 08212 | G52: FG | H52: FUEL GAS | I52: 120-FG-219-SHT01-1 | J52: 06 | K52: 78 | M52: LF | N52: 01CS300 | O52: =P52/AM52 -> #DIV/0! | P52: =L52*Q52*AN52+L52*S52*AO52+L52*U52*AP52+L52*W52*AQ52+L52*Y52*AR52+L52*AA52*AS52+L52*AC52*AT52+L52*AE52*AU52 -> 0 | R52: Receive | T52: Stage | V52: Erect | X52: Connect | Z52: Supts | AB52: Punch | AD52: Test | AF52: Post | AJ52: 1 | AK52: Sandra | AN52: 0.02 | AO52: 0.03 | AP52: 0.2 | AQ52: 0.3 | AR52: 0.1 | AS52: 0.1 | AT52: 0.15 | AU52: 0.1 | AV52: 120 | AW52: N/A | AX52: N/A | AY52: N/A | BD52: =#REF!*#REF!+#REF!*#REF!+#REF!*#REF!+#REF!*#REF!+#REF!*#REF! -> #REF! | BE52: =#REF!*#REF!*#REF!+#REF!*#REF!*#REF!+#REF!*#REF!*#REF!+#REF!*#REF!*#REF!+#REF!*#REF!*#REF! -> #REF! | BF52: =BD52-BE52 -> #REF! | BG52: =#REF!*#REF!*#REF! -> #REF! | BH52: =#REF!*#REF!*#REF! -> #REF! | BI52: =#REF!*#REF!*#REF! -> #REF! | BJ52: =BH52+BI52 -> #REF! | BK52: =BG52+BH52+BI52 -> #REF! | BL52: =#REF!*#REF! -> #REF! | BM52: =BE52/BD52 -> #REF! | BN52: =#REF!*#REF!+#REF!*#REF!+#REF!*#REF!+#REF!*#REF!+#REF!*#REF! -> #REF! | BO52: =#REF!*#REF!*#REF!+#REF!*#REF!*#REF!+#REF!*#REF!*#REF!+#REF!*#REF!*#REF!+#REF!*#REF!*#REF! -> #REF! | BP52: =BN52-BO52 -> #REF!
A53: 51 | B53: 120-FG-227-SHT01 | C53: 0 | D53: CN-2820 | F53: 08212 | G53: FG | H53: FUEL GAS | I53: 120-FG-227-SHT01-1 | J53: 10 | K53: 1477 | M53: LF | N53: 01CS600 | O53: =P53/AM53 -> #DIV/0! | P53: =L53*Q53*AN53+L53*S53*AO53+L53*U53*AP53+L53*W53*AQ53+L53*Y53*AR53+L53*AA53*AS53+L53*AC53*AT53+L53*AE53*AU53 -> 0 | R53: Receive | T53: Stage | V53: Erect | X53: Connect | Z53: Supts | AB53: Punch | AD53: Test | AF53: Post | AJ53: 1 | AK53: Bob | AN53: 0.02 | AO53: 0.03 | AP53: 0.2 | AQ53: 0.3 | AR53: 0.1 | AS53: 0.1 | AT53: 0.15 | AU53: 0.1 | AV53: 120 | AW53: N/A | AX53: N/A | AY53: N/A | BD53: =#REF!*#REF!+#REF!*#REF!+#REF!*#REF!+#REF!*#REF!+#REF!*#REF! -> #REF! | BE53: =#REF!*#REF!*#REF!+#REF!*#REF!*#REF!+#REF!*#REF!*#REF!+#REF!*#REF!*#REF!+#REF!*#REF!*#REF! -> #REF! | BF53: =BD53-BE53 -> #REF! | BG53: =#REF!*#REF!*#REF! -> #REF! | BH53: =#REF!*#REF!*#REF! -> #REF! | BI53: =#REF!*#REF!*#REF! -> #REF! | BJ53: =BH53+BI53 -> #REF! | BK53: =BG53+BH53+BI53 -> #REF! | BL53: =#REF!*#REF! -> #REF! | BM53: =BE53/BD53 -> #REF! | BN53: =#REF!*#REF!+#REF!*#REF!+#REF!*#REF!+#REF!*#REF!+#REF!*#REF! -> #REF! | BO53: =#REF!*#REF!*#REF!+#REF!*#REF!*#REF!+#REF!*#REF!*#REF!+#REF!*#REF!*#REF!+#REF!*#REF!*#REF! -> #REF! | BP53: =BN53-BO53 -> #REF!
A54: 52 | B54: 120-GCW-805-SHT01 | C54: 0 | D54: CN-2850 | F54: 08332 | G54: GCW | H54: GLYCOL COOLING WATER | I54: 120-GCW-805-SHT01-1 | J54: 08 | K54: 51 | M54: LF | N54: 01HDPE | O54: =P54/AM54 -> #DIV/0! | P54: =L54*Q54*AN54+L54*S54*AO54+L54*U54*AP54+L54*W54*AQ54+L54*Y54*AR54+L54*AA54*AS54+L54*AC54*AT54+L54*AE54*AU54 -> 0 | R54: Receive | T54: Stage | V54: Erect | X54: Connect | Z54: Jeep/Trace | AB54: Mech. Sell Off | AD54: Test | AF54: Post | AI54: PI-401-002 | AJ54: 1 | AK54: Jose | AN54: 0.02 | AO54: 0.03 | AP54: 0.2 | AQ54: 0.3 | AR54: 0.1 | AS54: 0.1 | AT54: 0.15 | AU54: 0.1 | AV54: 401 | AW54: N/A | AX54: N/A | AY54: N/A | BD54: =#REF!*#REF!+#REF!*#REF!+#REF!*#REF!+#REF!*#REF!+#REF!*#REF! -> #REF! | BE54: =#REF!*#REF!*#REF!+#REF!*#REF!*#REF!+#REF!*#REF!*#REF!+#REF!*#REF!*#REF!+#REF!*#REF!*#REF! -> #REF! | BF54: =BD54-BE54 -> #REF! | BG54: =#REF!*#REF!*#REF! -> #REF! | BH54: =#REF!*#REF!*#REF! -> #REF! | BI54: =#REF!*#REF!*#REF! -> #REF! | BJ54: =BH54+BI54 -> #REF! | BK54: =BG54+BH54+BI54 -> #REF! | BL54: =#REF!*#REF! -> #REF! | BM54: =BE54/BD54 -> #REF! | BN54: =#REF!*#REF!+#REF!*#REF!+#REF!*#REF!+#REF!*#REF!+#REF!*#REF! -> #REF! | BO54: =#REF!*#REF!*#REF!+#REF!*#REF!*#REF!+#REF!*#REF!*#REF!+#REF!*#REF!*#REF!+#REF!*#REF!*#REF! -> #REF! | BP54: =BN54-BO54 -> #REF!
A55: 53 | B55: 120-GCW-808-SHT01 | C55: 0 | D55: CN-2850 | F55: 08332 | G55: GCW | H55: GLYCOL COOLING WATER | I55: 120-GCW-808-SHT01-1 | J55: 08 | K55: 132 | M55: LF | N55: 01HDPE | O55: =P55/AM55 -> #DIV/0! | P55: =L55*Q55*AN55+L55*S55*AO55+L55*U55*AP55+L55*W55*AQ55+L55*Y55*AR55+L55*AA55*AS55+L55*AC55*AT55+L55*AE55*AU55 -> 0 | R55: Receive | T55: Stage | V55: Erect | X55: Connect | Z55: Jeep/Trace | AB55: Mech. Sell Off | AD55: Test | AF55: Post | AI55: PI-401-002 | AJ55: 1 | AK55: Juan | AN55: 0.02 | AO55: 0.03 | AP55: 0.2 | AQ55: 0.3 | AR55: 0.1 | AS55: 0.1 | AT55: 0.15 | AU55: 0.1 | AV55: 401 | AW55: N/A | AX55: N/A | AY55: N/A | BD55: =#REF!*#REF!+#REF!*#REF!+#REF!*#REF!+#REF!*#REF!+#REF!*#REF! -> #REF! | BE55: =#REF!*#REF!*#REF!+#REF!*#REF!*#REF!+#REF!*#REF!*#REF!+#REF!*#REF!*#REF!+#REF!*#REF!*#REF! -> #REF! | BF55: =BD55-BE55 -> #REF! | BG55: =#REF!*#REF!*#REF! -> #REF! | BH55: =#REF!*#REF!*#REF! -> #REF! | BI55: =#REF!*#REF!*#REF! -> #REF! | BJ55: =BH55+BI55 -> #REF! | BK55: =BG55+BH55+BI55 -> #REF! | BL55: =#REF!*#REF! -> #REF! | BM55: =BE55/BD55 -> #REF! | BN55: =#REF!*#REF!+#REF!*#REF!+#REF!*#REF!+#REF!*#REF!+#REF!*#REF! -> #REF! | BO55: =#REF!*#REF!*#REF!+#REF!*#REF!*#REF!+#REF!*#REF!*#REF!+#REF!*#REF!*#REF!+#REF!*#REF!*#REF! -> #REF! | BP55: =BN55-BO55 -> #REF!
A56: 54 | B56: 120-GCW-810-SHT01 | C56: 0 | D56: CN-2850 | F56: 08332 | G56: GCW | H56: GLYCOL COOLING WATER | I56: 120-GCW-810-SHT01-1 | J56: 08 | K56: 159 | M56: LF | N56: 01HDPE | O56: =P56/AM56 -> #DIV/0! | P56: =L56*Q56*AN56+L56*S56*AO56+L56*U56*AP56+L56*W56*AQ56+L56*Y56*AR56+L56*AA56*AS56+L56*AC56*AT56+L56*AE56*AU56 -> 0 | R56: Receive | T56: Stage | V56: Erect | X56: Connect | Z56: Jeep/Trace | AB56: Mech. Sell Off | AD56: Test | AF56: Post | AJ56: 1 | AK56: Jerry | AN56: 0.02 | AO56: 0.03 | AP56: 0.2 | AQ56: 0.3 | AR56: 0.1 | AS56: 0.1 | AT56: 0.15 | AU56: 0.1 | AV56: 120 | AW56: N/A | AX56: N/A | AY56: N/A | BD56: =#REF!*#REF!+#REF!*#REF!+#REF!*#REF!+#REF!*#REF!+#REF!*#REF! -> #REF! | BE56: =#REF!*#REF!*#REF!+#REF!*#REF!*#REF!+#REF!*#REF!*#REF!+#REF!*#REF!*#REF!+#REF!*#REF!*#REF! -> #REF! | BF56: =BD56-BE56 -> #REF! | BG56: =#REF!*#REF!*#REF! -> #REF! | BH56: =#REF!*#REF!*#REF! -> #REF! | BI56: =#REF!*#REF!*#REF! -> #REF! | BJ56: =BH56+BI56 -> #REF! | BK56: =BG56+BH56+BI56 -> #REF! | BL56: =#REF!*#REF! -> #REF! | BM56: =BE56/BD56 -> #REF! | BN56: =#REF!*#REF!+#REF!*#REF!+#REF!*#REF!+#REF!*#REF!+#REF!*#REF! -> #REF! | BO56: =#REF!*#REF!*#REF!+#REF!*#REF!*#REF!+#REF!*#REF!*#REF!+#REF!*#REF!*#REF!+#REF!*#REF!*#REF! -> #REF! | BP56: =BN56-BO56 -> #REF!
A57: 55 | B57: 120-GCW-813-SHT01 | C57: 0 | D57: CN-2850 | F57: 08332 | G57: GCW | H57: GLYCOL COOLING WATER | I57: 120-GCW-813-SHT01-1 | J57: 08 | K57: 168 | M57: LF | N57: 01HDPE | O57: =P57/AM57 -> #DIV/0! | P57: =L57*Q57*AN57+L57*S57*AO57+L57*U57*AP57+L57*W57*AQ57+L57*Y57*AR57+L57*AA57*AS57+L57*AC57*AT57+L57*AE57*AU57 -> 0 | R57: Receive | T57: Stage | V57: Erect | X57: Connect | Z57: Jeep/Trace | AB57: Mech. Sell Off | AD57: Test | AF57: Post | AJ57: 1 | AK57: Sandra | AN57: 0.02 | AO57: 0.03 | AP57: 0.2 | AQ57: 0.3 | AR57: 0.1 | AS57: 0.1 | AT57: 0.15 | AU57: 0.1 | AV57: 120 | AW57: N/A | AX57: N/A | AY57: N/A | BD57: =#REF!*#REF!+#REF!*#REF!+#REF!*#REF!+#REF!*#REF!+#REF!*#REF! -> #REF! | BE57: =#REF!*#REF!*#REF!+#REF!*#REF!*#REF!+#REF!*#REF!*#REF!+#REF!*#REF!*#REF!+#REF!*#REF!*#REF! -> #REF! | BF57: =BD57-BE57 -> #REF! | BG57: =#REF!*#REF!*#REF! -> #REF! | BH57: =#REF!*#REF!*#REF! -> #REF! | BI57: =#REF!*#REF!*#REF! -> #REF! | BJ57: =BH57+BI57 -> #REF! | BK57: =BG57+BH57+BI57 -> #REF! | BL57: =#REF!*#REF! -> #REF! | BM57: =BE57/BD57 -> #REF! | BN57: =#REF!*#REF!+#REF!*#REF!+#REF!*#REF!+#REF!*#REF!+#REF!*#REF! -> #REF! | BO57: =#REF!*#REF!*#REF!+#REF!*#REF!*#REF!+#REF!*#REF!*#REF!+#REF!*#REF!*#REF!+#REF!*#REF!*#REF! -> #REF! | BP57: =BN57-BO57 -> #REF!
A58: 56 | B58: 120-GCW-816-SHT01 | C58: 0 | D58: CN-2850 | F58: 08332 | G58: GCW | H58: GLYCOL COOLING WATER | I58: 120-GCW-816-SHT01-1 | J58: 08 | K58: 126 | M58: LF | N58: 01HDPE | O58: =P58/AM58 -> #DIV/0! | P58: =L58*Q58*AN58+L58*S58*AO58+L58*U58*AP58+L58*W58*AQ58+L58*Y58*AR58+L58*AA58*AS58+L58*AC58*AT58+L58*AE58*AU58 -> 0 | R58: Receive | T58: Stage | V58: Erect | X58: Connect | Z58: Jeep/Trace | AB58: Mech. Sell Off | AD58: Test | AF58: Post | AJ58: 1 | AK58: Bob | AN58: 0.02 | AO58: 0.03 | AP58: 0.2 | AQ58: 0.3 | AR58: 0.1 | AS58: 0.1 | AT58: 0.15 | AU58: 0.1 | AV58: 120 | AW58: N/A | AX58: N/A | AY58: N/A | BD58: =#REF!*#REF!+#REF!*#REF!+#REF!*#REF!+#REF!*#REF!+#REF!*#REF! -> #REF! | BE58: =#REF!*#REF!*#REF!+#REF!*#REF!*#REF!+#REF!*#REF!*#REF!+#REF!*#REF!*#REF!+#REF!*#REF!*#REF! -> #REF! | BF58: =BD58-BE58 -> #REF! | BG58: =#REF!*#REF!*#REF! -> #REF! | BH58: =#REF!*#REF!*#REF! -> #REF! | BI58: =#REF!*#REF!*#REF! -> #REF! | BJ58: =BH58+BI58 -> #REF! | BK58: =BG58+BH58+BI58 -> #REF! | BL58: =#REF!*#REF! -> #REF! | BM58: =BE58/BD58 -> #REF! | BN58: =#REF!*#REF!+#REF!*#REF!+#REF!*#REF!+#REF!*#REF!+#REF!*#REF! -> #REF! | BO58: =#REF!*#REF!*#REF!+#REF!*#REF!*#REF!+#REF!*#REF!*#REF!+#REF!*#REF!*#REF!+#REF!*#REF!*#REF! -> #REF! | BP58: =BN58-BO58 -> #REF!
A59: 57 | B59: 120-GCW-818-SHT01 | C59: 0 | D59: CN-2850 | F59: 08332 | G59: GCW | H59: GLYCOL COOLING WATER | I59: 120-GCW-818-SHT01-1 | J59: 08 | K59: 165 | M59: LF | N59: 01HDPE | O59: =P59/AM59 -> #DIV/0! | P59: =L59*Q59*AN59+L59*S59*AO59+L59*U59*AP59+L59*W59*AQ59+L59*Y59*AR59+L59*AA59*AS59+L59*AC59*AT59+L59*AE59*AU59 -> 0 | R59: Receive | T59: Stage | V59: Erect | X59: Connect | Z59: Jeep/Trace | AB59: Mech. Sell Off | AD59: Test | AF59: Post | AJ59: 1 | AK59: Jose | AN59: 0.02 | AO59: 0.03 | AP59: 0.2 | AQ59: 0.3 | AR59: 0.1 | AS59: 0.1 | AT59: 0.15 | AU59: 0.1 | AV59: 120 | AW59: N/A | AX59: N/A | AY59: N/A | BD59: =#REF!*#REF!+#REF!*#REF!+#REF!*#REF!+#REF!*#REF!+#REF!*#REF! -> #REF! | BE59: =#REF!*#REF!*#REF!+#REF!*#REF!*#REF!+#REF!*#REF!*#REF!+#REF!*#REF!*#REF!+#REF!*#REF!*#REF! -> #REF! | BF59: =BD59-BE59 -> #REF! | BG59: =#REF!*#REF!*#REF! -> #REF! | BH59: =#REF!*#REF!*#REF! -> #REF! | BI59: =#REF!*#REF!*#REF! -> #REF! | BJ59: =BH59+BI59 -> #REF! | BK59: =BG59+BH59+BI59 -> #REF! | BL59: =#REF!*#REF! -> #REF! | BM59: =BE59/BD59 -> #REF! | BN59: =#REF!*#REF!+#REF!*#REF!+#REF!*#REF!+#REF!*#REF!+#REF!*#REF! -> #REF! | BO59: =#REF!*#REF!*#REF!+#REF!*#REF!*#REF!+#REF!*#REF!*#REF!+#REF!*#REF!*#REF!+#REF!*#REF!*#REF! -> #REF! | BP59: =BN59-BO59 -> #REF!
A60: 58 | B60: 120-GCW-821-SHT01 | C60: 0 | D60: CN-2850 | F60: 08332 | G60: GCW | H60: GLYCOL COOLING WATER | I60: 120-GCW-821-SHT01-1 | J60: 08 | K60: 51 | M60: LF | N60: 01HDPE | O60: =P60/AM60 -> #DIV/0! | P60: =L60*Q60*AN60+L60*S60*AO60+L60*U60*AP60+L60*W60*AQ60+L60*Y60*AR60+L60*AA60*AS60+L60*AC60*AT60+L60*AE60*AU60 -> 0 | R60: Receive | T60: Stage | V60: Erect | X60: Connect | Z60: Jeep/Trace | AB60: Mech. Sell Off | AD60: Test | AF60: Post | AJ60: 1 | AK60: Juan | AN60: 0.02 | AO60: 0.03 | AP60: 0.2 | AQ60: 0.3 | AR60: 0.1 | AS60: 0.1 | AT60: 0.15 | AU60: 0.1 | AV60: 120 | AW60: N/A | AX60: N/A | AY60: N/A | BD60: =#REF!*#REF!+#REF!*#REF!+#REF!*#REF!+#REF!*#REF!+#REF!*#REF! -> #REF! | BE60: =#REF!*#REF!*#REF!+#REF!*#REF!*#REF!+#REF!*#REF!*#REF!+#REF!*#REF!*#REF!+#REF!*#REF!*#REF! -> #REF! | BF60: =BD60-BE60 -> #REF! | BG60: =#REF!*#REF!*#REF! -> #REF! | BH60: =#REF!*#REF!*#REF! -> #REF! | BI60: =#REF!*#REF!*#REF! -> #REF! | BJ60: =BH60+BI60 -> #REF! | BK60: =BG60+BH60+BI60 -> #REF! | BL60: =#REF!*#REF! -> #REF! | BM60: =BE60/BD60 -> #REF! | BN60: =#REF!*#REF!+#REF!*#REF!+#REF!*#REF!+#REF!*#REF!+#REF!*#REF! -> #REF! | BO60: =#REF!*#REF!*#REF!+#REF!*#REF!*#REF!+#REF!*#REF!*#REF!+#REF!*#REF!*#REF!+#REF!*#REF!*#REF! -> #REF! | BP60: =BN60-BO60 -> #REF!
A61: 59 | B61: 120-GCW-824-SHT01 | C61: 0 | D61: CN-2850 | F61: 08332 | G61: GCW | H61: GLYCOL COOLING WATER | I61: 120-GCW-824-SHT01-1 | J61: 08 | K61: 130 | M61: LF | N61: 01HDPE | O61: =P61/AM61 -> #DIV/0! | P61: =L61*Q61*AN61+L61*S61*AO61+L61*U61*AP61+L61*W61*AQ61+L61*Y61*AR61+L61*AA61*AS61+L61*AC61*AT61+L61*AE61*AU61 -> 0 | R61: Receive | T61: Stage | V61: Erect | X61: Connect | Z61: Jeep/Trace | AB61: Mech. Sell Off | AD61: Test | AF61: Post | AJ61: 1 | AK61: Jerry | AN61: 0.02 | AO61: 0.03 | AP61: 0.2 | AQ61: 0.3 | AR61: 0.1 | AS61: 0.1 | AT61: 0.15 | AU61: 0.1 | AV61: 120 | AW61: N/A | AX61: N/A | AY61: N/A | BD61: =#REF!*#REF!+#REF!*#REF!+#REF!*#REF!+#REF!*#REF!+#REF!*#REF! -> #REF! | BE61: =#REF!*#REF!*#REF!+#REF!*#REF!*#REF!+#REF!*#REF!*#REF!+#REF!*#REF!*#REF!+#REF!*#REF!*#REF! -> #REF! | BF61: =BD61-BE61 -> #REF! | BG61: =#REF!*#REF!*#REF! -> #REF! | BH61: =#REF!*#REF!*#REF! -> #REF! | BI61: =#REF!*#REF!*#REF! -> #REF! | BJ61: =BH61+BI61 -> #REF! | BK61: =BG61+BH61+BI61 -> #REF! | BL61: =#REF!*#REF! -> #REF! | BM61: =BE61/BD61 -> #REF! | BN61: =#REF!*#REF!+#REF!*#REF!+#REF!*#REF!+#REF!*#REF!+#REF!*#REF! -> #REF! | BO61: =#REF!*#REF!*#REF!+#REF!*#REF!*#REF!+#REF!*#REF!*#REF!+#REF!*#REF!*#REF!+#REF!*#REF!*#REF! -> #REF! | BP61: =BN61-BO61 -> #REF!
A62: 60 | B62: 120-IA-1212-SHT01 | C62: 0 | D62: CN-2910 | F62: 08211 | G62: IA | H62: INSTRUMENT AIR | I62: 120-IA-1212-SHT01-1 | J62: 02 | K62: 26 | M62: LF | N62: 01CS150 | O62: =P62/AM62 -> #DIV/0! | P62: =L62*Q62*AN62+L62*S62*AO62+L62*U62*AP62+L62*W62*AQ62+L62*Y62*AR62+L62*AA62*AS62+L62*AC62*AT62+L62*AE62*AU62 -> 0 | R62: Receive | T62: Stage | V62: Erect | X62: Connect | Z62: Supts | AB62: Punch | AD62: Test | AF62: Post | AI62: PI-401-003 | AJ62: 1 | AK62: Sandra | AN62: 0.02 | AO62: 0.03 | AP62: 0.2 | AQ62: 0.3 | AR62: 0.1 | AS62: 0.1 | AT62: 0.15 | AU62: 0.1 | AV62: 401 | AW62: CTCE1000-D014 | AX62: N/A | AY62: N/A | BD62: =#REF!*#REF!+#REF!*#REF!+#REF!*#REF!+#REF!*#REF!+#REF!*#REF! -> #REF! | BE62: =#REF!*#REF!*#REF!+#REF!*#REF!*#REF!+#REF!*#REF!*#REF!+#REF!*#REF!*#REF!+#REF!*#REF!*#REF! -> #REF! | BF62: =BD62-BE62 -> #REF! | BG62: =#REF!*#REF!*#REF! -> #REF! | BH62: =#REF!*#REF!*#REF! -> #REF! | BI62: =#REF!*#REF!*#REF! -> #REF! | BJ62: =BH62+BI62 -> #REF! | BK62: =BG62+BH62+BI62 -> #REF! | BL62: =#REF!*#REF! -> #REF! | BM62: =BE62/BD62 -> #REF! | BN62: =#REF!*#REF!+#REF!*#REF!+#REF!*#REF!+#REF!*#REF!+#REF!*#REF! -> #REF! | BO62: =#REF!*#REF!*#REF!+#REF!*#REF!*#REF!+#REF!*#REF!*#REF!+#REF!*#REF!*#REF!+#REF!*#REF!*#REF! -> #REF! | BP62: =BN62-BO62 -> #REF!
A63: 61 | B63: 120-IA-1213-SHT01 | C63: 0 | D63: CN-2910 | F63: 08211 | G63: IA | H63: INSTRUMENT AIR | I63: 120-IA-1213-SHT01-1 | J63: 02 | K63: 14 | M63: LF | N63: 01CS150 | O63: =P63/AM63 -> #DIV/0! | P63: =L63*Q63*AN63+L63*S63*AO63+L63*U63*AP63+L63*W63*AQ63+L63*Y63*AR63+L63*AA63*AS63+L63*AC63*AT63+L63*AE63*AU63 -> 0 | R63: Receive | T63: Stage | V63: Erect | X63: Connect | Z63: Supts | AB63: Punch | AD63: Test | AF63: Post | AJ63: 1 | AK63: Bob | AN63: 0.02 | AO63: 0.03 | AP63: 0.2 | AQ63: 0.3 | AR63: 0.1 | AS63: 0.1 | AT63: 0.15 | AU63: 0.1 | AV63: 120 | AW63: CTCE1000-D014 | AX63: N/A | AY63: N/A | BD63: =#REF!*#REF!+#REF!*#REF!+#REF!*#REF!+#REF!*#REF!+#REF!*#REF! -> #REF! | BE63: =#REF!*#REF!*#REF!+#REF!*#REF!*#REF!+#REF!*#REF!*#REF!+#REF!*#REF!*#REF!+#REF!*#REF!*#REF! -> #REF! | BF63: =BD63-BE63 -> #REF! | BG63: =#REF!*#REF!*#REF! -> #REF! | BH63: =#REF!*#REF!*#REF! -> #REF! | BI63: =#REF!*#REF!*#REF! -> #REF! | BJ63: =BH63+BI63 -> #REF! | BK63: =BG63+BH63+BI63 -> #REF! | BL63: =#REF!*#REF! -> #REF! | BM63: =BE63/BD63 -> #REF! | BN63: =#REF!*#REF!+#REF!*#REF!+#REF!*#REF!+#REF!*#REF!+#REF!*#REF! -> #REF! | BO63: =#REF!*#REF!*#REF!+#REF!*#REF!*#REF!+#REF!*#REF!*#REF!+#REF!*#REF!*#REF!+#REF!*#REF!*#REF! -> #REF! | BP63: =BN63-BO63 -> #REF!
A64: 62 | B64: 120-IA-1229-SHT01 | C64: 0 | D64: CN-2910 | F64: 08211 | G64: IA | H64: INSTRUMENT AIR | I64: 120-IA-1229-SHT01-1 | J64: 02 | K64: 15 | M64: LF | N64: 01CS150 | O64: =P64/AM64 -> #DIV/0! | P64: =L64*Q64*AN64+L64*S64*AO64+L64*U64*AP64+L64*W64*AQ64+L64*Y64*AR64+L64*AA64*AS64+L64*AC64*AT64+L64*AE64*AU64 -> 0 | R64: Receive | T64: Stage | V64: Erect | X64: Connect | Z64: Supts | AB64: Punch | AD64: Test | AF64: Post | AJ64: 1 | AK64: Jose | AN64: 0.02 | AO64: 0.03 | AP64: 0.2 | AQ64: 0.3 | AR64: 0.1 | AS64: 0.1 | AT64: 0.15 | AU64: 0.1 | AV64: 120 | AW64: CTCE1000-D014 | AX64: N/A | AY64: N/A | BD64: =#REF!*#REF!+#REF!*#REF!+#REF!*#REF!+#REF!*#REF!+#REF!*#REF! -> #REF! | BE64: =#REF!*#REF!*#REF!+#REF!*#REF!*#REF!+#REF!*#REF!*#REF!+#REF!*#REF!*#REF!+#REF!*#REF!*#REF! -> #REF! | BF64: =BD64-BE64 -> #REF! | BG64: =#REF!*#REF!*#REF! -> #REF! | BH64: =#REF!*#REF!*#REF! -> #REF! | BI64: =#REF!*#REF!*#REF! -> #REF! | BJ64: =BH64+BI64 -> #REF! | BK64: =BG64+BH64+BI64 -> #REF! | BL64: =#REF!*#REF! -> #REF! | BM64: =BE64/BD64 -> #REF! | BN64: =#REF!*#REF!+#REF!*#REF!+#REF!*#REF!+#REF!*#REF!+#REF!*#REF! -> #REF! | BO64: =#REF!*#REF!*#REF!+#REF!*#REF!*#REF!+#REF!*#REF!*#REF!+#REF!*#REF!*#REF!+#REF!*#REF!*#REF! -> #REF! | BP64: =BN64-BO64 -> #REF!
A65: 63 | B65: 120-IA-1421-SHT01 | C65: 1 | D65: CN-2910 | F65: 08211 | G65: IA | H65: INSTRUMENT AIR | I65: 120-IA-1421-SHT01-1 | J65: 01 | K65: 328 | M65: LF | N65: 01CS150 | O65: =P65/AM65 -> #DIV/0! | P65: =L65*Q65*AN65+L65*S65*AO65+L65*U65*AP65+L65*W65*AQ65+L65*Y65*AR65+L65*AA65*AS65+L65*AC65*AT65+L65*AE65*AU65 -> 0 | R65: Receive | T65: Stage | V65: Erect | X65: Connect | Z65: Supts | AB65: Punch | AD65: Test | AF65: Post | AI65: PI-401-003 | AJ65: 1 | AK65: Juan | AN65: 0.02 | AO65: 0.03 | AP65: 0.2 | AQ65: 0.3 | AR65: 0.1 | AS65: 0.1 | AT65: 0.15 | AU65: 0.1 | AV65: 401 | AW65: CTCE1000-D014 | AX65: N/A | AY65: N/A | BD65: =#REF!*#REF!+#REF!*#REF!+#REF!*#REF!+#REF!*#REF!+#REF!*#REF! -> #REF! | BE65: =#REF!*#REF!*#REF!+#REF!*#REF!*#REF!+#REF!*#REF!*#REF!+#REF!*#REF!*#REF!+#REF!*#REF!*#REF! -> #REF! | BF65: =BD65-BE65 -> #REF! | BG65: =#REF!*#REF!*#REF! -> #REF! | BH65: =#REF!*#REF!*#REF! -> #REF! | BI65: =#REF!*#REF!*#REF! -> #REF! | BJ65: =BH65+BI65 -> #REF! | BK65: =BG65+BH65+BI65 -> #REF! | BL65: =#REF!*#REF! -> #REF! | BM65: =BE65/BD65 -> #REF! | BN65: =#REF!*#REF!+#REF!*#REF!+#REF!*#REF!+#REF!*#REF!+#REF!*#REF! -> #REF! | BO65: =#REF!*#REF!*#REF!+#REF!*#REF!*#REF!+#REF!*#REF!*#REF!+#REF!*#REF!*#REF!+#REF!*#REF!*#REF! -> #REF! | BP65: =BN65-BO65 -> #REF!
A66: 64 | B66: 120-IA-1422-SHT01 | C66: 1 | D66: CN-2910 | F66: 08211 | G66: IA | H66: INSTRUMENT AIR | I66: 120-IA-1422-SHT01-1 | J66: 01 | K66: 355 | M66: LF | N66: 01CS150 | O66: =P66/AM66 -> #DIV/0! | P66: =L66*Q66*AN66+L66*S66*AO66+L66*U66*AP66+L66*W66*AQ66+L66*Y66*AR66+L66*AA66*AS66+L66*AC66*AT66+L66*AE66*AU66 -> 0 | R66: Receive | T66: Stage | V66: Erect | X66: Connect | Z66: Supts | AB66: Punch | AD66: Test | AF66: Post | AJ66: 1 | AK66: Jerry | AN66: 0.02 | AO66: 0.03 | AP66: 0.2 | AQ66: 0.3 | AR66: 0.1 | AS66: 0.1 | AT66: 0.15 | AU66: 0.1 | AV66: 120 | AW66: CTCE1000-D014 | AX66: N/A | AY66: N/A | BD66: =#REF!*#REF!+#REF!*#REF!+#REF!*#REF!+#REF!*#REF!+#REF!*#REF! -> #REF! | BE66: =#REF!*#REF!*#REF!+#REF!*#REF!*#REF!+#REF!*#REF!*#REF!+#REF!*#REF!*#REF!+#REF!*#REF!*#REF! -> #REF! | BF66: =BD66-BE66 -> #REF! | BG66: =#REF!*#REF!*#REF! -> #REF! | BH66: =#REF!*#REF!*#REF! -> #REF! | BI66: =#REF!*#REF!*#REF! -> #REF! | BJ66: =BH66+BI66 -> #REF! | BK66: =BG66+BH66+BI66 -> #REF! | BL66: =#REF!*#REF! -> #REF! | BM66: =BE66/BD66 -> #REF! | BN66: =#REF!*#REF!+#REF!*#REF!+#REF!*#REF!+#REF!*#REF!+#REF!*#REF! -> #REF! | BO66: =#REF!*#REF!*#REF!+#REF!*#REF!*#REF!+#REF!*#REF!*#REF!+#REF!*#REF!*#REF!+#REF!*#REF!*#REF! -> #REF! | BP66: =BN66-BO66 -> #REF!
A67: 65 | B67: 120-IA-1423-SHT01 | C67: 1 | D67: CN-2910 | F67: 08211 | G67: IA | H67: INSTRUMENT AIR | I67: 120-IA-1423-SHT01-1 | J67: 01 | K67: 326 | M67: LF | N67: 01CS150 | O67: =P67/AM67 -> #DIV/0! | P67: =L67*Q67*AN67+L67*S67*AO67+L67*U67*AP67+L67*W67*AQ67+L67*Y67*AR67+L67*AA67*AS67+L67*AC67*AT67+L67*AE67*AU67 -> 0 | R67: Receive | T67: Stage | V67: Erect | X67: Connect | Z67: Supts | AB67: Punch | AD67: Test | AF67: Post | AJ67: 1 | AK67: Sandra | AN67: 0.02 | AO67: 0.03 | AP67: 0.2 | AQ67: 0.3 | AR67: 0.1 | AS67: 0.1 | AT67: 0.15 | AU67: 0.1 | AV67: 120 | AW67: CTCE1000-D014 | AX67: N/A | AY67: N/A | BD67: =#REF!*#REF!+#REF!*#REF!+#REF!*#REF!+#REF!*#REF!+#REF!*#REF! -> #REF! | BE67: =#REF!*#REF!*#REF!+#REF!*#REF!*#REF!+#REF!*#REF!*#REF!+#REF!*#REF!*#REF!+#REF!*#REF!*#REF! -> #REF! | BF67: =BD67-BE67 -> #REF! | BG67: =#REF!*#REF!*#REF! -> #REF! | BH67: =#REF!*#REF!*#REF! -> #REF! | BI67: =#REF!*#REF!*#REF! -> #REF! | BJ67: =BH67+BI67 -> #REF! | BK67: =BG67+BH67+BI67 -> #REF! | BL67: =#REF!*#REF! -> #REF! | BM67: =BE67/BD67 -> #REF! | BN67: =#REF!*#REF!+#REF!*#REF!+#REF!*#REF!+#REF!*#REF!+#REF!*#REF! -> #REF! | BO67: =#REF!*#REF!*#REF!+#REF!*#REF!*#REF!+#REF!*#REF!*#REF!+#REF!*#REF!*#REF!+#REF!*#REF!*#REF! -> #REF! | BP67: =BN67-BO67 -> #REF!
A68: 66 | B68: 120-NH3-2105-SHT01 | C68: 1 | D68: CN-2970 | F68: 08332 | G68: NH3 | H68: AMMONIA | I68: 120-NH3-2105-SHT01-1 | J68: 03 | K68: 70 | M68: LF | N68: 01HDPE | O68: =P68/AM68 -> #DIV/0! | P68: =L68*Q68*AN68+L68*S68*AO68+L68*U68*AP68+L68*W68*AQ68+L68*Y68*AR68+L68*AA68*AS68+L68*AC68*AT68+L68*AE68*AU68 -> 0 | R68: Receive | T68: Stage | V68: Erect | X68: Connect | Z68: Jeep/Trace | AB68: Mech. Sell Off | AD68: Test | AF68: Post | AI68: PI-401-001 | AJ68: 1 | AK68: Bob | AN68: 0.02 | AO68: 0.03 | AP68: 0.2 | AQ68: 0.3 | AR68: 0.1 | AS68: 0.1 | AT68: 0.15 | AU68: 0.1 | AV68: 401 | AW68: N/A | AX68: N/A | AY68: N/A | BD68: =#REF!*#REF!+#REF!*#REF!+#REF!*#REF!+#REF!*#REF!+#REF!*#REF! -> #REF! | BE68: =#REF!*#REF!*#REF!+#REF!*#REF!*#REF!+#REF!*#REF!*#REF!+#REF!*#REF!*#REF!+#REF!*#REF!*#REF! -> #REF! | BF68: =BD68-BE68 -> #REF! | BG68: =#REF!*#REF!*#REF! -> #REF! | BH68: =#REF!*#REF!*#REF! -> #REF! | BI68: =#REF!*#REF!*#REF! -> #REF! | BJ68: =BH68+BI68 -> #REF! | BK68: =BG68+BH68+BI68 -> #REF! | BL68: =#REF!*#REF! -> #REF! | BM68: =BE68/BD68 -> #REF! | BN68: =#REF!*#REF!+#REF!*#REF!+#REF!*#REF!+#REF!*#REF!+#REF!*#REF! -> #REF! | BO68: =#REF!*#REF!*#REF!+#REF!*#REF!*#REF!+#REF!*#REF!*#REF!+#REF!*#REF!*#REF!+#REF!*#REF!*#REF! -> #REF! | BP68: =BN68-BO68 -> #REF!
A69: 67 | B69: 120-NH3-2107-SHT01 | C69: 1 | D69: CN-2970 | F69: 08332 | G69: NH3 | H69: AMMONIA | I69: 120-NH3-2107-SHT01-1 | J69: 03 | K69: 70 | M69: LF | N69: 01HDPE | O69: =P69/AM69 -> #DIV/0! | P69: =L69*Q69*AN69+L69*S69*AO69+L69*U69*AP69+L69*W69*AQ69+L69*Y69*AR69+L69*AA69*AS69+L69*AC69*AT69+L69*AE69*AU69 -> 0 | R69: Receive | T69: Stage | V69: Erect | X69: Connect | Z69: Jeep/Trace | AB69: Mech. Sell Off | AD69: Test | AF69: Post | AJ69: 1 | AK69: Jose | AN69: 0.02 | AO69: 0.03 | AP69: 0.2 | AQ69: 0.3 | AR69: 0.1 | AS69: 0.1 | AT69: 0.15 | AU69: 0.1 | AV69: 120 | AW69: N/A | AX69: N/A | AY69: N/A | BD69: =#REF!*#REF!+#REF!*#REF!+#REF!*#REF!+#REF!*#REF!+#REF!*#REF! -> #REF! | BE69: =#REF!*#REF!*#REF!+#REF!*#REF!*#REF!+#REF!*#REF!*#REF!+#REF!*#REF!*#REF!+#REF!*#REF!*#REF! -> #REF! | BF69: =BD69-BE69 -> #REF! | BG69: =#REF!*#REF!*#REF! -> #REF! | BH69: =#REF!*#REF!*#REF! -> #REF! | BI69: =#REF!*#REF!*#REF! -> #REF! | BJ69: =BH69+BI69 -> #REF! | BK69: =BG69+BH69+BI69 -> #REF! | BL69: =#REF!*#REF! -> #REF! | BM69: =BE69/BD69 -> #REF! | BN69: =#REF!*#REF!+#REF!*#REF!+#REF!*#REF!+#REF!*#REF!+#REF!*#REF! -> #REF! | BO69: =#REF!*#REF!*#REF!+#REF!*#REF!*#REF!+#REF!*#REF!*#REF!+#REF!*#REF!*#REF!+#REF!*#REF!*#REF! -> #REF! | BP69: =BN69-BO69 -> #REF!
A70: 68 | B70: 120-PW-1909-SHT01 | C70: 0 | D70: CN-2970 | F70: 08331 | G70: PW | H70: POTABLE WATER | I70: 120-PW-1909-SHT01-1 | J70: 01.5 | K70: 44 | M70: LF | N70: 01HDPE | O70: =P70/AM70 -> #DIV/0! | P70: =L70*Q70*AN70+L70*S70*AO70+L70*U70*AP70+L70*W70*AQ70+L70*Y70*AR70+L70*AA70*AS70+L70*AC70*AT70+L70*AE70*AU70 -> 0 | R70: Receive | T70: Stage | V70: Erect | X70: Connect | Z70: Jeep/Trace | AB70: Mech. Sell Off | AD70: Test | AF70: Post | AI70: PI-401-001 | AJ70: 1 | AK70: Juan | AN70: 0.02 | AO70: 0.03 | AP70: 0.2 | AQ70: 0.3 | AR70: 0.1 | AS70: 0.1 | AT70: 0.15 | AU70: 0.1 | AV70: 401 | AW70: N/A | AX70: N/A | AY70: N/A | BD70: =#REF!*#REF!+#REF!*#REF!+#REF!*#REF!+#REF!*#REF!+#REF!*#REF! -> #REF! | BE70: =#REF!*#REF!*#REF!+#REF!*#REF!*#REF!+#REF!*#REF!*#REF!+#REF!*#REF!*#REF!+#REF!*#REF!*#REF! -> #REF! | BF70: =BD70-BE70 -> #REF! | BG70: =#REF!*#REF!*#REF! -> #REF! | BH70: =#REF!*#REF!*#REF! -> #REF! | BI70: =#REF!*#REF!*#REF! -> #REF! | BJ70: =BH70+BI70 -> #REF! | BK70: =BG70+BH70+BI70 -> #REF! | BL70: =#REF!*#REF! -> #REF! | BM70: =BE70/BD70 -> #REF! | BN70: =#REF!*#REF!+#REF!*#REF!+#REF!*#REF!+#REF!*#REF!+#REF!*#REF! -> #REF! | BO70: =#REF!*#REF!*#REF!+#REF!*#REF!*#REF!+#REF!*#REF!*#REF!+#REF!*#REF!*#REF!+#REF!*#REF!*#REF! -> #REF! | BP70: =BN70-BO70 -> #REF!
A71: 69 | B71: 120-PW-1911-SHT01 | C71: 0 | D71: CN-2970 | F71: 08331 | G71: PW | H71: POTABLE WATER | I71: 120-PW-1911-SHT01-1 | J71: 01.5 | K71: 44 | M71: LF | N71: 01HDPE | O71: =P71/AM71 -> #DIV/0! | P71: =L71*Q71*AN71+L71*S71*AO71+L71*U71*AP71+L71*W71*AQ71+L71*Y71*AR71+L71*AA71*AS71+L71*AC71*AT71+L71*AE71*AU71 -> 0 | R71: Receive | T71: Stage | V71: Erect | X71: Connect | Z71: Jeep/Trace | AB71: Mech. Sell Off | AD71: Test | AF71: Post | AJ71: 1 | AK71: Jerry | AN71: 0.02 | AO71: 0.03 | AP71: 0.2 | AQ71: 0.3 | AR71: 0.1 | AS71: 0.1 | AT71: 0.15 | AU71: 0.1 | AV71: 120 | AW71: N/A | AX71: N/A | AY71: N/A | BD71: =#REF!*#REF!+#REF!*#REF!+#REF!*#REF!+#REF!*#REF!+#REF!*#REF! -> #REF! | BE71: =#REF!*#REF!*#REF!+#REF!*#REF!*#REF!+#REF!*#REF!*#REF!+#REF!*#REF!*#REF!+#REF!*#REF!*#REF! -> #REF! | BF71: =BD71-BE71 -> #REF! | BG71: =#REF!*#REF!*#REF! -> #REF! | BH71: =#REF!*#REF!*#REF! -> #REF! | BI71: =#REF!*#REF!*#REF! -> #REF! | BJ71: =BH71+BI71 -> #REF! | BK71: =BG71+BH71+BI71 -> #REF! | BL71: =#REF!*#REF! -> #REF! | BM71: =BE71/BD71 -> #REF! | BN71: =#REF!*#REF!+#REF!*#REF!+#REF!*#REF!+#REF!*#REF!+#REF!*#REF! -> #REF! | BO71: =#REF!*#REF!*#REF!+#REF!*#REF!*#REF!+#REF!*#REF!*#REF!+#REF!*#REF!*#REF!+#REF!*#REF!*#REF! -> #REF! | BP71: =BN71-BO71 -> #REF!
A72: 70 | B72: 120-PW-1913-SHT01 | C72: 0 | D72: CN-2970 | F72: 08331 | G72: PW | H72: POTABLE WATER | I72: 120-PW-1913-SHT01-1 | J72: 01.5 | K72: 42 | M72: LF | N72: 01HDPE | O72: =P72/AM72 -> #DIV/0! | P72: =L72*Q72*AN72+L72*S72*AO72+L72*U72*AP72+L72*W72*AQ72+L72*Y72*AR72+L72*AA72*AS72+L72*AC72*AT72+L72*AE72*AU72 -> 0 | R72: Receive | T72: Stage | V72: Erect | X72: Connect | Z72: Jeep/Trace | AB72: Mech. Sell Off | AD72: Test | AF72: Post | AJ72: 1 | AK72: Sandra | AN72: 0.02 | AO72: 0.03 | AP72: 0.2 | AQ72: 0.3 | AR72: 0.1 | AS72: 0.1 | AT72: 0.15 | AU72: 0.1 | AV72: 120 | AW72: N/A | AX72: N/A | AY72: N/A | BD72: =#REF!*#REF!+#REF!*#REF!+#REF!*#REF!+#REF!*#REF!+#REF!*#REF! -> #REF! | BE72: =#REF!*#REF!*#REF!+#REF!*#REF!*#REF!+#REF!*#REF!*#REF!+#REF!*#REF!*#REF!+#REF!*#REF!*#REF! -> #REF! | BF72: =BD72-BE72 -> #REF! | BG72: =#REF!*#REF!*#REF! -> #REF! | BH72: =#REF!*#REF!*#REF! -> #REF! | BI72: =#REF!*#REF!*#REF! -> #REF! | BJ72: =BH72+BI72 -> #REF! | BK72: =BG72+BH72+BI72 -> #REF! | BL72: =#REF!*#REF! -> #REF! | BM72: =BE72/BD72 -> #REF! | BN72: =#REF!*#REF!+#REF!*#REF!+#REF!*#REF!+#REF!*#REF!+#REF!*#REF! -> #REF! | BO72: =#REF!*#REF!*#REF!+#REF!*#REF!*#REF!+#REF!*#REF!*#REF!+#REF!*#REF!*#REF!+#REF!*#REF!*#REF! -> #REF! | BP72: =BN72-BO72 -> #REF!
A73: 71 | B73: 120-PW-1915-SHT01 | C73: 1 | D73: CN-2970 | F73: 08331 | G73: PW | H73: POTABLE WATER | I73: 120-PW-1915-SHT01-1 | J73: 01.5 | K73: 56 | M73: LF | N73: 01HDPE | O73: =P73/AM73 -> #DIV/0! | P73: =L73*Q73*AN73+L73*S73*AO73+L73*U73*AP73+L73*W73*AQ73+L73*Y73*AR73+L73*AA73*AS73+L73*AC73*AT73+L73*AE73*AU73 -> 0 | R73: Receive | T73: Stage | V73: Erect | X73: Connect | Z73: Jeep/Trace | AB73: Mech. Sell Off | AD73: Test | AF73: Post | AI73: PI-401-001 | AJ73: 1 | AK73: Bob | AN73: 0.02 | AO73: 0.03 | AP73: 0.2 | AQ73: 0.3 | AR73: 0.1 | AS73: 0.1 | AT73: 0.15 | AU73: 0.1 | AV73: 401 | AW73: N/A | AX73: N/A | AY73: N/A | BD73: =#REF!*#REF!+#REF!*#REF!+#REF!*#REF!+#REF!*#REF!+#REF!*#REF! -> #REF! | BE73: =#REF!*#REF!*#REF!+#REF!*#REF!*#REF!+#REF!*#REF!*#REF!+#REF!*#REF!*#REF!+#REF!*#REF!*#REF! -> #REF! | BF73: =BD73-BE73 -> #REF! | BG73: =#REF!*#REF!*#REF! -> #REF! | BH73: =#REF!*#REF!*#REF! -> #REF! | BI73: =#REF!*#REF!*#REF! -> #REF! | BJ73: =BH73+BI73 -> #REF! | BK73: =BG73+BH73+BI73 -> #REF! | BL73: =#REF!*#REF! -> #REF! | BM73: =BE73/BD73 -> #REF! | BN73: =#REF!*#REF!+#REF!*#REF!+#REF!*#REF!+#REF!*#REF!+#REF!*#REF! -> #REF! | BO73: =#REF!*#REF!*#REF!+#REF!*#REF!*#REF!+#REF!*#REF!*#REF!+#REF!*#REF!*#REF!+#REF!*#REF!*#REF! -> #REF! | BP73: =BN73-BO73 -> #REF!
A74: 72 | B74: 120-SW-1002-SHT01 | C74: 0 | D74: CN-3000 | F74: 08332 | G74: SW | H74: SERVICE WATER | I74: 120-SW-1002-SHT01-1 | J74: 08 | K74: 20 | M74: LF | N74: 01HDPE | O74: =P74/AM74 -> #DIV/0! | P74: =L74*Q74*AN74+L74*S74*AO74+L74*U74*AP74+L74*W74*AQ74+L74*Y74*AR74+L74*AA74*AS74+L74*AC74*AT74+L74*AE74*AU74 -> 0 | R74: Receive | T74: Stage | V74: Erect | X74: Connect | Z74: Jeep/Trace | AB74: Mech. Sell Off | AD74: Test | AF74: Post | AI74: PI-401-002 | AJ74: 1 | AK74: Jose | AN74: 0.02 | AO74: 0.03 | AP74: 0.2 | AQ74: 0.3 | AR74: 0.1 | AS74: 0.1 | AT74: 0.15 | AU74: 0.1 | AV74: 401 | AW74: N/A | AX74: N/A | AY74: N/A | BD74: =#REF!*#REF!+#REF!*#REF!+#REF!*#REF!+#REF!*#REF!+#REF!*#REF! -> #REF! | BE74: =#REF!*#REF!*#REF!+#REF!*#REF!*#REF!+#REF!*#REF!*#REF!+#REF!*#REF!*#REF!+#REF!*#REF!*#REF! -> #REF! | BF74: =BD74-BE74 -> #REF! | BG74: =#REF!*#REF!*#REF! -> #REF! | BH74: =#REF!*#REF!*#REF! -> #REF! | BI74: =#REF!*#REF!*#REF! -> #REF! | BJ74: =BH74+BI74 -> #REF! | BK74: =BG74+BH74+BI74 -> #REF! | BL74: =#REF!*#REF! -> #REF! | BM74: =BE74/BD74 -> #REF! | BN74: =#REF!*#REF!+#REF!*#REF!+#REF!*#REF!+#REF!*#REF!+#REF!*#REF! -> #REF! | BO74: =#REF!*#REF!*#REF!+#REF!*#REF!*#REF!+#REF!*#REF!*#REF!+#REF!*#REF!*#REF!+#REF!*#REF!*#REF! -> #REF! | BP74: =BN74-BO74 -> #REF!
A75: 73 | B75: P02.03-PP-120-ISO-00057-01 | C75: 1 | D75: CN-3030 | F75: 08332 | G75: FIREWATER | H75: FIREWATER | I75: P02.03-PP-120-ISO-00057-01-1 | J75: 06 | K75: 28 | M75: LF | N75: 01HDPE | O75: =P75/AM75 -> #DIV/0! | P75: =L75*Q75*AN75+L75*S75*AO75+L75*U75*AP75+L75*W75*AQ75+L75*Y75*AR75+L75*AA75*AS75+L75*AC75*AT75+L75*AE75*AU75 -> 0 | R75: Receive | T75: Stage | V75: Erect | X75: Connect | Z75: Jeep/Trace | AB75: Mech. Sell Off | AD75: Test | AF75: Post | AJ75: 1 | AK75: Juan | AN75: 0.02 | AO75: 0.03 | AP75: 0.2 | AQ75: 0.3 | AR75: 0.1 | AS75: 0.1 | AT75: 0.15 | AU75: 0.1 | AV75: 120 | AW75: N/A | AX75: N/A | AY75: N/A | BD75: =#REF!*#REF!+#REF!*#REF!+#REF!*#REF!+#REF!*#REF!+#REF!*#REF! -> #REF! | BE75: =#REF!*#REF!*#REF!+#REF!*#REF!*#REF!+#REF!*#REF!*#REF!+#REF!*#REF!*#REF!+#REF!*#REF!*#REF! -> #REF! | BF75: =BD75-BE75 -> #REF! | BG75: =#REF!*#REF!*#REF! -> #REF! | BH75: =#REF!*#REF!*#REF! -> #REF! | BI75: =#REF!*#REF!*#REF! -> #REF! | BJ75: =BH75+BI75 -> #REF! | BK75: =BG75+BH75+BI75 -> #REF! | BL75: =#REF!*#REF! -> #REF! | BM75: =BE75/BD75 -> #REF! | BN75: =#REF!*#REF!+#REF!*#REF!+#REF!*#REF!+#REF!*#REF!+#REF!*#REF! -> #REF! | BO75: =#REF!*#REF!*#REF!+#REF!*#REF!*#REF!+#REF!*#REF!*#REF!+#REF!*#REF!*#REF!+#REF!*#REF!*#REF! -> #REF! | BP75: =BN75-BO75 -> #REF!
A76: 74 | B76: P02.03-PP-120-ISO-00057-01 | C76: 1 | D76: CN-3030 | F76: 08332 | G76: FIREWATER | H76: FIREWATER | I76: P02.03-PP-120-ISO-00057-01-2 | J76: 08 | K76: 620 | M76: LF | N76: 01HDPE | O76: =P76/AM76 -> #DIV/0! | P76: =L76*Q76*AN76+L76*S76*AO76+L76*U76*AP76+L76*W76*AQ76+L76*Y76*AR76+L76*AA76*AS76+L76*AC76*AT76+L76*AE76*AU76 -> 0 | R76: Receive | T76: Stage | V76: Erect | X76: Connect | Z76: Jeep/Trace | AB76: Mech. Sell Off | AD76: Test | AF76: Post | AJ76: 1 | AK76: Jerry | AN76: 0.02 | AO76: 0.03 | AP76: 0.2 | AQ76: 0.3 | AR76: 0.1 | AS76: 0.1 | AT76: 0.15 | AU76: 0.1 | AV76: 120 | AW76: N/A | AX76: N/A | AY76: N/A | BD76: =#REF!*#REF!+#REF!*#REF!+#REF!*#REF!+#REF!*#REF!+#REF!*#REF! -> #REF! | BE76: =#REF!*#REF!*#REF!+#REF!*#REF!*#REF!+#REF!*#REF!*#REF!+#REF!*#REF!*#REF!+#REF!*#REF!*#REF! -> #REF! | BF76: =BD76-BE76 -> #REF! | BG76: =#REF!*#REF!*#REF! -> #REF! | BH76: =#REF!*#REF!*#REF! -> #REF! | BI76: =#REF!*#REF!*#REF! -> #REF! | BJ76: =BH76+BI76 -> #REF! | BK76: =BG76+BH76+BI76 -> #REF! | BL76: =#REF!*#REF! -> #REF! | BM76: =BE76/BD76 -> #REF! | BN76: =#REF!*#REF!+#REF!*#REF!+#REF!*#REF!+#REF!*#REF!+#REF!*#REF! -> #REF! | BO76: =#REF!*#REF!*#REF!+#REF!*#REF!*#REF!+#REF!*#REF!*#REF!+#REF!*#REF!*#REF!+#REF!*#REF!*#REF! -> #REF! | BP76: =BN76-BO76 -> #REF!
A77: 75 | B77: P02.03-PP-120-ISO-00058-01 | C77: 1 | D77: CN-3030 | F77: 08332 | G77: FIREWATER | H77: FIREWATER | I77: P02.03-PP-120-ISO-00058-01-1 | J77: 06 | K77: 28 | M77: LF | N77: 01HDPE | O77: =P77/AM77 -> #DIV/0! | P77: =L77*Q77*AN77+L77*S77*AO77+L77*U77*AP77+L77*W77*AQ77+L77*Y77*AR77+L77*AA77*AS77+L77*AC77*AT77+L77*AE77*AU77 -> 0 | R77: Receive | T77: Stage | V77: Erect | X77: Connect | Z77: Jeep/Trace | AB77: Mech. Sell Off | AD77: Test | AF77: Post | AJ77: 1 | AK77: Sandra | AN77: 0.02 | AO77: 0.03 | AP77: 0.2 | AQ77: 0.3 | AR77: 0.1 | AS77: 0.1 | AT77: 0.15 | AU77: 0.1 | AV77: 120 | AW77: N/A | AX77: N/A | AY77: N/A | BD77: =#REF!*#REF!+#REF!*#REF!+#REF!*#REF!+#REF!*#REF!+#REF!*#REF! -> #REF! | BE77: =#REF!*#REF!*#REF!+#REF!*#REF!*#REF!+#REF!*#REF!*#REF!+#REF!*#REF!*#REF!+#REF!*#REF!*#REF! -> #REF! | BF77: =BD77-BE77 -> #REF! | BG77: =#REF!*#REF!*#REF! -> #REF! | BH77: =#REF!*#REF!*#REF! -> #REF! | BI77: =#REF!*#REF!*#REF! -> #REF! | BJ77: =BH77+BI77 -> #REF! | BK77: =BG77+BH77+BI77 -> #REF! | BL77: =#REF!*#REF! -> #REF! | BM77: =BE77/BD77 -> #REF! | BN77: =#REF!*#REF!+#REF!*#REF!+#REF!*#REF!+#REF!*#REF!+#REF!*#REF! -> #REF! | BO77: =#REF!*#REF!*#REF!+#REF!*#REF!*#REF!+#REF!*#REF!*#REF!+#REF!*#REF!*#REF!+#REF!*#REF!*#REF! -> #REF! | BP77: =BN77-BO77 -> #REF!
A78: 76 | B78: P02.03-PP-120-ISO-00058-01 | C78: 1 | D78: CN-3030 | F78: 08332 | G78: FIREWATER | H78: FIREWATER | I78: P02.03-PP-120-ISO-00058-01-2 | J78: 10 | K78: 635 | M78: LF | N78: 01HDPE | O78: =P78/AM78 -> #DIV/0! | P78: =L78*Q78*AN78+L78*S78*AO78+L78*U78*AP78+L78*W78*AQ78+L78*Y78*AR78+L78*AA78*AS78+L78*AC78*AT78+L78*AE78*AU78 -> 0 | R78: Receive | T78: Stage | V78: Erect | X78: Connect | Z78: Jeep/Trace | AB78: Mech. Sell Off | AD78: Test | AF78: Post | AJ78: 1 | AK78: Bob | AN78: 0.02 | AO78: 0.03 | AP78: 0.2 | AQ78: 0.3 | AR78: 0.1 | AS78: 0.1 | AT78: 0.15 | AU78: 0.1 | AV78: 120 | AW78: N/A | AX78: N/A | AY78: N/A | BD78: =#REF!*#REF!+#REF!*#REF!+#REF!*#REF!+#REF!*#REF!+#REF!*#REF! -> #REF! | BE78: =#REF!*#REF!*#REF!+#REF!*#REF!*#REF!+#REF!*#REF!*#REF!+#REF!*#REF!*#REF!+#REF!*#REF!*#REF! -> #REF! | BF78: =BD78-BE78 -> #REF! | BG78: =#REF!*#REF!*#REF! -> #REF! | BH78: =#REF!*#REF!*#REF! -> #REF! | BI78: =#REF!*#REF!*#REF! -> #REF! | BJ78: =BH78+BI78 -> #REF! | BK78: =BG78+BH78+BI78 -> #REF! | BL78: =#REF!*#REF! -> #REF! | BM78: =BE78/BD78 -> #REF! | BN78: =#REF!*#REF!+#REF!*#REF!+#REF!*#REF!+#REF!*#REF!+#REF!*#REF! -> #REF! | BO78: =#REF!*#REF!*#REF!+#REF!*#REF!*#REF!+#REF!*#REF!*#REF!+#REF!*#REF!*#REF!+#REF!*#REF!*#REF! -> #REF! | BP78: =BN78-BO78 -> #REF!
A79: 77 | B79: 120-IA-1219-SHT01 | C79: 0 | D79: CN-2910 | F79: 08211 | G79: IA | H79: INSTRUMENT AIR | I79: 120-IA-1219-SHT01-1 | J79: 02 | K79: 35 | M79: LF | N79: 01CS150 | O79: =P79/AM79 -> #DIV/0! | P79: =L79*Q79*AN79+L79*S79*AO79+L79*U79*AP79+L79*W79*AQ79+L79*Y79*AR79+L79*AA79*AS79+L79*AC79*AT79+L79*AE79*AU79 -> 0 | R79: Receive | T79: Stage | V79: Erect | X79: Connect | Z79: Supts | AB79: Punch | AD79: Test | AF79: Post | AI79: PI-401-003 | AJ79: 1 | AK79: Jose | AN79: 0.02 | AO79: 0.03 | AP79: 0.2 | AQ79: 0.3 | AR79: 0.1 | AS79: 0.1 | AT79: 0.15 | AU79: 0.1 | AV79: 401 | AW79: CTCE1000-D014 | AX79: N/A | AY79: N/A | BD79: =#REF!*#REF!+#REF!*#REF!+#REF!*#REF!+#REF!*#REF!+#REF!*#REF! -> #REF! | BE79: =#REF!*#REF!*#REF!+#REF!*#REF!*#REF!+#REF!*#REF!*#REF!+#REF!*#REF!*#REF!+#REF!*#REF!*#REF! -> #REF! | BF79: =BD79-BE79 -> #REF! | BG79: =#REF!*#REF!*#REF! -> #REF! | BH79: =#REF!*#REF!*#REF! -> #REF! | BI79: =#REF!*#REF!*#REF! -> #REF! | BJ79: =BH79+BI79 -> #REF! | BK79: =BG79+BH79+BI79 -> #REF! | BL79: =#REF!*#REF! -> #REF! | BM79: =BE79/BD79 -> #REF! | BN79: =#REF!*#REF!+#REF!*#REF!+#REF!*#REF!+#REF!*#REF!+#REF!*#REF! -> #REF! | BO79: =#REF!*#REF!*#REF!+#REF!*#REF!*#REF!+#REF!*#REF!*#REF!+#REF!*#REF!*#REF!+#REF!*#REF!*#REF! -> #REF! | BP79: =BN79-BO79 -> #REF!
A80: 78 | B80: 120-IA-1220-SHT01 | C80: 0 | D80: CN-2910 | F80: 08211 | G80: IA | H80: INSTRUMENT AIR | I80: 120-IA-1220-SHT01-1 | J80: 02 | K80: 25 | M80: LF | N80: 01CS150 | O80: =P80/AM80 -> #DIV/0! | P80: =L80*Q80*AN80+L80*S80*AO80+L80*U80*AP80+L80*W80*AQ80+L80*Y80*AR80+L80*AA80*AS80+L80*AC80*AT80+L80*AE80*AU80 -> 0 | R80: Receive | T80: Stage | V80: Erect | X80: Connect | Z80: Supts | AB80: Punch | AD80: Test | AF80: Post | AI80: PI-401-003 | AJ80: 1 | AK80: Juan | AN80: 0.02 | AO80: 0.03 | AP80: 0.2 | AQ80: 0.3 | AR80: 0.1 | AS80: 0.1 | AT80: 0.15 | AU80: 0.1 | AV80: 401 | AW80: CTCE1000-D014 | AX80: N/A | AY80: N/A | BD80: =#REF!*#REF!+#REF!*#REF!+#REF!*#REF!+#REF!*#REF!+#REF!*#REF! -> #REF! | BE80: =#REF!*#REF!*#REF!+#REF!*#REF!*#REF!+#REF!*#REF!*#REF!+#REF!*#REF!*#REF!+#REF!*#REF!*#REF! -> #REF! | BF80: =BD80-BE80 -> #REF! | BG80: =#REF!*#REF!*#REF! -> #REF! | BH80: =#REF!*#REF!*#REF! -> #REF! | BI80: =#REF!*#REF!*#REF! -> #REF! | BJ80: =BH80+BI80 -> #REF! | BK80: =BG80+BH80+BI80 -> #REF! | BL80: =#REF!*#REF! -> #REF! | BM80: =BE80/BD80 -> #REF! | BN80: =#REF!*#REF!+#REF!*#REF!+#REF!*#REF!+#REF!*#REF!+#REF!*#REF! -> #REF! | BO80: =#REF!*#REF!*#REF!+#REF!*#REF!*#REF!+#REF!*#REF!*#REF!+#REF!*#REF!*#REF!+#REF!*#REF!*#REF! -> #REF! | BP80: =BN80-BO80 -> #REF!
A81: 79 | B81: 120-NH3-2100-SHT02 | C81: 0 | D81: CN-2970 | F81: 08332 | G81: NH3 | H81: AMMONIA | I81: 120-NH3-2100-SHT02-1 | J81: 03 | K81: 111 | M81: LF | N81: 01HDPE | O81: =P81/AM81 -> #DIV/0! | P81: =L81*Q81*AN81+L81*S81*AO81+L81*U81*AP81+L81*W81*AQ81+L81*Y81*AR81+L81*AA81*AS81+L81*AC81*AT81+L81*AE81*AU81 -> 0 | R81: Receive | T81: Stage | V81: Erect | X81: Connect | Z81: Jeep/Trace | AB81: Mech. Sell Off | AD81: Test | AF81: Post | AI81: PI-401-001 | AJ81: 1 | AK81: Jerry | AN81: 0.02 | AO81: 0.03 | AP81: 0.2 | AQ81: 0.3 | AR81: 0.1 | AS81: 0.1 | AT81: 0.15 | AU81: 0.1 | AV81: 401 | AW81: N/A | AX81: N/A | AY81: N/A | BD81: =#REF!*#REF!+#REF!*#REF!+#REF!*#REF!+#REF!*#REF!+#REF!*#REF! -> #REF! | BE81: =#REF!*#REF!*#REF!+#REF!*#REF!*#REF!+#REF!*#REF!*#REF!+#REF!*#REF!*#REF!+#REF!*#REF!*#REF! -> #REF! | BF81: =BD81-BE81 -> #REF! | BG81: =#REF!*#REF!*#REF! -> #REF! | BH81: =#REF!*#REF!*#REF! -> #REF! | BI81: =#REF!*#REF!*#REF! -> #REF! | BJ81: =BH81+BI81 -> #REF! | BK81: =BG81+BH81+BI81 -> #REF! | BL81: =#REF!*#REF! -> #REF! | BM81: =BE81/BD81 -> #REF! | BN81: =#REF!*#REF!+#REF!*#REF!+#REF!*#REF!+#REF!*#REF!+#REF!*#REF! -> #REF! | BO81: =#REF!*#REF!*#REF!+#REF!*#REF!*#REF!+#REF!*#REF!*#REF!+#REF!*#REF!*#REF!+#REF!*#REF!*#REF! -> #REF! | BP81: =BN81-BO81 -> #REF!
A82: 80 | B82: 120-NH3-2100-SHT01 | C82: 0 | D82: CN-2970 | F82: 08332 | G82: NH3 | H82: AMMONIA | I82: 120-NH3-2100-SHT01-1 | J82: 03 | K82: 26 | M82: LF | N82: 01HDPE | O82: =P82/AM82 -> #DIV/0! | P82: =L82*Q82*AN82+L82*S82*AO82+L82*U82*AP82+L82*W82*AQ82+L82*Y82*AR82+L82*AA82*AS82+L82*AC82*AT82+L82*AE82*AU82 -> 0 | R82: Receive | T82: Stage | V82: Erect | X82: Connect | Z82: Jeep/Trace | AB82: Mech. Sell Off | AD82: Test | AF82: Post | AI82: PI-401-001 | AJ82: 1 | AK82: Jerry | AN82: 0.02 | AO82: 0.03 | AP82: 0.2 | AQ82: 0.3 | AR82: 0.1 | AS82: 0.1 | AT82: 0.15 | AU82: 0.1 | AV82: 401 | AW82: N/A | AX82: N/A | AY82: N/A | BD82: =#REF!*#REF!+#REF!*#REF!+#REF!*#REF!+#REF!*#REF!+#REF!*#REF! -> #REF! | BE82: =#REF!*#REF!*#REF!+#REF!*#REF!*#REF!+#REF!*#REF!*#REF!+#REF!*#REF!*#REF!+#REF!*#REF!*#REF! -> #REF! | BF82: =BD82-BE82 -> #REF! | BG82: =#REF!*#REF!*#REF! -> #REF! | BH82: =#REF!*#REF!*#REF! -> #REF! | BI82: =#REF!*#REF!*#REF! -> #REF! | BJ82: =BH82+BI82 -> #REF! | BK82: =BG82+BH82+BI82 -> #REF! | BL82: =#REF!*#REF! -> #REF! | BM82: =BE82/BD82 -> #REF! | BN82: =#REF!*#REF!+#REF!*#REF!+#REF!*#REF!+#REF!*#REF!+#REF!*#REF! -> #REF! | BO82: =#REF!*#REF!*#REF!+#REF!*#REF!*#REF!+#REF!*#REF!*#REF!+#REF!*#REF!*#REF!+#REF!*#REF!*#REF! -> #REF! | BP82: =BN82-BO82 -> #REF!

Sheet By Cost Code
E1: ISO SIGN OFFS WITH TEST PACKAGES
A2: Week Ending | D2: UNIT | E2: TOTAL | F2: TOTAL HOURS | G2: EARNED FOOTAGE | H2: JOB SUBTOTAL | I2: TOTAL | J2: DAILY TOTAL | K2: Weekly Total Hours Earned
D3: RATES | E3: FOOTAGE | I3: TOTAL | J3: DAILY TOTAL
A5: SPOOL - Carbon Steel Pipe 2.5" and Under | B5: 8111 | C5: 08111P | D5: =F5/E5 -> #DIV/0! | E5: =SUMIF('Pipe Audit'!$F$3:$F$82,$B5,'Pipe Audit'!$K$3:$K$82)+SUMIF('Pipe Audit'!$F$3:$F$82,$C5,'Pipe Audit'!$K$3:$K$82) -> 0 | F5: =SUMIF('Pipe Audit'!$F$3:$F$82,$B5,'Pipe Audit'!$L$3:$L$82)+SUMIF('Pipe Audit'!$F$3:$F$82,$C5,'Pipe Audit'!$L$3:$L$82) -> 0 | G5: =SUMIF('Pipe Audit'!$F$3:$F$82,$B5,'Pipe Audit'!$O$3:$O$82)+SUMIF('Pipe Audit'!$F$3:$F$82,$C5,'Pipe Audit'!$O$3:$O$82) -> 0 | H5: =SUMIF('Pipe Audit'!$F$3:$F$82,$B5,'Pipe Audit'!$P$3:$P$82)+SUMIF('Pipe Audit'!$F$3:$F$82,$C5,'Pipe Audit'!$P$3:$P$82) -> 0 | I5: 0 | J5: =SUM(H5-I5) -> 0 | K5: 0 | L5: =SUM(H5-K5) -> 0 | M5: 8111
A6: SPOOL - Carbon Steel Pipe 3" to 10" | B6: 8112 | C6: 08112P | D6: =F6/E6 -> #DIV/0! | E6: =SUMIF('Pipe Audit'!$F$3:$F$82,$B6,'Pipe Audit'!$K$3:$K$82)+SUMIF('Pipe Audit'!$F$3:$F$82,$C6,'Pipe Audit'!$K$3:$K$82) -> 0 | F6: =SUMIF('Pipe Audit'!$F$3:$F$82,$B6,'Pipe Audit'!$L$3:$L$82)+SUMIF('Pipe Audit'!$F$3:$F$82,$C6,'Pipe Audit'!$L$3:$L$82) -> 0 | G6: =SUMIF('Pipe Audit'!$F$3:$F$82,$B6,'Pipe Audit'!$O$3:$O$82)+SUMIF('Pipe Audit'!$F$3:$F$82,$C6,'Pipe Audit'!$O$3:$O$82) -> 0 | H6: =SUMIF('Pipe Audit'!$F$3:$F$82,$B6,'Pipe Audit'!$P$3:$P$82)+SUMIF('Pipe Audit'!$F$3:$F$82,$C6,'Pipe Audit'!$P$3:$P$82) -> 0 | I6: 0 | J6: =SUM(H6-I6) -> 0 | K6: 0 | L6: =SUM(H6-K6) -> 0 | M6: 8112
A7: SPOOL - Carbon Steel Pipe 12" and Over | B7: 8113 | C7: 08113P | D7: =F7/E7 -> #DIV/0! | E7: =SUMIF('Pipe Audit'!$F$3:$F$82,$B7,'Pipe Audit'!$K$3:$K$82)+SUMIF('Pipe Audit'!$F$3:$F$82,$C7,'Pipe Audit'!$K$3:$K$82) -> 0 | F7: =SUMIF('Pipe Audit'!$F$3:$F$82,$B7,'Pipe Audit'!$L$3:$L$82)+SUMIF('Pipe Audit'!$F$3:$F$82,$C7,'Pipe Audit'!$L$3:$L$82) -> 0 | G7: =SUMIF('Pipe Audit'!$F$3:$F$82,$B7,'Pipe Audit'!$O$3:$O$82)+SUMIF('Pipe Audit'!$F$3:$F$82,$C7,'Pipe Audit'!$O$3:$O$82) -> 0 | H7: =SUMIF('Pipe Audit'!$F$3:$F$82,$B7,'Pipe Audit'!$P$3:$P$82)+SUMIF('Pipe Audit'!$F$3:$F$82,$C7,'Pipe Audit'!$P$3:$P$82) -> 0 | I7: 0 | J7: =SUM(H7-I7) -> 0 | K7: 0 | L7: =SUM(H7-K7) -> 0 | M7: 8113
A8: SPOOL - Alloy Pipe 2.5" and Under | B8: 8121 | C8: 08121P | D8: =F8/E8 -> #DIV/0! | E8: =SUMIF('Pipe Audit'!$F$3:$F$82,$B8,'Pipe Audit'!$K$3:$K$82)+SUMIF('Pipe Audit'!$F$3:$F$82,$C8,'Pipe Audit'!$K$3:$K$82) -> 0 | F8: =SUMIF('Pipe Audit'!$F$3:$F$82,$B8,'Pipe Audit'!$L$3:$L$82)+SUMIF('Pipe Audit'!$F$3:$F$82,$C8,'Pipe Audit'!$L$3:$L$82) -> 0 | G8: =SUMIF('Pipe Audit'!$F$3:$F$82,$B8,'Pipe Audit'!$O$3:$O$82)+SUMIF('Pipe Audit'!$F$3:$F$82,$C8,'Pipe Audit'!$O$3:$O$82) -> 0 | H8: =SUMIF('Pipe Audit'!$F$3:$F$82,$B8,'Pipe Audit'!$P$3:$P$82)+SUMIF('Pipe Audit'!$F$3:$F$82,$C8,'Pipe Audit'!$P$3:$P$82) -> 0 | I8: 0 | J8: =SUM(H8-I8) -> 0 | K8: 0 | L8: =SUM(H8-K8) -> 0 | M8: 8121
A9: SPOOL - Alloy Pipe 3" to 10" | B9: 8122 | C9: 08122P | D9: =F9/E9 -> #DIV/0! | E9: =SUMIF('Pipe Audit'!$F$3:$F$82,$B9,'Pipe Audit'!$K$3:$K$82)+SUMIF('Pipe Audit'!$F$3:$F$82,$C9,'Pipe Audit'!$K$3:$K$82) -> 0 | F9: =SUMIF('Pipe Audit'!$F$3:$F$82,$B9,'Pipe Audit'!$L$3:$L$82)+SUMIF('Pipe Audit'!$F$3:$F$82,$C9,'Pipe Audit'!$L$3:$L$82) -> 0 | G9: =SUMIF('Pipe Audit'!$F$3:$F$82,$B9,'Pipe Audit'!$O$3:$O$82)+SUMIF('Pipe Audit'!$F$3:$F$82,$C9,'Pipe Audit'!$O$3:$O$82) -> 0 | H9: =SUMIF('Pipe Audit'!$F$3:$F$82,$B9,'Pipe Audit'!$P$3:$P$82)+SUMIF('Pipe Audit'!$F$3:$F$82,$C9,'Pipe Audit'!$P$3:$P$82) -> 0 | I9: 0 | J9: =SUM(H9-I9) -> 0 | K9: 0 | L9: =SUM(H9-K9) -> 0 | M9: 8122
A10: SPOOL - Alloy Pipe Pipe 12" and Over | B10: 8123 | C10: 08123P | D10: =F10/E10 -> #DIV/0! | E10: =SUMIF('Pipe Audit'!$F$3:$F$82,$B10,'Pipe Audit'!$K$3:$K$82)+SUMIF('Pipe Audit'!$F$3:$F$82,$C10,'Pipe Audit'!$K$3:$K$82) -> 0 | F10: =SUMIF('Pipe Audit'!$F$3:$F$82,$B10,'Pipe Audit'!$L$3:$L$82)+SUMIF('Pipe Audit'!$F$3:$F$82,$C10,'Pipe Audit'!$L$3:$L$82) -> 0 | G10: =SUMIF('Pipe Audit'!$F$3:$F$82,$B10,'Pipe Audit'!$O$3:$O$82)+SUMIF('Pipe Audit'!$F$3:$F$82,$C10,'Pipe Audit'!$O$3:$O$82) -> 0 | H10: =SUMIF('Pipe Audit'!$F$3:$F$82,$B10,'Pipe Audit'!$P$3:$P$82)+SUMIF('Pipe Audit'!$F$3:$F$82,$C10,'Pipe Audit'!$P$3:$P$82) -> 0 | I10: 0 | J10: =SUM(H10-I10) -> 0 | K10: 0 | L10: =SUM(H10-K10) -> 0 | M10: 8123
A11: Field Run - C/S Pipe 2.5" and Under | B11: 8211 | C11: 08211P | D11: =F11/E11 -> 0 | E11: =SUMIF('Pipe Audit'!$F$3:$F$82,$B11,'Pipe Audit'!$K$3:$K$82)+SUMIF('Pipe Audit'!$F$3:$F$82,$C11,'Pipe Audit'!$K$3:$K$82) -> 1885 | F11: =SUMIF('Pipe Audit'!$F$3:$F$82,$B11,'Pipe Audit'!$L$3:$L$82)+SUMIF('Pipe Audit'!$F$3:$F$82,$C11,'Pipe Audit'!$L$3:$L$82) -> 0 | G11: =SUMIF('Pipe Audit'!$F$3:$F$82,$B11,'Pipe Audit'!$O$3:$O$82)+SUMIF('Pipe Audit'!$F$3:$F$82,$C11,'Pipe Audit'!$O$3:$O$82) -> #DIV/0! | H11: =SUMIF('Pipe Audit'!$F$3:$F$82,$B11,'Pipe Audit'!$P$3:$P$82)+SUMIF('Pipe Audit'!$F$3:$F$82,$C11,'Pipe Audit'!$P$3:$P$82) -> 0 | I11: 0 | J11: =SUM(H11-I11) -> 0 | K11: 0 | L11: =SUM(H11-K11) -> 0 | M11: 8211
A12: Field Run - C/S Pipe 3" to 10" | B12: 8212 | C12: 08212P | D12: =F12/E12 -> 0 | E12: =SUMIF('Pipe Audit'!$F$3:$F$82,$B12,'Pipe Audit'!$K$3:$K$82)+SUMIF('Pipe Audit'!$F$3:$F$82,$C12,'Pipe Audit'!$K$3:$K$82) -> 1795 | F12: =SUMIF('Pipe Audit'!$F$3:$F$82,$B12,'Pipe Audit'!$L$3:$L$82)+SUMIF('Pipe Audit'!$F$3:$F$82,$C12,'Pipe Audit'!$L$3:$L$82) -> 0 | G12: =SUMIF('Pipe Audit'!$F$3:$F$82,$B12,'Pipe Audit'!$O$3:$O$82)+SUMIF('Pipe Audit'!$F$3:$F$82,$C12,'Pipe Audit'!$O$3:$O$82) -> #DIV/0! | H12: =SUMIF('Pipe Audit'!$F$3:$F$82,$B12,'Pipe Audit'!$P$3:$P$82)+SUMIF('Pipe Audit'!$F$3:$F$82,$C12,'Pipe Audit'!$P$3:$P$82) -> 0 | I12: 0 | J12: =SUM(H12-I12) -> 0 | K12: 0 | L12: =SUM(H12-K12) -> 0 | M12: 8212
A13: Field Run - C/S Pipe 12" and Over | B13: 8213 | C13: 08213P | D13: =F13/E13 -> #DIV/0! | E13: =SUMIF('Pipe Audit'!$F$3:$F$82,$B13,'Pipe Audit'!$K$3:$K$82)+SUMIF('Pipe Audit'!$F$3:$F$82,$C13,'Pipe Audit'!$K$3:$K$82) -> 0 | F13: =SUMIF('Pipe Audit'!$F$3:$F$82,$B13,'Pipe Audit'!$L$3:$L$82)+SUMIF('Pipe Audit'!$F$3:$F$82,$C13,'Pipe Audit'!$L$3:$L$82) -> 0 | G13: =SUMIF('Pipe Audit'!$F$3:$F$82,$B13,'Pipe Audit'!$O$3:$O$82)+SUMIF('Pipe Audit'!$F$3:$F$82,$C13,'Pipe Audit'!$O$3:$O$82) -> 0 | H13: =SUMIF('Pipe Audit'!$F$3:$F$82,$B13,'Pipe Audit'!$P$3:$P$82)+SUMIF('Pipe Audit'!$F$3:$F$82,$C13,'Pipe Audit'!$P$3:$P$82) -> 0 | I13: 0 | J13: =SUM(H13-I13) -> 0 | K13: 0 | L13: =SUM(H13-K13) -> 0 | M13: 8213
A14: Field Run - Alloy Pipe 2.5" and Under | B14: 8221 | C14: 08221P | D14: =F14/E14 -> #DIV/0! | E14: =SUMIF('Pipe Audit'!$F$3:$F$82,$B14,'Pipe Audit'!$K$3:$K$82)+SUMIF('Pipe Audit'!$F$3:$F$82,$C14,'Pipe Audit'!$K$3:$K$82) -> 0 | F14: =SUMIF('Pipe Audit'!$F$3:$F$82,$B14,'Pipe Audit'!$L$3:$L$82)+SUMIF('Pipe Audit'!$F$3:$F$82,$C14,'Pipe Audit'!$L$3:$L$82) -> 0 | G14: =SUMIF('Pipe Audit'!$F$3:$F$82,$B14,'Pipe Audit'!$O$3:$O$82)+SUMIF('Pipe Audit'!$F$3:$F$82,$C14,'Pipe Audit'!$O$3:$O$82) -> 0 | H14: =SUMIF('Pipe Audit'!$F$3:$F$82,$B14,'Pipe Audit'!$P$3:$P$82)+SUMIF('Pipe Audit'!$F$3:$F$82,$C14,'Pipe Audit'!$P$3:$P$82) -> 0 | I14: 0 | J14: =SUM(H14-I14) -> 0 | K14: 0 | L14: =SUM(H14-K14) -> 0 | M14: 8221
A15: Field Run - Alloy Pipe 3" to 10" | B15: 8222 | C15: 08222P | D15: =F15/E15 -> #DIV/0! | E15: =SUMIF('Pipe Audit'!$F$3:$F$82,$B15,'Pipe Audit'!$K$3:$K$82)+SUMIF('Pipe Audit'!$F$3:$F$82,$C15,'Pipe Audit'!$K$3:$K$82) -> 0 | F15: =SUMIF('Pipe Audit'!$F$3:$F$82,$B15,'Pipe Audit'!$L$3:$L$82)+SUMIF('Pipe Audit'!$F$3:$F$82,$C15,'Pipe Audit'!$L$3:$L$82) -> 0 | G15: =SUMIF('Pipe Audit'!$F$3:$F$82,$B15,'Pipe Audit'!$O$3:$O$82)+SUMIF('Pipe Audit'!$F$3:$F$82,$C15,'Pipe Audit'!$O$3:$O$82) -> 0 | H15: =SUMIF('Pipe Audit'!$F$3:$F$82,$B15,'Pipe Audit'!$P$3:$P$82)+SUMIF('Pipe Audit'!$F$3:$F$82,$C15,'Pipe Audit'!$P$3:$P$82) -> 0 | I15: 0 | J15: =SUM(H15-I15) -> 0 | K15: 0 | L15: =SUM(H15-K15) -> 0 | M15: 8222
A16: Field Run - Alloy Pipe 12" and Over | B16: 8223 | C16: 08223P | D16: =F16/E16 -> #DIV/0! | E16: =SUMIF('Pipe Audit'!$F$3:$F$82,$B16,'Pipe Audit'!$K$3:$K$82)+SUMIF('Pipe Audit'!$F$3:$F$82,$C16,'Pipe Audit'!$K$3:$K$82) -> 0 | F16: =SUMIF('Pipe Audit'!$F$3:$F$82,$B16,'Pipe Audit'!$L$3:$L$82)+SUMIF('Pipe Audit'!$F$3:$F$82,$C16,'Pipe Audit'!$L$3:$L$82) -> 0 | G16: =SUMIF('Pipe Audit'!$F$3:$F$82,$B16,'Pipe Audit'!$O$3:$O$82)+SUMIF('Pipe Audit'!$F$3:$F$82,$C16,'Pipe Audit'!$O$3:$O$82) -> 0 | H16: =SUMIF('Pipe Audit'!$F$3:$F$82,$B16,'Pipe Audit'!$P$3:$P$82)+SUMIF('Pipe Audit'!$F$3:$F$82,$C16,'Pipe Audit'!$P$3:$P$82) -> 0 | I16: 0 | J16: =SUM(H16-I16) -> 0 | K16: 0 | L16: =SUM(H16-K16) -> 0 | M16: 8223
... A21: FLARE VENDOR PIPING | B21: 8500 | C21: 08500P | D21: =F21/E21 -> #DIV/0! | E21: =SUMIF('Pipe Audit'!$F$3:$F$82,$B21,'Pipe Audit'!$K$3:$K$82)+SUMIF('Pipe Audit'!$F$3:$F$82,$C21,'Pipe Audit'!$K$3:$K$82) -> 0 | F21: =SUMIF('Pipe Audit'!$F$3:$F$82,$B21,'Pipe Audit'!$L$3:$L$82)+SUMIF('Pipe Audit'!$F$3:$F$82,$C21,'Pipe Audit'!$L$3:$L$82) -> 0 | G21: =SUMIF('Pipe Audit'!$F$3:$F$82,$B21,'Pipe Audit'!$O$3:$O$82)+SUMIF('Pipe Audit'!$F$3:$F$82,$C21,'Pipe Audit'!$O$3:$O$82) -> 0 | H21: =SUMIF('Pipe Audit'!$F$3:$F$82,$B21,'Pipe Audit'!$P$3:$P$82)+SUMIF('Pipe Audit'!$F$3:$F$82,$C21,'Pipe Audit'!$P$3:$P$82) -> 0 | I21: 0 | J21: =SUM(H21-I21) -> 0 | K21: 0 | L21: =SUM(H21-K21) -> 0 | M21: 8500
A22: FCO Work | B22: 8000 | C22: 8000 | E22: =SUMIF('Pipe Audit'!$F$3:$F$82,$B22,'Pipe Audit'!$K$3:$K$82) -> 0 | F22: =SUMIF('Pipe Audit'!$F$3:$F$82,$B22,'Pipe Audit'!$L$3:$L$82) -> 0 | G22: =SUMIF('Pipe Audit'!$F$3:$F$82,$B22,'Pipe Audit'!$O$3:$O$82) -> 0 | J22: =SUM(H22-I22) -> 0 | K22: 0 | L22: =SUM(H22-K22) -> 0
A23: TOTAL PIPE HOURS | B23: Total | D23: =F23/E23 -> 0 | E23: =SUM(E5:E22) -> 3680 | F23: =SUM(F5:F22) -> 0 | G23: =SUM(G5:G22) -> #DIV/0! | H23: =SUM(H5:H22) -> 0 | I23: 0 | J23: =SUM(J5:J22) -> 0 | K23: 0 | L23: =SUM(L5:L22) -> 0 | M23: GOAL | N23: REMAINDER TO EARN FOR THE WEEK
N24: =L23-M24 -> 0
B26: Job Total Actual | E26: =H23/F23 -> #DIV/0! | F26: =K23/F23 -> #DIV/0! | G26: =E26-F26 -> #DIV/0! | H26: Copy | I26: Paste Special / as a Value | J26: Daily Earned | K26: Paste as a Value Special Total Week Ending | L26: Total Weekly Hours
E27: =H23/D27 -> #DIV/0! | F27: =K23/D27 -> #DIV/0! | G27: =E27-F27 -> #DIV/0!
B32: `
E35: `

Sheet Model Area 
D1: FOOTAGE | H1: IFC HOURS | L1: Field Construction hours | P1: PIPE SPOOL INFORMATION | W1: ISO SIGN-OFFS | AB1: 44688 | AC1: 44695 | AD1: 44688 | AE1: 44695
A2: MODEL AREA | B2: 'Average' UNIT RATE | C2: TOTAL FOOTAGE ERECTED | D2: TOTAL QTY'S | E2: EARNED ERECTED AG QTY'S | F2: LEFT QTY'S | G2: % COMP QTY'S | H2: TOTAL HRS | I2: EARNED HRS. | J2: HRS. LEFT | K2: % COMP Hrs | L2: Total Construction Hours | M2: Earned Construction Hours | N2: Construction Hours Left | O2: % Construction Hours | P2: Total Spools in audit | Q2: Spools Rec'v | R2: SPOOLS NOT ON SITE | S2: % RECIVED | T2: Spools Erected | U2: Spools Not Erected | V2: SPOOL % ERECTED | W2: ISO COUNT | X2: ISO's at QC | Y2: ISO's SIGNED-OFF | Z2: ISOS REMAINING | AA2: MODEL AREA COMPLETE | AB2: Week -Ending Spools Erected | AC2: Weekly Spools Erected | AD2: Week Ending ERECTED AG QTY'S | AE2: Weekly ERECTED AG QTY'S
A3: 100 | B3: =SUM(H3/D3) -> #DIV/0! | C3: {=SUM(IF('Pipe Audit'!$AV$3:$AV$82=A3,IF('Pipe Audit'!$U$3:$U$82>1%,'Pipe Audit'!$K$3:$K$82)))} -> 0 | D3: =SUMIF('Pipe Audit'!$AV$3:$AV$82,A3,'Pipe Audit'!$K$3:$K$82) -> 0 | E3: =SUMIF('Pipe Audit'!$AV$3:$AV$82,A3,'Pipe Audit'!$BL$3:$BL$82) -> 0 | F3: =D3-E3 -> 0 | G3: =E3/D3 -> #DIV/0! | H3: =SUMIF('Pipe Audit'!$AV$3:$AV$82,A3,'Pipe Audit'!$L$3:$L$82) -> 0 | I3: =SUMIF('Pipe Audit'!$AV$3:$AV$82,A3,'Pipe Audit'!$P$3:$P$82) -> 0 | J3: =H3-I3 -> 0 | K3: =I3/H3 -> #DIV/0! | L3: =SUMIF('Pipe Audit'!$AV$3:$AV$82,'Model Area '!A3,'Pipe Audit'!$BD$3:$BD$82) -> 0 | M3: =SUMIF('Pipe Audit'!$AV$2:AV$82,A3,'Pipe Audit'!$BE$2:$BE$82) -> 0 | N3: =L3-M3 -> 0 | O3: =M3/L3 -> #DIV/0! | P3: =SUMIF('Pipe Audit'!$AV$3:$AV$82,A3,'Pipe Audit'!$AJ$3:$AJ$82) -> 0 | Q3: {=SUM(IF('Pipe Audit'!$AV$3:$AV$82=A3,IF('Pipe Audit'!$Q$3:$Q$82>5%,'Pipe Audit'!$AJ$3:$AJ$82)))} -> 0 | R3: =SUM(P3-Q3) -> 0 | S3: =Q3/P3 -> #DIV/0! | T3: {=SUM(IF('Pipe Audit'!$AV$3:$AV$82=A3,IF('Pipe Audit'!$U$3:$U$82>0,'Pipe Audit'!$AJ$3:$AJ$82)))} -> 0 | U3: =P3-T3 -> 0 | V3: =SUM(T3/P3) -> #DIV/0! | W3: =COUNTIF('[1]Current Iso Sign-off Log'!$AE$5:$AE$1783,A3) -> #VALUE! | X3: =COUNTIFS('[1]Current Iso Sign-off Log'!$AE$5:$AE$1783,A3,'[1]Current Iso Sign-off Log'!$L$5:$L$1783,"Q",'[1]Current Iso Sign-off Log'!$AF$5:$AF$1783,1) -> #VALUE! | Y3: =COUNTIFS('[1]Current Iso Sign-off Log'!$AE$5:$AE$1783,A3,'[1]Current Iso Sign-off Log'!$L$5:$L$1783,"C",'[1]Current Iso Sign-off Log'!$AF$5:$AF$1783,1) -> #VALUE! | Z3: =W3-Y3 -> #VALUE! | AA3: =Y3/Z3 -> #VALUE! | AB3: 49 | AC3: =T3-AB3 -> -49 | AD3: 1647 | AE3: =E3-AD3 -> -1647
A4: 101 | B4: =SUM(H4/D4) -> #DIV/0! | C4: {=SUM(IF('Pipe Audit'!$AV$3:$AV$82=A4,IF('Pipe Audit'!$U$3:$U$82>1%,'Pipe Audit'!$K$3:$K$82)))} -> 0 | D4: =SUMIF('Pipe Audit'!$AV$3:$AV$82,A4,'Pipe Audit'!$K$3:$K$82) -> 0 | E4: =SUMIF('Pipe Audit'!$AV$3:$AV$82,A4,'Pipe Audit'!$BL$3:$BL$82) -> 0 | F4: =D4-E4 -> 0 | G4: =E4/D4 -> #DIV/0! | H4: =SUMIF('Pipe Audit'!$AV$3:$AV$82,A4,'Pipe Audit'!$L$3:$L$82) -> 0 | I4: =SUMIF('Pipe Audit'!$AV$3:$AV$82,A4,'Pipe Audit'!$P$3:$P$82) -> 0 | J4: =H4-I4 -> 0 | K4: =I4/H4 -> #DIV/0! | L4: =SUMIF('Pipe Audit'!$AV$3:$AV$82,'Model Area '!A4,'Pipe Audit'!$BD$3:$BD$82) -> 0 | M4: =SUMIF('Pipe Audit'!$AV$2:AV$82,A4,'Pipe Audit'!$BE$2:$BE$82) -> 0 | N4: =L4-M4 -> 0 | O4: =M4/L4 -> #DIV/0! | P4: =SUMIF('Pipe Audit'!$AV$3:$AV$82,A4,'Pipe Audit'!$AJ$3:$AJ$82) -> 0 | Q4: {=SUM(IF('Pipe Audit'!$AV$3:$AV$82=A4,IF('Pipe Audit'!$Q$3:$Q$82>5%,'Pipe Audit'!$AJ$3:$AJ$82)))} -> 0 | R4: =SUM(P4-Q4) -> 0 | S4: =Q4/P4 -> #DIV/0! | T4: {=SUM(IF('Pipe Audit'!$AV$3:$AV$82=A4,IF('Pipe Audit'!$U$3:$U$82>0,'Pipe Audit'!$AJ$3:$AJ$82)))} -> 0 | U4: =P4-T4 -> 0 | V4: =SUM(T4/P4) -> #DIV/0! | W4: =COUNTIF('[1]Current Iso Sign-off Log'!$AE$5:$AE$1783,A4) -> #VALUE! | X4: =COUNTIFS('[1]Current Iso Sign-off Log'!$AE$5:$AE$1783,A4,'[1]Current Iso Sign-off Log'!$L$5:$L$1783,"Q",'[1]Current Iso Sign-off Log'!$AF$5:$AF$1783,1) -> #VALUE! | Y4: =COUNTIFS('[1]Current Iso Sign-off Log'!$AE$5:$AE$1783,A4,'[1]Current Iso Sign-off Log'!$L$5:$L$1783,"C",'[1]Current Iso Sign-off Log'!$AF$5:$AF$1783,1) -> #VALUE! | Z4: =W4-Y4 -> #VALUE! | AA4: =Y4/Z4 -> #VALUE! | AB4: 152 | AC4: =T4-AB4 -> -152 | AD4: 3233 | AE4: =E4-AD4 -> -3233
A5: 102 | B5: =SUM(H5/D5) -> #DIV/0! | C5: {=SUM(IF('Pipe Audit'!$AV$3:$AV$82=A5,IF('Pipe Audit'!$U$3:$U$82>1%,'Pipe Audit'!$K$3:$K$82)))} -> 0 | D5: =SUMIF('Pipe Audit'!$AV$3:$AV$82,A5,'Pipe Audit'!$K$3:$K$82) -> 0 | E5: =SUMIF('Pipe Audit'!$AV$3:$AV$82,A5,'Pipe Audit'!$BL$3:$BL$82) -> 0 | F5: =D5-E5 -> 0 | G5: =E5/D5 -> #DIV/0! | H5: =SUMIF('Pipe Audit'!$AV$3:$AV$82,A5,'Pipe Audit'!$L$3:$L$82) -> 0 | I5: =SUMIF('Pipe Audit'!$AV$3:$AV$82,A5,'Pipe Audit'!$P$3:$P$82) -> 0 | J5: =H5-I5 -> 0 | K5: =I5/H5 -> #DIV/0! | L5: =SUMIF('Pipe Audit'!$AV$3:$AV$82,'Model Area '!A5,'Pipe Audit'!$BD$3:$BD$82) -> 0 | M5: =SUMIF('Pipe Audit'!$AV$2:AV$82,A5,'Pipe Audit'!$BE$2:$BE$82) -> 0 | N5: =L5-M5 -> 0 | O5: =M5/L5 -> #DIV/0! | P5: =SUMIF('Pipe Audit'!$AV$3:$AV$82,A5,'Pipe Audit'!$AJ$3:$AJ$82) -> 0 | Q5: {=SUM(IF('Pipe Audit'!$AV$3:$AV$82=A5,IF('Pipe Audit'!$Q$3:$Q$82>5%,'Pipe Audit'!$AJ$3:$AJ$82)))} -> 0 | R5: =SUM(P5-Q5) -> 0 | S5: =Q5/P5 -> #DIV/0! | T5: {=SUM(IF('Pipe Audit'!$AV$3:$AV$82=A5,IF('Pipe Audit'!$U$3:$U$82>0,'Pipe Audit'!$AJ$3:$AJ$82)))} -> 0 | U5: =P5-T5 -> 0 | V5: =SUM(T5/P5) -> #DIV/0! | W5: =COUNTIF('[1]Current Iso Sign-off Log'!$AE$5:$AE$1783,A5) -> #VALUE! | X5: =COUNTIFS('[1]Current Iso Sign-off Log'!$AE$5:$AE$1783,A5,'[1]Current Iso Sign-off Log'!$L$5:$L$1783,"Q",'[1]Current Iso Sign-off Log'!$AF$5:$AF$1783,1) -> #VALUE! | Y5: =COUNTIFS('[1]Current Iso Sign-off Log'!$AE$5:$AE$1783,A5,'[1]Current Iso Sign-off Log'!$L$5:$L$1783,"C",'[1]Current Iso Sign-off Log'!$AF$5:$AF$1783,1) -> #VALUE! | Z5: =W5-Y5 -> #VALUE! | AA5: =Y5/Z5 -> #VALUE! | AB5: 500 | AC5: =T5-AB5 -> -500 | AD5: 8237.9 | AE5: =E5-AD5 -> -8237.9
A6: 103 | B6: =SUM(H6/D6) -> #DIV/0! | C6: {=SUM(IF('Pipe Audit'!$AV$3:$AV$82=A6,IF('Pipe Audit'!$U$3:$U$82>1%,'Pipe Audit'!$K$3:$K$82)))} -> 0 | D6: =SUMIF('Pipe Audit'!$AV$3:$AV$82,A6,'Pipe Audit'!$K$3:$K$82) -> 0 | E6: =SUMIF('Pipe Audit'!$AV$3:$AV$82,A6,'Pipe Audit'!$BL$3:$BL$82) -> 0 | F6: =D6-E6 -> 0 | G6: =E6/D6 -> #DIV/0! | H6: =SUMIF('Pipe Audit'!$AV$3:$AV$82,A6,'Pipe Audit'!$L$3:$L$82) -> 0 | I6: =SUMIF('Pipe Audit'!$AV$3:$AV$82,A6,'Pipe Audit'!$P$3:$P$82) -> 0 | J6: =H6-I6 -> 0 | K6: =I6/H6 -> #DIV/0! | L6: =SUMIF('Pipe Audit'!$AV$3:$AV$82,'Model Area '!A6,'Pipe Audit'!$BD$3:$BD$82) -> 0 | M6: =SUMIF('Pipe Audit'!$AV$2:AV$82,A6,'Pipe Audit'!$BE$2:$BE$82) -> 0 | N6: =L6-M6 -> 0 | O6: =M6/L6 -> #DIV/0! | P6: =SUMIF('Pipe Audit'!$AV$3:$AV$82,A6,'Pipe Audit'!$AJ$3:$AJ$82) -> 0 | Q6: {=SUM(IF('Pipe Audit'!$AV$3:$AV$82=A6,IF('Pipe Audit'!$Q$3:$Q$82>5%,'Pipe Audit'!$AJ$3:$AJ$82)))} -> 0 | R6: =SUM(P6-Q6) -> 0 | S6: =Q6/P6 -> #DIV/0! | T6: {=SUM(IF('Pipe Audit'!$AV$3:$AV$82=A6,IF('Pipe Audit'!$U$3:$U$82>0,'Pipe Audit'!$AJ$3:$AJ$82)))} -> 0 | U6: =P6-T6 -> 0 | V6: =SUM(T6/P6) -> #DIV/0! | W6: =COUNTIF('[1]Current Iso Sign-off Log'!$AE$5:$AE$1783,A6) -> #VALUE! | X6: =COUNTIFS('[1]Current Iso Sign-off Log'!$AE$5:$AE$1783,A6,'[1]Current Iso Sign-off Log'!$L$5:$L$1783,"Q",'[1]Current Iso Sign-off Log'!$AF$5:$AF$1783,1) -> #VALUE! | Y6: =COUNTIFS('[1]Current Iso Sign-off Log'!$AE$5:$AE$1783,A6,'[1]Current Iso Sign-off Log'!$L$5:$L$1783,"C",'[1]Current Iso Sign-off Log'!$AF$5:$AF$1783,1) -> #VALUE! | Z6: =W6-Y6 -> #VALUE! | AA6: =Y6/Z6 -> #VALUE! | AB6: 716 | AC6: =T6-AB6 -> -716 | AD6: 12741.65 | AE6: =E6-AD6 -> -12741.65
A7: 104 | B7: =SUM(H7/D7) -> #DIV/0! | C7: {=SUM(IF('Pipe Audit'!$AV$3:$AV$82=A7,IF('Pipe Audit'!$U$3:$U$82>1%,'Pipe Audit'!$K$3:$K$82)))} -> 0 | D7: =SUMIF('Pipe Audit'!$AV$3:$AV$82,A7,'Pipe Audit'!$K$3:$K$82) -> 0 | E7: =SUMIF('Pipe Audit'!$AV$3:$AV$82,A7,'Pipe Audit'!$BL$3:$BL$82) -> 0 | F7: =D7-E7 -> 0 | G7: =E7/D7 -> #DIV/0! | H7: =SUMIF('Pipe Audit'!$AV$3:$AV$82,A7,'Pipe Audit'!$L$3:$L$82) -> 0 | I7: =SUMIF('Pipe Audit'!$AV$3:$AV$82,A7,'Pipe Audit'!$P$3:$P$82) -> 0 | J7: =H7-I7 -> 0 | K7: =I7/H7 -> #DIV/0! | L7: =SUMIF('Pipe Audit'!$AV$3:$AV$82,'Model Area '!A7,'Pipe Audit'!$BD$3:$BD$82) -> 0 | M7: =SUMIF('Pipe Audit'!$AV$2:AV$82,A7,'Pipe Audit'!$BE$2:$BE$82) -> 0 | N7: =L7-M7 -> 0 | O7: =M7/L7 -> #DIV/0! | P7: =SUMIF('Pipe Audit'!$AV$3:$AV$82,A7,'Pipe Audit'!$AJ$3:$AJ$82) -> 0 | Q7: {=SUM(IF('Pipe Audit'!$AV$3:$AV$82=A7,IF('Pipe Audit'!$Q$3:$Q$82>5%,'Pipe Audit'!$AJ$3:$AJ$82)))} -> 0 | R7: =SUM(P7-Q7) -> 0 | S7: =Q7/P7 -> #DIV/0! | T7: {=SUM(IF('Pipe Audit'!$AV$3:$AV$82=A7,IF('Pipe Audit'!$U$3:$U$82>0,'Pipe Audit'!$AJ$3:$AJ$82)))} -> 0 | U7: =P7-T7 -> 0 | V7: =SUM(T7/P7) -> #DIV/0! | W7: =COUNTIF('[1]Current Iso Sign-off Log'!$AE$5:$AE$1783,A7) -> #VALUE! | X7: =COUNTIFS('[1]Current Iso Sign-off Log'!$AE$5:$AE$1783,A7,'[1]Current Iso Sign-off Log'!$L$5:$L$1783,"Q",'[1]Current Iso Sign-off Log'!$AF$5:$AF$1783,1) -> #VALUE! | Y7: =COUNTIFS('[1]Current Iso Sign-off Log'!$AE$5:$AE$1783,A7,'[1]Current Iso Sign-off Log'!$L$5:$L$1783,"C",'[1]Current Iso Sign-off Log'!$AF$5:$AF$1783,1) -> #VALUE! | Z7: =W7-Y7 -> #VALUE! | AA7: =Y7/Z7 -> #VALUE! | AB7: 245 | AC7: =T7-AB7 -> -245 | AD7: 3910 | AE7: =E7-AD7 -> -3910
A8: 105 | B8: =SUM(H8/D8) -> #DIV/0! | C8: {=SUM(IF('Pipe Audit'!$AV$3:$AV$82=A8,IF('Pipe Audit'!$U$3:$U$82>1%,'Pipe Audit'!$K$3:$K$82)))} -> 0 | D8: =SUMIF('Pipe Audit'!$AV$3:$AV$82,A8,'Pipe Audit'!$K$3:$K$82) -> 0 | E8: =SUMIF('Pipe Audit'!$AV$3:$AV$82,A8,'Pipe Audit'!$BL$3:$BL$82) -> 0 | F8: =D8-E8 -> 0 | G8: =E8/D8 -> #DIV/0! | H8: =SUMIF('Pipe Audit'!$AV$3:$AV$82,A8,'Pipe Audit'!$L$3:$L$82) -> 0 | I8: =SUMIF('Pipe Audit'!$AV$3:$AV$82,A8,'Pipe Audit'!$P$3:$P$82) -> 0 | J8: =H8-I8 -> 0 | K8: =I8/H8 -> #DIV/0! | L8: =SUMIF('Pipe Audit'!$AV$3:$AV$82,'Model Area '!A8,'Pipe Audit'!$BD$3:$BD$82) -> 0 | M8: =SUMIF('Pipe Audit'!$AV$2:AV$82,A8,'Pipe Audit'!$BE$2:$BE$82) -> 0 | N8: =L8-M8 -> 0 | O8: =M8/L8 -> #DIV/0! | P8: =SUMIF('Pipe Audit'!$AV$3:$AV$82,A8,'Pipe Audit'!$AJ$3:$AJ$82) -> 0 | Q8: {=SUM(IF('Pipe Audit'!$AV$3:$AV$82=A8,IF('Pipe Audit'!$Q$3:$Q$82>5%,'Pipe Audit'!$AJ$3:$AJ$82)))} -> 0 | R8: =SUM(P8-Q8) -> 0 | S8: =Q8/P8 -> #DIV/0! | T8: {=SUM(IF('Pipe Audit'!$AV$3:$AV$82=A8,IF('Pipe Audit'!$U$3:$U$82>0,'Pipe Audit'!$AJ$3:$AJ$82)))} -> 0 | U8: =P8-T8 -> 0 | V8: =SUM(T8/P8) -> #DIV/0! | W8: =COUNTIF('[1]Current Iso Sign-off Log'!$AE$5:$AE$1783,A8) -> #VALUE! | X8: =COUNTIFS('[1]Current Iso Sign-off Log'!$AE$5:$AE$1783,A8,'[1]Current Iso Sign-off Log'!$L$5:$L$1783,"Q",'[1]Current Iso Sign-off Log'!$AF$5:$AF$1783,1) -> #VALUE! | Y8: =COUNTIFS('[1]Current Iso Sign-off Log'!$AE$5:$AE$1783,A8,'[1]Current Iso Sign-off Log'!$L$5:$L$1783,"C",'[1]Current Iso Sign-off Log'!$AF$5:$AF$1783,1) -> #VALUE! | Z8: =W8-Y8 -> #VALUE! | AA8: =Y8/Z8 -> #VALUE! | AB8: 1014 | AC8: =T8-AB8 -> -1014 | AD8: 15441.95 | AE8: =E8-AD8 -> -15441.95
A9: 106 | B9: =SUM(H9/D9) -> #DIV/0! | C9: {=SUM(IF('Pipe Audit'!$AV$3:$AV$82=A9,IF('Pipe Audit'!$U$3:$U$82>1%,'Pipe Audit'!$K$3:$K$82)))} -> 0 | D9: =SUMIF('Pipe Audit'!$AV$3:$AV$82,A9,'Pipe Audit'!$K$3:$K$82) -> 0 | E9: =SUMIF('Pipe Audit'!$AV$3:$AV$82,A9,'Pipe Audit'!$BL$3:$BL$82) -> 0 | F9: =D9-E9 -> 0 | G9: =E9/D9 -> #DIV/0! | H9: =SUMIF('Pipe Audit'!$AV$3:$AV$82,A9,'Pipe Audit'!$L$3:$L$82) -> 0 | I9: =SUMIF('Pipe Audit'!$AV$3:$AV$82,A9,'Pipe Audit'!$P$3:$P$82) -> 0 | J9: =H9-I9 -> 0 | K9: =I9/H9 -> #DIV/0! | L9: =SUMIF('Pipe Audit'!$AV$3:$AV$82,'Model Area '!A9,'Pipe Audit'!$BD$3:$BD$82) -> 0 | M9: =SUMIF('Pipe Audit'!$AV$2:AV$82,A9,'Pipe Audit'!$BE$2:$BE$82) -> 0 | N9: =L9-M9 -> 0 | O9: =M9/L9 -> #DIV/0! | P9: =SUMIF('Pipe Audit'!$AV$3:$AV$82,A9,'Pipe Audit'!$AJ$3:$AJ$82) -> 0 | Q9: {=SUM(IF('Pipe Audit'!$AV$3:$AV$82=A9,IF('Pipe Audit'!$Q$3:$Q$82>5%,'Pipe Audit'!$AJ$3:$AJ$82)))} -> 0 | R9: =SUM(P9-Q9) -> 0 | S9: =Q9/P9 -> #DIV/0! | T9: {=SUM(IF('Pipe Audit'!$AV$3:$AV$82=A9,IF('Pipe Audit'!$U$3:$U$82>0,'Pipe Audit'!$AJ$3:$AJ$82)))} -> 0 | U9: =P9-T9 -> 0 | V9: =SUM(T9/P9) -> #DIV/0! | W9: =COUNTIF('[1]Current Iso Sign-off Log'!$AE$5:$AE$1783,A9) -> #VALUE! | X9: =COUNTIFS('[1]Current Iso Sign-off Log'!$AE$5:$AE$1783,A9,'[1]Current Iso Sign-off Log'!$L$5:$L$1783,"Q",'[1]Current Iso Sign-off Log'!$AF$5:$AF$1783,1) -> #VALUE! | Y9: =COUNTIFS('[1]Current Iso Sign-off Log'!$AE$5:$AE$1783,A9,'[1]Current Iso Sign-off Log'!$L$5:$L$1783,"C",'[1]Current Iso Sign-off Log'!$AF$5:$AF$1783,1) -> #VALUE! | Z9: =W9-Y9 -> #VALUE! | AA9: =Y9/Z9 -> #VALUE! | AB9: 712 | AC9: =T9-AB9 -> -712 | AD9: 13166.75 | AE9: =E9-AD9 -> -13166.75
A10: 107 | B10: =SUM(H10/D10) -> #DIV/0! | C10: {=SUM(IF('Pipe Audit'!$AV$3:$AV$82=A10,IF('Pipe Audit'!$U$3:$U$82>1%,'Pipe Audit'!$K$3:$K$82)))} -> 0 | D10: =SUMIF('Pipe Audit'!$AV$3:$AV$82,A10,'Pipe Audit'!$K$3:$K$82) -> 0 | E10: =SUMIF('Pipe Audit'!$AV$3:$AV$82,A10,'Pipe Audit'!$BL$3:$BL$82) -> 0 | F10: =D10-E10 -> 0 | G10: =E10/D10 -> #DIV/0! | H10: =SUMIF('Pipe Audit'!$AV$3:$AV$82,A10,'Pipe Audit'!$L$3:$L$82) -> 0 | I10: =SUMIF('Pipe Audit'!$AV$3:$AV$82,A10,'Pipe Audit'!$P$3:$P$82) -> 0 | J10: =H10-I10 -> 0 | K10: =I10/H10 -> #DIV/0! | L10: =SUMIF('Pipe Audit'!$AV$3:$AV$82,'Model Area '!A10,'Pipe Audit'!$BD$3:$BD$82) -> 0 | M10: =SUMIF('Pipe Audit'!$AV$2:AV$82,A10,'Pipe Audit'!$BE$2:$BE$82) -> 0 | N10: =L10-M10 -> 0 | O10: =M10/L10 -> #DIV/0! | P10: =SUMIF('Pipe Audit'!$AV$3:$AV$82,A10,'Pipe Audit'!$AJ$3:$AJ$82) -> 0 | Q10: {=SUM(IF('Pipe Audit'!$AV$3:$AV$82=A10,IF('Pipe Audit'!$Q$3:$Q$82>5%,'Pipe Audit'!$AJ$3:$AJ$82)))} -> 0 | R10: =SUM(P10-Q10) -> 0 | S10: =Q10/P10 -> #DIV/0! | T10: {=SUM(IF('Pipe Audit'!$AV$3:$AV$82=A10,IF('Pipe Audit'!$U$3:$U$82>0,'Pipe Audit'!$AJ$3:$AJ$82)))} -> 0 | U10: =P10-T10 -> 0 | V10: =SUM(T10/P10) -> #DIV/0! | W10: =COUNTIF('[1]Current Iso Sign-off Log'!$AE$5:$AE$1783,A10) -> #VALUE! | X10: =COUNTIFS('[1]Current Iso Sign-off Log'!$AE$5:$AE$1783,A10,'[1]Current Iso Sign-off Log'!$L$5:$L$1783,"Q",'[1]Current Iso Sign-off Log'!$AF$5:$AF$1783,1) -> #VALUE! | Y10: =COUNTIFS('[1]Current Iso Sign-off Log'!$AE$5:$AE$1783,A10,'[1]Current Iso Sign-off Log'!$L$5:$L$1783,"C",'[1]Current Iso Sign-off Log'!$AF$5:$AF$1783,1) -> #VALUE! | Z10: =W10-Y10 -> #VALUE! | AA10: =Y10/Z10 -> #VALUE! | AB10: 243 | AC10: =T10-AB10 -> -243 | AD10: 4279.3 | AE10: =E10-AD10 -> -4279.3
A11: 108 | B11: =SUM(H11/D11) -> #DIV/0! | C11: {=SUM(IF('Pipe Audit'!$AV$3:$AV$82=A11,IF('Pipe Audit'!$U$3:$U$82>1%,'Pipe Audit'!$K$3:$K$82)))} -> 0 | D11: =SUMIF('Pipe Audit'!$AV$3:$AV$82,A11,'Pipe Audit'!$K$3:$K$82) -> 0 | E11: =SUMIF('Pipe Audit'!$AV$3:$AV$82,A11,'Pipe Audit'!$BL$3:$BL$82) -> 0 | F11: =D11-E11 -> 0 | G11: =E11/D11 -> #DIV/0! | H11: =SUMIF('Pipe Audit'!$AV$3:$AV$82,A11,'Pipe Audit'!$L$3:$L$82) -> 0 | I11: =SUMIF('Pipe Audit'!$AV$3:$AV$82,A11,'Pipe Audit'!$P$3:$P$82) -> 0 | J11: =H11-I11 -> 0 | K11: =I11/H11 -> #DIV/0! | L11: =SUMIF('Pipe Audit'!$AV$3:$AV$82,'Model Area '!A11,'Pipe Audit'!$BD$3:$BD$82) -> 0 | M11: =SUMIF('Pipe Audit'!$AV$2:AV$82,A11,'Pipe Audit'!$BE$2:$BE$82) -> 0 | N11: =L11-M11 -> 0 | O11: =M11/L11 -> #DIV/0! | P11: =SUMIF('Pipe Audit'!$AV$3:$AV$82,A11,'Pipe Audit'!$AJ$3:$AJ$82) -> 0 | Q11: {=SUM(IF('Pipe Audit'!$AV$3:$AV$82=A11,IF('Pipe Audit'!$Q$3:$Q$82>5%,'Pipe Audit'!$AJ$3:$AJ$82)))} -> 0 | R11: =SUM(P11-Q11) -> 0 | S11: =Q11/P11 -> #DIV/0! | T11: {=SUM(IF('Pipe Audit'!$AV$3:$AV$82=A11,IF('Pipe Audit'!$U$3:$U$82>0,'Pipe Audit'!$AJ$3:$AJ$82)))} -> 0 | U11: =P11-T11 -> 0 | V11: =SUM(T11/P11) -> #DIV/0! | AB11: 1074 | AC11: =T11-AB11 -> -1074 | AD11: 25394.95 | AE11: =E11-AD11 -> -25394.95
A12: 110 | B12: =SUM(H12/D12) -> #DIV/0! | C12: {=SUM(IF('Pipe Audit'!$AV$3:$AV$82=A12,IF('Pipe Audit'!$U$3:$U$82>1%,'Pipe Audit'!$K$3:$K$82)))} -> 0 | D12: =SUMIF('Pipe Audit'!$AV$3:$AV$82,A12,'Pipe Audit'!$K$3:$K$82) -> 0 | E12: =SUMIF('Pipe Audit'!$AV$3:$AV$82,A12,'Pipe Audit'!$BL$3:$BL$82) -> 0 | F12: =D12-E12 -> 0 | G12: =E12/D12 -> #DIV/0! | H12: =SUMIF('Pipe Audit'!$AV$3:$AV$82,A12,'Pipe Audit'!$L$3:$L$82) -> 0 | I12: =SUMIF('Pipe Audit'!$AV$3:$AV$82,A12,'Pipe Audit'!$P$3:$P$82) -> 0 | J12: =H12-I12 -> 0 | K12: =I12/H12 -> #DIV/0! | L12: =SUMIF('Pipe Audit'!$AV$3:$AV$82,'Model Area '!A12,'Pipe Audit'!$BD$3:$BD$82) -> 0 | M12: =SUMIF('Pipe Audit'!$AV$2:AV$82,A12,'Pipe Audit'!$BE$2:$BE$82) -> 0 | N12: =L12-M12 -> 0 | O12: =M12/L12 -> #DIV/0! | P12: =SUMIF('Pipe Audit'!$AV$3:$AV$82,A12,'Pipe Audit'!$AJ$3:$AJ$82) -> 0 | Q12: {=SUM(IF('Pipe Audit'!$AV$3:$AV$82=A12,IF('Pipe Audit'!$Q$3:$Q$82>5%,'Pipe Audit'!$AJ$3:$AJ$82)))} -> 0 | R12: =SUM(P12-Q12) -> 0 | S12: =Q12/P12 -> #DIV/0! | T12: {=SUM(IF('Pipe Audit'!$AV$3:$AV$82=A12,IF('Pipe Audit'!$U$3:$U$82>0,'Pipe Audit'!$AJ$3:$AJ$82)))} -> 0 | U12: =P12-T12 -> 0 | V12: =SUM(T12/P12) -> #DIV/0! | W12: =COUNTIF('[1]Current Iso Sign-off Log'!$AE$5:$AE$1783,A12) -> #VALUE! | X12: =COUNTIFS('[1]Current Iso Sign-off Log'!$AE$5:$AE$1783,A12,'[1]Current Iso Sign-off Log'!$L$5:$L$1783,"Q",'[1]Current Iso Sign-off Log'!$AF$5:$AF$1783,1) -> #VALUE! | Y12: =COUNTIFS('[1]Current Iso Sign-off Log'!$AE$5:$AE$1783,A12,'[1]Current Iso Sign-off Log'!$L$5:$L$1783,"C",'[1]Current Iso Sign-off Log'!$AF$5:$AF$1783,1) -> #VALUE! | Z12: =W12-Y12 -> #VALUE! | AA12: =Y12/Z12 -> #VALUE! | AB12: 276 | AC12: =T12-AB12 -> -276 | AD12: 15005.2 | AE12: =E12-AD12 -> -15005.2
A13: 110-1 | B13: =SUM(H13/D13) -> #DIV/0! | C13: {=SUM(IF('Pipe Audit'!$AV$3:$AV$82=A13,IF('Pipe Audit'!$U$3:$U$82>1%,'Pipe Audit'!$K$3:$K$82)))} -> 0 | D13: =SUMIF('Pipe Audit'!$AV$3:$AV$82,A13,'Pipe Audit'!$K$3:$K$82) -> 0 | E13: =SUMIF('Pipe Audit'!$AV$3:$AV$82,A13,'Pipe Audit'!$BL$3:$BL$82) -> 0 | F13: =D13-E13 -> 0 | G13: =E13/D13 -> #DIV/0! | H13: =SUMIF('Pipe Audit'!$AV$3:$AV$82,A13,'Pipe Audit'!$L$3:$L$82) -> 0 | I13: =SUMIF('Pipe Audit'!$AV$3:$AV$82,A13,'Pipe Audit'!$P$3:$P$82) -> 0 | J13: =H13-I13 -> 0 | K13: =I13/H13 -> #DIV/0! | L13: =SUMIF('Pipe Audit'!$AV$3:$AV$82,'Model Area '!A13,'Pipe Audit'!$BD$3:$BD$82) -> 0 | M13: =SUMIF('Pipe Audit'!$AV$2:AV$82,A13,'Pipe Audit'!$BE$2:$BE$82) -> 0 | N13: =L13-M13 -> 0 | O13: =M13/L13 -> #DIV/0! | P13: =SUMIF('Pipe Audit'!$AV$3:$AV$82,A13,'Pipe Audit'!$AJ$3:$AJ$82) -> 0 | Q13: {=SUM(IF('Pipe Audit'!$AV$3:$AV$82=A13,IF('Pipe Audit'!$Q$3:$Q$82>5%,'Pipe Audit'!$AJ$3:$AJ$82)))} -> 0 | R13: =SUM(P13-Q13) -> 0 | S13: =Q13/P13 -> #DIV/0! | T13: {=SUM(IF('Pipe Audit'!$AV$3:$AV$82=A13,IF('Pipe Audit'!$U$3:$U$82>0,'Pipe Audit'!$AJ$3:$AJ$82)))} -> 0 | U13: =P13-T13 -> 0 | V13: =SUM(T13/P13) -> #DIV/0! | AB13: 36 | AC13: =T13-AB13 -> -36 | AD13: 643.1 | AE13: =E13-AD13 -> -643.1
A14: 110-2 | B14: =SUM(H14/D14) -> #DIV/0! | C14: {=SUM(IF('Pipe Audit'!$AV$3:$AV$82=A14,IF('Pipe Audit'!$U$3:$U$82>1%,'Pipe Audit'!$K$3:$K$82)))} -> 0 | D14: =SUMIF('Pipe Audit'!$AV$3:$AV$82,A14,'Pipe Audit'!$K$3:$K$82) -> 0 | E14: =SUMIF('Pipe Audit'!$AV$3:$AV$82,A14,'Pipe Audit'!$BL$3:$BL$82) -> 0 | F14: =D14-E14 -> 0 | G14: =E14/D14 -> #DIV/0! | H14: =SUMIF('Pipe Audit'!$AV$3:$AV$82,A14,'Pipe Audit'!$L$3:$L$82) -> 0 | I14: =SUMIF('Pipe Audit'!$AV$3:$AV$82,A14,'Pipe Audit'!$P$3:$P$82) -> 0 | J14: =H14-I14 -> 0 | K14: =I14/H14 -> #DIV/0! | L14: =SUMIF('Pipe Audit'!$AV$3:$AV$82,'Model Area '!A14,'Pipe Audit'!$BD$3:$BD$82) -> 0 | M14: =SUMIF('Pipe Audit'!$AV$2:AV$82,A14,'Pipe Audit'!$BE$2:$BE$82) -> 0 | N14: =L14-M14 -> 0 | O14: =M14/L14 -> #DIV/0! | P14: =SUMIF('Pipe Audit'!$AV$3:$AV$82,A14,'Pipe Audit'!$AJ$3:$AJ$82) -> 0 | Q14: {=SUM(IF('Pipe Audit'!$AV$3:$AV$82=A14,IF('Pipe Audit'!$Q$3:$Q$82>5%,'Pipe Audit'!$AJ$3:$AJ$82)))} -> 0 | R14: =SUM(P14-Q14) -> 0 | S14: =Q14/P14 -> #DIV/0! | T14: {=SUM(IF('Pipe Audit'!$AV$3:$AV$82=A14,IF('Pipe Audit'!$U$3:$U$82>0,'Pipe Audit'!$AJ$3:$AJ$82)))} -> 0 | U14: =P14-T14 -> 0 | V14: =SUM(T14/P14) -> #DIV/0! | AB14: 25 | AC14: =T14-AB14 -> -25 | AD14: 1744.1 | AE14: =E14-AD14 -> -1744.1
A15: 110-3 | B15: =SUM(H15/D15) -> #DIV/0! | C15: {=SUM(IF('Pipe Audit'!$AV$3:$AV$82=A15,IF('Pipe Audit'!$U$3:$U$82>1%,'Pipe Audit'!$K$3:$K$82)))} -> 0 | D15: =SUMIF('Pipe Audit'!$AV$3:$AV$82,A15,'Pipe Audit'!$K$3:$K$82) -> 0 | E15: =SUMIF('Pipe Audit'!$AV$3:$AV$82,A15,'Pipe Audit'!$BL$3:$BL$82) -> 0 | F15: =D15-E15 -> 0 | G15: =E15/D15 -> #DIV/0! | H15: =SUMIF('Pipe Audit'!$AV$3:$AV$82,A15,'Pipe Audit'!$L$3:$L$82) -> 0 | I15: =SUMIF('Pipe Audit'!$AV$3:$AV$82,A15,'Pipe Audit'!$P$3:$P$82) -> 0 | J15: =H15-I15 -> 0 | K15: =I15/H15 -> #DIV/0! | L15: =SUMIF('Pipe Audit'!$AV$3:$AV$82,'Model Area '!A15,'Pipe Audit'!$BD$3:$BD$82) -> 0 | M15: =SUMIF('Pipe Audit'!$AV$2:AV$82,A15,'Pipe Audit'!$BE$2:$BE$82) -> 0 | N15: =L15-M15 -> 0 | O15: =M15/L15 -> #DIV/0! | P15: =SUMIF('Pipe Audit'!$AV$3:$AV$82,A15,'Pipe Audit'!$AJ$3:$AJ$82) -> 0 | Q15: {=SUM(IF('Pipe Audit'!$AV$3:$AV$82=A15,IF('Pipe Audit'!$Q$3:$Q$82>5%,'Pipe Audit'!$AJ$3:$AJ$82)))} -> 0 | R15: =SUM(P15-Q15) -> 0 | S15: =Q15/P15 -> #DIV/0! | T15: {=SUM(IF('Pipe Audit'!$AV$3:$AV$82=A15,IF('Pipe Audit'!$U$3:$U$82>0,'Pipe Audit'!$AJ$3:$AJ$82)))} -> 0 | U15: =P15-T15 -> 0 | V15: =SUM(T15/P15) -> #DIV/0! | W15: =COUNTIF('[1]Current Iso Sign-off Log'!$AE$5:$AE$1783,A15) -> #VALUE! | X15: =COUNTIFS('[1]Current Iso Sign-off Log'!$AE$5:$AE$1783,A15,'[1]Current Iso Sign-off Log'!$L$5:$L$1783,"Q",'[1]Current Iso Sign-off Log'!$AF$5:$AF$1783,1) -> #VALUE! | Y15: =COUNTIFS('[1]Current Iso Sign-off Log'!$AE$5:$AE$1783,A15,'[1]Current Iso Sign-off Log'!$L$5:$L$1783,"C",'[1]Current Iso Sign-off Log'!$AF$5:$AF$1783,1) -> #VALUE! | Z15: =W15-Y15 -> #VALUE! | AA15: =Y15/Z15 -> #VALUE! | AB15: 60 | AC15: =T15-AB15 -> -60 | AD15: 866 | AE15: =E15-AD15 -> -866
A16: 110-4 | B16: =SUM(H16/D16) -> #DIV/0! | C16: {=SUM(IF('Pipe Audit'!$AV$3:$AV$82=A16,IF('Pipe Audit'!$U$3:$U$82>1%,'Pipe Audit'!$K$3:$K$82)))} -> 0 | D16: =SUMIF('Pipe Audit'!$AV$3:$AV$82,A16,'Pipe Audit'!$K$3:$K$82) -> 0 | E16: =SUMIF('Pipe Audit'!$AV$3:$AV$82,A16,'Pipe Audit'!$BL$3:$BL$82) -> 0 | F16: =D16-E16 -> 0 | G16: =E16/D16 -> #DIV/0! | H16: =SUMIF('Pipe Audit'!$AV$3:$AV$82,A16,'Pipe Audit'!$L$3:$L$82) -> 0 | I16: =SUMIF('Pipe Audit'!$AV$3:$AV$82,A16,'Pipe Audit'!$P$3:$P$82) -> 0 | J16: =H16-I16 -> 0 | K16: =I16/H16 -> #DIV/0! | L16: =SUMIF('Pipe Audit'!$AV$3:$AV$82,'Model Area '!A16,'Pipe Audit'!$BD$3:$BD$82) -> 0 | M16: =SUMIF('Pipe Audit'!$AV$2:AV$82,A16,'Pipe Audit'!$BE$2:$BE$82) -> 0 | N16: =L16-M16 -> 0 | O16: =M16/L16 -> #DIV/0! | P16: =SUMIF('Pipe Audit'!$AV$3:$AV$82,A16,'Pipe Audit'!$AJ$3:$AJ$82) -> 0 | Q16: {=SUM(IF('Pipe Audit'!$AV$3:$AV$82=A16,IF('Pipe Audit'!$Q$3:$Q$82>5%,'Pipe Audit'!$AJ$3:$AJ$82)))} -> 0 | R16: =SUM(P16-Q16) -> 0 | S16: =Q16/P16 -> #DIV/0! | T16: {=SUM(IF('Pipe Audit'!$AV$3:$AV$82=A16,IF('Pipe Audit'!$U$3:$U$82>0,'Pipe Audit'!$AJ$3:$AJ$82)))} -> 0 | U16: =P16-T16 -> 0 | V16: =SUM(T16/P16) -> #DIV/0! | W16: =COUNTIF('[1]Current Iso Sign-off Log'!$AE$5:$AE$1783,A16) -> #VALUE! | X16: =COUNTIFS('[1]Current Iso Sign-off Log'!$AE$5:$AE$1783,A16,'[1]Current Iso Sign-off Log'!$L$5:$L$1783,"Q",'[1]Current Iso Sign-off Log'!$AF$5:$AF$1783,1) -> #VALUE! | Y16: =COUNTIFS('[1]Current Iso Sign-off Log'!$AE$5:$AE$1783,A16,'[1]Current Iso Sign-off Log'!$L$5:$L$1783,"C",'[1]Current Iso Sign-off Log'!$AF$5:$AF$1783,1) -> #VALUE! | Z16: =W16-Y16 -> #VALUE! | AA16: =Y16/Z16 -> #VALUE! | AB16: 24 | AC16: =T16-AB16 -> -24 | AD16: 318 | AE16: =E16-AD16 -> -318
A17: 110-5 | B17: =SUM(H17/D17) -> #DIV/0! | C17: {=SUM(IF('Pipe Audit'!$AV$3:$AV$82=A17,IF('Pipe Audit'!$U$3:$U$82>1%,'Pipe Audit'!$K$3:$K$82)))} -> 0 | D17: =SUMIF('Pipe Audit'!$AV$3:$AV$82,A17,'Pipe Audit'!$K$3:$K$82) -> 0 | E17: =SUMIF('Pipe Audit'!$AV$3:$AV$82,A17,'Pipe Audit'!$BL$3:$BL$82) -> 0 | F17: =D17-E17 -> 0 | G17: =E17/D17 -> #DIV/0! | H17: =SUMIF('Pipe Audit'!$AV$3:$AV$82,A17,'Pipe Audit'!$L$3:$L$82) -> 0 | I17: =SUMIF('Pipe Audit'!$AV$3:$AV$82,A17,'Pipe Audit'!$P$3:$P$82) -> 0 | J17: =H17-I17 -> 0 | K17: =I17/H17 -> #DIV/0! | L17: =SUMIF('Pipe Audit'!$AV$3:$AV$82,'Model Area '!A17,'Pipe Audit'!$BD$3:$BD$82) -> 0 | M17: =SUMIF('Pipe Audit'!$AV$2:AV$82,A17,'Pipe Audit'!$BE$2:$BE$82) -> 0 | N17: =L17-M17 -> 0 | O17: =M17/L17 -> #DIV/0! | P17: =SUMIF('Pipe Audit'!$AV$3:$AV$82,A17,'Pipe Audit'!$AJ$3:$AJ$82) -> 0 | Q17: {=SUM(IF('Pipe Audit'!$AV$3:$AV$82=A17,IF('Pipe Audit'!$Q$3:$Q$82>5%,'Pipe Audit'!$AJ$3:$AJ$82)))} -> 0 | R17: =SUM(P17-Q17) -> 0 | S17: =Q17/P17 -> #DIV/0! | T17: {=SUM(IF('Pipe Audit'!$AV$3:$AV$82=A17,IF('Pipe Audit'!$U$3:$U$82>0,'Pipe Audit'!$AJ$3:$AJ$82)))} -> 0 | U17: =P17-T17 -> 0 | V17: =SUM(T17/P17) -> #DIV/0! | W17: =COUNTIF('[1]Current Iso Sign-off Log'!$AE$5:$AE$1783,A17) -> #VALUE! | X17: =COUNTIFS('[1]Current Iso Sign-off Log'!$AE$5:$AE$1783,A17,'[1]Current Iso Sign-off Log'!$L$5:$L$1783,"Q",'[1]Current Iso Sign-off Log'!$AF$5:$AF$1783,1) -> #VALUE! | Y17: =COUNTIFS('[1]Current Iso Sign-off Log'!$AE$5:$AE$1783,A17,'[1]Current Iso Sign-off Log'!$L$5:$L$1783,"C",'[1]Current Iso Sign-off Log'!$AF$5:$AF$1783,1) -> #VALUE! | Z17: =W17-Y17 -> #VALUE! | AA17: =Y17/Z17 -> #VALUE! | AB17: 56 | AC17: =T17-AB17 -> -56 | AD17: 1398 | AE17: =E17-AD17 -> -1398
A18: 110-6.1 | B18: =SUM(H18/D18) -> #DIV/0! | C18: {=SUM(IF('Pipe Audit'!$AV$3:$AV$82=A18,IF('Pipe Audit'!$U$3:$U$82>1%,'Pipe Audit'!$K$3:$K$82)))} -> 0 | D18: =SUMIF('Pipe Audit'!$AV$3:$AV$82,A18,'Pipe Audit'!$K$3:$K$82) -> 0 | E18: =SUMIF('Pipe Audit'!$AV$3:$AV$82,A18,'Pipe Audit'!$BL$3:$BL$82) -> 0 | F18: =D18-E18 -> 0 | G18: =E18/D18 -> #DIV/0! | H18: =SUMIF('Pipe Audit'!$AV$3:$AV$82,A18,'Pipe Audit'!$L$3:$L$82) -> 0 | I18: =SUMIF('Pipe Audit'!$AV$3:$AV$82,A18,'Pipe Audit'!$P$3:$P$82) -> 0 | J18: =H18-I18 -> 0 | K18: =I18/H18 -> #DIV/0! | L18: =SUMIF('Pipe Audit'!$AV$3:$AV$82,'Model Area '!A18,'Pipe Audit'!$BD$3:$BD$82) -> 0 | M18: =SUMIF('Pipe Audit'!$AV$2:AV$82,A18,'Pipe Audit'!$BE$2:$BE$82) -> 0 | N18: =L18-M18 -> 0 | O18: =M18/L18 -> #DIV/0! | P18: =SUMIF('Pipe Audit'!$AV$3:$AV$82,A18,'Pipe Audit'!$AJ$3:$AJ$82) -> 0 | Q18: {=SUM(IF('Pipe Audit'!$AV$3:$AV$82=A18,IF('Pipe Audit'!$Q$3:$Q$82>5%,'Pipe Audit'!$AJ$3:$AJ$82)))} -> 0 | R18: =SUM(P18-Q18) -> 0 | S18: =Q18/P18 -> #DIV/0! | T18: {=SUM(IF('Pipe Audit'!$AV$3:$AV$82=A18,IF('Pipe Audit'!$U$3:$U$82>0,'Pipe Audit'!$AJ$3:$AJ$82)))} -> 0 | U18: =P18-T18 -> 0 | V18: =SUM(T18/P18) -> #DIV/0! | W18: =COUNTIF('[1]Current Iso Sign-off Log'!$AE$5:$AE$1783,A18) -> #VALUE! | X18: =COUNTIFS('[1]Current Iso Sign-off Log'!$AE$5:$AE$1783,A18,'[1]Current Iso Sign-off Log'!$L$5:$L$1783,"Q",'[1]Current Iso Sign-off Log'!$AF$5:$AF$1783,1) -> #VALUE! | Y18: =COUNTIFS('[1]Current Iso Sign-off Log'!$AE$5:$AE$1783,A18,'[1]Current Iso Sign-off Log'!$L$5:$L$1783,"C",'[1]Current Iso Sign-off Log'!$AF$5:$AF$1783,1) -> #VALUE! | Z18: =W18-Y18 -> #VALUE! | AA18: =Y18/Z18 -> #VALUE! | AB18: 7 | AC18: =T18-AB18 -> -7 | AD18: 490 | AE18: =E18-AD18 -> -490
A19: 110-6.2 | B19: =SUM(H19/D19) -> #DIV/0! | C19: {=SUM(IF('Pipe Audit'!$AV$3:$AV$82=A19,IF('Pipe Audit'!$U$3:$U$82>1%,'Pipe Audit'!$K$3:$K$82)))} -> 0 | D19: =SUMIF('Pipe Audit'!$AV$3:$AV$82,A19,'Pipe Audit'!$K$3:$K$82) -> 0 | E19: =SUMIF('Pipe Audit'!$AV$3:$AV$82,A19,'Pipe Audit'!$BL$3:$BL$82) -> 0 | F19: =D19-E19 -> 0 | G19: =E19/D19 -> #DIV/0! | H19: =SUMIF('Pipe Audit'!$AV$3:$AV$82,A19,'Pipe Audit'!$L$3:$L$82) -> 0 | I19: =SUMIF('Pipe Audit'!$AV$3:$AV$82,A19,'Pipe Audit'!$P$3:$P$82) -> 0 | J19: =H19-I19 -> 0 | K19: =I19/H19 -> #DIV/0! | L19: =SUMIF('Pipe Audit'!$AV$3:$AV$82,'Model Area '!A19,'Pipe Audit'!$BD$3:$BD$82) -> 0 | M19: =SUMIF('Pipe Audit'!$AV$2:AV$82,A19,'Pipe Audit'!$BE$2:$BE$82) -> 0 | N19: =L19-M19 -> 0 | O19: =M19/L19 -> #DIV/0! | P19: =SUMIF('Pipe Audit'!$AV$3:$AV$82,A19,'Pipe Audit'!$AJ$3:$AJ$82) -> 0 | Q19: {=SUM(IF('Pipe Audit'!$AV$3:$AV$82=A19,IF('Pipe Audit'!$Q$3:$Q$82>5%,'Pipe Audit'!$AJ$3:$AJ$82)))} -> 0 | R19: =SUM(P19-Q19) -> 0 | S19: =Q19/P19 -> #DIV/0! | T19: {=SUM(IF('Pipe Audit'!$AV$3:$AV$82=A19,IF('Pipe Audit'!$U$3:$U$82>0,'Pipe Audit'!$AJ$3:$AJ$82)))} -> 0 | U19: =P19-T19 -> 0 | V19: =SUM(T19/P19) -> #DIV/0! | W19: =COUNTIF('[1]Current Iso Sign-off Log'!$AE$5:$AE$1783,A19) -> #VALUE! | X19: =COUNTIFS('[1]Current Iso Sign-off Log'!$AE$5:$AE$1783,A19,'[1]Current Iso Sign-off Log'!$L$5:$L$1783,"Q",'[1]Current Iso Sign-off Log'!$AF$5:$AF$1783,1) -> #VALUE! | Y19: =COUNTIFS('[1]Current Iso Sign-off Log'!$AE$5:$AE$1783,A19,'[1]Current Iso Sign-off Log'!$L$5:$L$1783,"C",'[1]Current Iso Sign-off Log'!$AF$5:$AF$1783,1) -> #VALUE! | Z19: =W19-Y19 -> #VALUE! | AA19: =Y19/Z19 -> #VALUE! | AB19: 2 | AC19: =T19-AB19 -> -2 | AD19: 212 | AE19: =E19-AD19 -> -212
A20: 110-6.3 | B20: =SUM(H20/D20) -> #DIV/0! | C20: {=SUM(IF('Pipe Audit'!$AV$3:$AV$82=A20,IF('Pipe Audit'!$U$3:$U$82>1%,'Pipe Audit'!$K$3:$K$82)))} -> 0 | D20: =SUMIF('Pipe Audit'!$AV$3:$AV$82,A20,'Pipe Audit'!$K$3:$K$82) -> 0 | E20: =SUMIF('Pipe Audit'!$AV$3:$AV$82,A20,'Pipe Audit'!$BL$3:$BL$82) -> 0 | F20: =D20-E20 -> 0 | G20: =E20/D20 -> #DIV/0! | H20: =SUMIF('Pipe Audit'!$AV$3:$AV$82,A20,'Pipe Audit'!$L$3:$L$82) -> 0 | I20: =SUMIF('Pipe Audit'!$AV$3:$AV$82,A20,'Pipe Audit'!$P$3:$P$82) -> 0 | J20: =H20-I20 -> 0 | K20: =I20/H20 -> #DIV/0! | L20: =SUMIF('Pipe Audit'!$AV$3:$AV$82,'Model Area '!A20,'Pipe Audit'!$BD$3:$BD$82) -> 0 | M20: =SUMIF('Pipe Audit'!$AV$2:AV$82,A20,'Pipe Audit'!$BE$2:$BE$82) -> 0 | N20: =L20-M20 -> 0 | O20: =M20/L20 -> #DIV/0! | P20: =SUMIF('Pipe Audit'!$AV$3:$AV$82,A20,'Pipe Audit'!$AJ$3:$AJ$82) -> 0 | Q20: {=SUM(IF('Pipe Audit'!$AV$3:$AV$82=A20,IF('Pipe Audit'!$Q$3:$Q$82>5%,'Pipe Audit'!$AJ$3:$AJ$82)))} -> 0 | R20: =SUM(P20-Q20) -> 0 | S20: =Q20/P20 -> #DIV/0! | T20: {=SUM(IF('Pipe Audit'!$AV$3:$AV$82=A20,IF('Pipe Audit'!$U$3:$U$82>0,'Pipe Audit'!$AJ$3:$AJ$82)))} -> 0 | U20: =P20-T20 -> 0 | V20: =SUM(T20/P20) -> #DIV/0! | W20: =COUNTIF('[1]Current Iso Sign-off Log'!$AE$5:$AE$1783,A20) -> #VALUE! | X20: =COUNTIFS('[1]Current Iso Sign-off Log'!$AE$5:$AE$1783,A20,'[1]Current Iso Sign-off Log'!$L$5:$L$1783,"Q",'[1]Current Iso Sign-off Log'!$AF$5:$AF$1783,1) -> #VALUE! | Y20: =COUNTIFS('[1]Current Iso Sign-off Log'!$AE$5:$AE$1783,A20,'[1]Current Iso Sign-off Log'!$L$5:$L$1783,"C",'[1]Current Iso Sign-off Log'!$AF$5:$AF$1783,1) -> #VALUE! | Z20: =W20-Y20 -> #VALUE! | AA20: =Y20/Z20 -> #VALUE! | AB20: 6 | AC20: =T20-AB20 -> -6 | AD20: 396 | AE20: =E20-AD20 -> -396
A21: 110-6.4 | B21: =SUM(H21/D21) -> #DIV/0! | C21: {=SUM(IF('Pipe Audit'!$AV$3:$AV$82=A21,IF('Pipe Audit'!$U$3:$U$82>1%,'Pipe Audit'!$K$3:$K$82)))} -> 0 | D21: =SUMIF('Pipe Audit'!$AV$3:$AV$82,A21,'Pipe Audit'!$K$3:$K$82) -> 0 | E21: =SUMIF('Pipe Audit'!$AV$3:$AV$82,A21,'Pipe Audit'!$BL$3:$BL$82) -> 0 | F21: =D21-E21 -> 0 | G21: =E21/D21 -> #DIV/0! | H21: =SUMIF('Pipe Audit'!$AV$3:$AV$82,A21,'Pipe Audit'!$L$3:$L$82) -> 0 | I21: =SUMIF('Pipe Audit'!$AV$3:$AV$82,A21,'Pipe Audit'!$P$3:$P$82) -> 0 | J21: =H21-I21 -> 0 | K21: =I21/H21 -> #DIV/0! | L21: =SUMIF('Pipe Audit'!$AV$3:$AV$82,'Model Area '!A21,'Pipe Audit'!$BD$3:$BD$82) -> 0 | M21: =SUMIF('Pipe Audit'!$AV$2:AV$82,A21,'Pipe Audit'!$BE$2:$BE$82) -> 0 | N21: =L21-M21 -> 0 | O21: =M21/L21 -> #DIV/0! | P21: =SUMIF('Pipe Audit'!$AV$3:$AV$82,A21,'Pipe Audit'!$AJ$3:$AJ$82) -> 0 | Q21: {=SUM(IF('Pipe Audit'!$AV$3:$AV$82=A21,IF('Pipe Audit'!$Q$3:$Q$82>5%,'Pipe Audit'!$AJ$3:$AJ$82)))} -> 0 | R21: =SUM(P21-Q21) -> 0 | S21: =Q21/P21 -> #DIV/0! | T21: {=SUM(IF('Pipe Audit'!$AV$3:$AV$82=A21,IF('Pipe Audit'!$U$3:$U$82>0,'Pipe Audit'!$AJ$3:$AJ$82)))} -> 0 | U21: =P21-T21 -> 0 | V21: =SUM(T21/P21) -> #DIV/0! | W21: =COUNTIF('[1]Current Iso Sign-off Log'!$AE$5:$AE$1783,A21) -> #VALUE! | X21: =COUNTIFS('[1]Current Iso Sign-off Log'!$AE$5:$AE$1783,A21,'[1]Current Iso Sign-off Log'!$L$5:$L$1783,"Q",'[1]Current Iso Sign-off Log'!$AF$5:$AF$1783,1) -> #VALUE! | Y21: =COUNTIFS('[1]Current Iso Sign-off Log'!$AE$5:$AE$1783,A21,'[1]Current Iso Sign-off Log'!$L$5:$L$1783,"C",'[1]Current Iso Sign-off Log'!$AF$5:$AF$1783,1) -> #VALUE! | Z21: =W21-Y21 -> #VALUE! | AA21: =Y21/Z21 -> #VALUE! | AB21: 60 | AC21: =T21-AB21 -> -60 | AD21: 3120 | AE21: =E21-AD21 -> -3120
A22: 110-6.5 | B22: =SUM(H22/D22) -> #DIV/0! | C22: {=SUM(IF('Pipe Audit'!$AV$3:$AV$82=A22,IF('Pipe Audit'!$U$3:$U$82>1%,'Pipe Audit'!$K$3:$K$82)))} -> 0 | D22: =SUMIF('Pipe Audit'!$AV$3:$AV$82,A22,'Pipe Audit'!$K$3:$K$82) -> 0 | E22: =SUMIF('Pipe Audit'!$AV$3:$AV$82,A22,'Pipe Audit'!$BL$3:$BL$82) -> 0 | F22: =D22-E22 -> 0 | G22: =E22/D22 -> #DIV/0! | H22: =SUMIF('Pipe Audit'!$AV$3:$AV$82,A22,'Pipe Audit'!$L$3:$L$82) -> 0 | I22: =SUMIF('Pipe Audit'!$AV$3:$AV$82,A22,'Pipe Audit'!$P$3:$P$82) -> 0 | J22: =H22-I22 -> 0 | K22: =I22/H22 -> #DIV/0! | L22: =SUMIF('Pipe Audit'!$AV$3:$AV$82,'Model Area '!A22,'Pipe Audit'!$BD$3:$BD$82) -> 0 | M22: =SUMIF('Pipe Audit'!$AV$2:AV$82,A22,'Pipe Audit'!$BE$2:$BE$82) -> 0 | N22: =L22-M22 -> 0 | O22: =M22/L22 -> #DIV/0! | P22: =SUMIF('Pipe Audit'!$AV$3:$AV$82,A22,'Pipe Audit'!$AJ$3:$AJ$82) -> 0 | Q22: {=SUM(IF('Pipe Audit'!$AV$3:$AV$82=A22,IF('Pipe Audit'!$Q$3:$Q$82>5%,'Pipe Audit'!$AJ$3:$AJ$82)))} -> 0 | R22: =SUM(P22-Q22) -> 0 | S22: =Q22/P22 -> #DIV/0! | T22: {=SUM(IF('Pipe Audit'!$AV$3:$AV$82=A22,IF('Pipe Audit'!$U$3:$U$82>0,'Pipe Audit'!$AJ$3:$AJ$82)))} -> 0 | U22: =P22-T22 -> 0 | V22: =SUM(T22/P22) -> #DIV/0! | AB22: 11 | AC22: =T22-AB22 -> -11 | AD22: 1034 | AE22: =E22-AD22 -> -1034
A23: 110-6.6 | B23: =SUM(H23/D23) -> #DIV/0! | C23: {=SUM(IF('Pipe Audit'!$AV$3:$AV$82=A23,IF('Pipe Audit'!$U$3:$U$82>1%,'Pipe Audit'!$K$3:$K$82)))} -> 0 | D23: =SUMIF('Pipe Audit'!$AV$3:$AV$82,A23,'Pipe Audit'!$K$3:$K$82) -> 0 | E23: =SUMIF('Pipe Audit'!$AV$3:$AV$82,A23,'Pipe Audit'!$BL$3:$BL$82) -> 0 | F23: =D23-E23 -> 0 | G23: =E23/D23 -> #DIV/0! | H23: =SUMIF('Pipe Audit'!$AV$3:$AV$82,A23,'Pipe Audit'!$L$3:$L$82) -> 0 | I23: =SUMIF('Pipe Audit'!$AV$3:$AV$82,A23,'Pipe Audit'!$P$3:$P$82) -> 0 | J23: =H23-I23 -> 0 | K23: =I23/H23 -> #DIV/0! | L23: =SUMIF('Pipe Audit'!$AV$3:$AV$82,'Model Area '!A23,'Pipe Audit'!$BD$3:$BD$82) -> 0 | M23: =SUMIF('Pipe Audit'!$AV$2:AV$82,A23,'Pipe Audit'!$BE$2:$BE$82) -> 0 | N23: =L23-M23 -> 0 | O23: =M23/L23 -> #DIV/0! | P23: =SUMIF('Pipe Audit'!$AV$3:$AV$82,A23,'Pipe Audit'!$AJ$3:$AJ$82) -> 0 | Q23: {=SUM(IF('Pipe Audit'!$AV$3:$AV$82=A23,IF('Pipe Audit'!$Q$3:$Q$82>5%,'Pipe Audit'!$AJ$3:$AJ$82)))} -> 0 | R23: =SUM(P23-Q23) -> 0 | S23: =Q23/P23 -> #DIV/0! | T23: {=SUM(IF('Pipe Audit'!$AV$3:$AV$82=A23,IF('Pipe Audit'!$U$3:$U$82>0,'Pipe Audit'!$AJ$3:$AJ$82)))} -> 0 | U23: =P23-T23 -> 0 | V23: =SUM(T23/P23) -> #DIV/0! | W23: =COUNTIF('[1]Current Iso Sign-off Log'!$AE$5:$AE$1783,A23) -> #VALUE! | X23: =COUNTIFS('[1]Current Iso Sign-off Log'!$AE$5:$AE$1783,A23,'[1]Current Iso Sign-off Log'!$L$5:$L$1783,"Q",'[1]Current Iso Sign-off Log'!$AF$5:$AF$1783,1) -> #VALUE! | Y23: =COUNTIFS('[1]Current Iso Sign-off Log'!$AE$5:$AE$1783,A23,'[1]Current Iso Sign-off Log'!$L$5:$L$1783,"C",'[1]Current Iso Sign-off Log'!$AF$5:$AF$1783,1) -> #VALUE! | Z23: =W23-Y23 -> #VALUE! | AA23: =Y23/Z23 -> #VALUE! | AB23: 15 | AC23: =T23-AB23 -> -15 | AD23: 1208 | AE23: =E23-AD23 -> -1208
A24: 110-6.7 | B24: =SUM(H24/D24) -> #DIV/0! | C24: {=SUM(IF('Pipe Audit'!$AV$3:$AV$82=A24,IF('Pipe Audit'!$U$3:$U$82>1%,'Pipe Audit'!$K$3:$K$82)))} -> 0 | D24: =SUMIF('Pipe Audit'!$AV$3:$AV$82,A24,'Pipe Audit'!$K$3:$K$82) -> 0 | E24: =SUMIF('Pipe Audit'!$AV$3:$AV$82,A24,'Pipe Audit'!$BL$3:$BL$82) -> 0 | F24: =D24-E24 -> 0 | G24: =E24/D24 -> #DIV/0! | H24: =SUMIF('Pipe Audit'!$AV$3:$AV$82,A24,'Pipe Audit'!$L$3:$L$82) -> 0 | I24: =SUMIF('Pipe Audit'!$AV$3:$AV$82,A24,'Pipe Audit'!$P$3:$P$82) -> 0 | J24: =H24-I24 -> 0 | K24: =I24/H24 -> #DIV/0! | L24: =SUMIF('Pipe Audit'!$AV$3:$AV$82,'Model Area '!A24,'Pipe Audit'!$BD$3:$BD$82) -> 0 | M24: =SUMIF('Pipe Audit'!$AV$2:AV$82,A24,'Pipe Audit'!$BE$2:$BE$82) -> 0 | N24: =L24-M24 -> 0 | O24: =M24/L24 -> #DIV/0! | P24: =SUMIF('Pipe Audit'!$AV$3:$AV$82,A24,'Pipe Audit'!$AJ$3:$AJ$82) -> 0 | Q24: {=SUM(IF('Pipe Audit'!$AV$3:$AV$82=A24,IF('Pipe Audit'!$Q$3:$Q$82>5%,'Pipe Audit'!$AJ$3:$AJ$82)))} -> 0 | R24: =SUM(P24-Q24) -> 0 | S24: =Q24/P24 -> #DIV/0! | T24: {=SUM(IF('Pipe Audit'!$AV$3:$AV$82=A24,IF('Pipe Audit'!$U$3:$U$82>0,'Pipe Audit'!$AJ$3:$AJ$82)))} -> 0 | U24: =P24-T24 -> 0 | V24: =SUM(T24/P24) -> #DIV/0! | W24: =COUNTIF('[1]Current Iso Sign-off Log'!$AE$5:$AE$1783,A24) -> #VALUE! | X24: =COUNTIFS('[1]Current Iso Sign-off Log'!$AE$5:$AE$1783,A24,'[1]Current Iso Sign-off Log'!$L$5:$L$1783,"Q",'[1]Current Iso Sign-off Log'!$AF$5:$AF$1783,1) -> #VALUE! | Y24: =COUNTIFS('[1]Current Iso Sign-off Log'!$AE$5:$AE$1783,A24,'[1]Current Iso Sign-off Log'!$L$5:$L$1783,"C",'[1]Current Iso Sign-off Log'!$AF$5:$AF$1783,1) -> #VALUE! | Z24: =W24-Y24 -> #VALUE! | AA24: =Y24/Z24 -> #VALUE! | AB24: 72 | AC24: =T24-AB24 -> -72 | AD24: 2655.2 | AE24: =E24-AD24 -> -2655.2
A25: 110-6.8 | B25: =SUM(H25/D25) -> #DIV/0! | C25: {=SUM(IF('Pipe Audit'!$AV$3:$AV$82=A25,IF('Pipe Audit'!$U$3:$U$82>1%,'Pipe Audit'!$K$3:$K$82)))} -> 0 | D25: =SUMIF('Pipe Audit'!$AV$3:$AV$82,A25,'Pipe Audit'!$K$3:$K$82) -> 0 | E25: =SUMIF('Pipe Audit'!$AV$3:$AV$82,A25,'Pipe Audit'!$BL$3:$BL$82) -> 0 | F25: =D25-E25 -> 0 | G25: =E25/D25 -> #DIV/0! | H25: =SUMIF('Pipe Audit'!$AV$3:$AV$82,A25,'Pipe Audit'!$L$3:$L$82) -> 0 | I25: =SUMIF('Pipe Audit'!$AV$3:$AV$82,A25,'Pipe Audit'!$P$3:$P$82) -> 0 | J25: =H25-I25 -> 0 | K25: =I25/H25 -> #DIV/0! | L25: =SUMIF('Pipe Audit'!$AV$3:$AV$82,'Model Area '!A25,'Pipe Audit'!$BD$3:$BD$82) -> 0 | M25: =SUMIF('Pipe Audit'!$AV$2:AV$82,A25,'Pipe Audit'!$BE$2:$BE$82) -> 0 | N25: =L25-M25 -> 0 | O25: =M25/L25 -> #DIV/0! | P25: =SUMIF('Pipe Audit'!$AV$3:$AV$82,A25,'Pipe Audit'!$AJ$3:$AJ$82) -> 0 | Q25: {=SUM(IF('Pipe Audit'!$AV$3:$AV$82=A25,IF('Pipe Audit'!$Q$3:$Q$82>5%,'Pipe Audit'!$AJ$3:$AJ$82)))} -> 0 | R25: =SUM(P25-Q25) -> 0 | S25: =Q25/P25 -> #DIV/0! | T25: {=SUM(IF('Pipe Audit'!$AV$3:$AV$82=A25,IF('Pipe Audit'!$U$3:$U$82>0,'Pipe Audit'!$AJ$3:$AJ$82)))} -> 0 | U25: =P25-T25 -> 0 | V25: =SUM(T25/P25) -> #DIV/0! | AB25: 27 | AD25: 917
A26: 110-6.9 | B26: =SUM(H26/D26) -> #DIV/0! | C26: {=SUM(IF('Pipe Audit'!$AV$3:$AV$82=A26,IF('Pipe Audit'!$U$3:$U$82>1%,'Pipe Audit'!$K$3:$K$82)))} -> 0 | D26: =SUMIF('Pipe Audit'!$AV$3:$AV$82,A26,'Pipe Audit'!$K$3:$K$82) -> 0 | E26: =SUMIF('Pipe Audit'!$AV$3:$AV$82,A26,'Pipe Audit'!$BL$3:$BL$82) -> 0 | F26: =D26-E26 -> 0 | G26: =E26/D26 -> #DIV/0! | H26: =SUMIF('Pipe Audit'!$AV$3:$AV$82,A26,'Pipe Audit'!$L$3:$L$82) -> 0 | I26: =SUMIF('Pipe Audit'!$AV$3:$AV$82,A26,'Pipe Audit'!$P$3:$P$82) -> 0 | J26: =H26-I26 -> 0 | K26: =I26/H26 -> #DIV/0! | L26: =SUMIF('Pipe Audit'!$AV$3:$AV$82,'Model Area '!A26,'Pipe Audit'!$BD$3:$BD$82) -> 0 | M26: =SUMIF('Pipe Audit'!$AV$2:AV$82,A26,'Pipe Audit'!$BE$2:$BE$82) -> 0 | N26: =L26-M26 -> 0 | O26: =M26/L26 -> #DIV/0! | P26: =SUMIF('Pipe Audit'!$AV$3:$AV$82,A26,'Pipe Audit'!$AJ$3:$AJ$82) -> 0 | Q26: {=SUM(IF('Pipe Audit'!$AV$3:$AV$82=A26,IF('Pipe Audit'!$Q$3:$Q$82>5%,'Pipe Audit'!$AJ$3:$AJ$82)))} -> 0 | R26: =SUM(P26-Q26) -> 0 | S26: =Q26/P26 -> #DIV/0! | T26: {=SUM(IF('Pipe Audit'!$AV$3:$AV$82=A26,IF('Pipe Audit'!$U$3:$U$82>0,'Pipe Audit'!$AJ$3:$AJ$82)))} -> 0 | U26: =P26-T26 -> 0 | V26: =SUM(T26/P26) -> #DIV/0! | AB26: 57 | AD26: 2962
A27: 110-6.10 | B27: =SUM(H27/D27) -> #DIV/0! | C27: {=SUM(IF('Pipe Audit'!$AV$3:$AV$82=A27,IF('Pipe Audit'!$U$3:$U$82>1%,'Pipe Audit'!$K$3:$K$82)))} -> 0 | D27: =SUMIF('Pipe Audit'!$AV$3:$AV$82,A27,'Pipe Audit'!$K$3:$K$82) -> 0 | E27: =SUMIF('Pipe Audit'!$AV$3:$AV$82,A27,'Pipe Audit'!$BL$3:$BL$82) -> 0 | F27: =D27-E27 -> 0 | G27: =E27/D27 -> #DIV/0! | H27: =SUMIF('Pipe Audit'!$AV$3:$AV$82,A27,'Pipe Audit'!$L$3:$L$82) -> 0 | I27: =SUMIF('Pipe Audit'!$AV$3:$AV$82,A27,'Pipe Audit'!$P$3:$P$82) -> 0 | J27: =H27-I27 -> 0 | K27: =I27/H27 -> #DIV/0! | L27: =SUMIF('Pipe Audit'!$AV$3:$AV$82,'Model Area '!A27,'Pipe Audit'!$BD$3:$BD$82) -> 0 | M27: =SUMIF('Pipe Audit'!$AV$2:AV$82,A27,'Pipe Audit'!$BE$2:$BE$82) -> 0 | N27: =L27-M27 -> 0 | O27: =M27/L27 -> #DIV/0! | P27: =SUMIF('Pipe Audit'!$AV$3:$AV$82,A27,'Pipe Audit'!$AJ$3:$AJ$82) -> 0 | Q27: {=SUM(IF('Pipe Audit'!$AV$3:$AV$82=A27,IF('Pipe Audit'!$Q$3:$Q$82>5%,'Pipe Audit'!$AJ$3:$AJ$82)))} -> 0 | R27: =SUM(P27-Q27) -> 0 | S27: =Q27/P27 -> #DIV/0! | T27: {=SUM(IF('Pipe Audit'!$AV$3:$AV$82=A27,IF('Pipe Audit'!$U$3:$U$82>0,'Pipe Audit'!$AJ$3:$AJ$82)))} -> 0 | U27: =P27-T27 -> 0 | V27: =SUM(T27/P27) -> #DIV/0! | AB27: 16 | AD27: 395
A28: 110-6.12 | B28: =SUM(H28/D28) -> #DIV/0! | C28: {=SUM(IF('Pipe Audit'!$AV$3:$AV$82=A28,IF('Pipe Audit'!$U$3:$U$82>1%,'Pipe Audit'!$K$3:$K$82)))} -> 0 | D28: =SUMIF('Pipe Audit'!$AV$3:$AV$82,A28,'Pipe Audit'!$K$3:$K$82) -> 0 | E28: =SUMIF('Pipe Audit'!$AV$3:$AV$82,A28,'Pipe Audit'!$BL$3:$BL$82) -> 0 | F28: =D28-E28 -> 0 | G28: =E28/D28 -> #DIV/0! | H28: =SUMIF('Pipe Audit'!$AV$3:$AV$82,A28,'Pipe Audit'!$L$3:$L$82) -> 0 | I28: =SUMIF('Pipe Audit'!$AV$3:$AV$82,A28,'Pipe Audit'!$P$3:$P$82) -> 0 | J28: =H28-I28 -> 0 | K28: =I28/H28 -> #DIV/0! | L28: =SUMIF('Pipe Audit'!$AV$3:$AV$82,'Model Area '!A28,'Pipe Audit'!$BD$3:$BD$82) -> 0 | M28: =SUMIF('Pipe Audit'!$AV$2:AV$82,A28,'Pipe Audit'!$BE$2:$BE$82) -> 0 | N28: =L28-M28 -> 0 | O28: =M28/L28 -> #DIV/0! | P28: =SUMIF('Pipe Audit'!$AV$3:$AV$82,A28,'Pipe Audit'!$AJ$3:$AJ$82) -> 0 | Q28: {=SUM(IF('Pipe Audit'!$AV$3:$AV$82=A28,IF('Pipe Audit'!$Q$3:$Q$82>5%,'Pipe Audit'!$AJ$3:$AJ$82)))} -> 0 | R28: =SUM(P28-Q28) -> 0 | S28: =Q28/P28 -> #DIV/0! | T28: {=SUM(IF('Pipe Audit'!$AV$3:$AV$82=A28,IF('Pipe Audit'!$U$3:$U$82>0,'Pipe Audit'!$AJ$3:$AJ$82)))} -> 0 | U28: =P28-T28 -> 0 | V28: =SUM(T28/P28) -> #DIV/0! | AB28: 6 | AD28: 210
A29: 110-6.13 | B29: =SUM(H29/D29) -> #DIV/0! | C29: {=SUM(IF('Pipe Audit'!$AV$3:$AV$82=A29,IF('Pipe Audit'!$U$3:$U$82>1%,'Pipe Audit'!$K$3:$K$82)))} -> 0 | D29: =SUMIF('Pipe Audit'!$AV$3:$AV$82,A29,'Pipe Audit'!$K$3:$K$82) -> 0 | E29: =SUMIF('Pipe Audit'!$AV$3:$AV$82,A29,'Pipe Audit'!$BL$3:$BL$82) -> 0 | F29: =D29-E29 -> 0 | G29: =E29/D29 -> #DIV/0! | H29: =SUMIF('Pipe Audit'!$AV$3:$AV$82,A29,'Pipe Audit'!$L$3:$L$82) -> 0 | I29: =SUMIF('Pipe Audit'!$AV$3:$AV$82,A29,'Pipe Audit'!$P$3:$P$82) -> 0 | J29: =H29-I29 -> 0 | K29: =I29/H29 -> #DIV/0! | L29: =SUMIF('Pipe Audit'!$AV$3:$AV$82,'Model Area '!A29,'Pipe Audit'!$BD$3:$BD$82) -> 0 | M29: =SUMIF('Pipe Audit'!$AV$2:AV$82,A29,'Pipe Audit'!$BE$2:$BE$82) -> 0 | N29: =L29-M29 -> 0 | O29: =M29/L29 -> #DIV/0! | P29: =SUMIF('Pipe Audit'!$AV$3:$AV$82,A29,'Pipe Audit'!$AJ$3:$AJ$82) -> 0 | Q29: {=SUM(IF('Pipe Audit'!$AV$3:$AV$82=A29,IF('Pipe Audit'!$Q$3:$Q$82>5%,'Pipe Audit'!$AJ$3:$AJ$82)))} -> 0 | R29: =SUM(P29-Q29) -> 0 | S29: =Q29/P29 -> #DIV/0! | T29: {=SUM(IF('Pipe Audit'!$AV$3:$AV$82=A29,IF('Pipe Audit'!$U$3:$U$82>0,'Pipe Audit'!$AJ$3:$AJ$82)))} -> 0 | U29: =P29-T29 -> 0 | V29: =SUM(T29/P29) -> #DIV/0! | AB29: 0 | AD29: 0
A30: 110-7 | B30: =SUM(H30/D30) -> #DIV/0! | C30: {=SUM(IF('Pipe Audit'!$AV$3:$AV$82=A30,IF('Pipe Audit'!$U$3:$U$82>1%,'Pipe Audit'!$K$3:$K$82)))} -> 0 | D30: =SUMIF('Pipe Audit'!$AV$3:$AV$82,A30,'Pipe Audit'!$K$3:$K$82) -> 0 | E30: =SUMIF('Pipe Audit'!$AV$3:$AV$82,A30,'Pipe Audit'!$BL$3:$BL$82) -> 0 | F30: =D30-E30 -> 0 | G30: =E30/D30 -> #DIV/0! | H30: =SUMIF('Pipe Audit'!$AV$3:$AV$82,A30,'Pipe Audit'!$L$3:$L$82) -> 0 | I30: =SUMIF('Pipe Audit'!$AV$3:$AV$82,A30,'Pipe Audit'!$P$3:$P$82) -> 0 | J30: =H30-I30 -> 0 | K30: =I30/H30 -> #DIV/0! | L30: =SUMIF('Pipe Audit'!$AV$3:$AV$82,'Model Area '!A30,'Pipe Audit'!$BD$3:$BD$82) -> 0 | M30: =SUMIF('Pipe Audit'!$AV$2:AV$82,A30,'Pipe Audit'!$BE$2:$BE$82) -> 0 | N30: =L30-M30 -> 0 | O30: =M30/L30 -> #DIV/0! | P30: =SUMIF('Pipe Audit'!$AV$3:$AV$82,A30,'Pipe Audit'!$AJ$3:$AJ$82) -> 0 | Q30: {=SUM(IF('Pipe Audit'!$AV$3:$AV$82=A30,IF('Pipe Audit'!$Q$3:$Q$82>5%,'Pipe Audit'!$AJ$3:$AJ$82)))} -> 0 | R30: =SUM(P30-Q30) -> 0 | S30: =Q30/P30 -> #DIV/0! | T30: {=SUM(IF('Pipe Audit'!$AV$3:$AV$82=A30,IF('Pipe Audit'!$U$3:$U$82>0,'Pipe Audit'!$AJ$3:$AJ$82)))} -> 0 | U30: =P30-T30 -> 0 | V30: =SUM(T30/P30) -> #DIV/0! | AB30: 83 | AD30: 3974
A31: TOTALS | B31: =SUM(H31/D31) -> #DIV/0! | C31: =SUM(C3:C30) -> 0 | D31: =SUM(D3:D30) -> 0 | E31: =SUM(E3:E30) -> 0 | F31: =SUM(F3:F30) -> 0 | G31: =SUM(E31/D31) -> #DIV/0! | H31: =SUM(H3:H30) -> 0 | I31: =SUM(I3:I30) -> 0 | J31: =SUM(J3:J30) -> 0 | K31: =SUM(I31/H31) -> #DIV/0! | L31: =SUM(L3:L30) -> 0 | M31: =SUM(M3:M30) -> 0 | N31: =L31-M31 -> 0 | O31: =M31/L31 -> #DIV/0! | P31: =SUM(P3:P30) -> 0 | Q31: =SUM(Q3:Q30) -> 0 | R31: =SUM(R3:R30) -> 0 | S31: =Q31/P31 -> #DIV/0! | T31: =SUM(T3:T30) -> 0 | U31: =SUM(U3:U30) -> 0 | V31: =SUM(T31/P31) -> #DIV/0! | W31: =SUM(W3:W30) -> #VALUE! | X31: =SUM(X3:X30) -> #VALUE! | Y31: =SUM(Y3:Y30) -> #VALUE! | Z31: =SUM(Z3:Z30) -> #VALUE! | AA31: =Y31/Z31 -> #VALUE! | AB31: 3588 | AC31: =SUM(AC3:AC30) -> -5355 | AD31: 95802.2 | AE31: =SUM(AE3:AE30) -> -117142.1
AB32: copy paste special | AD32: copy paste special

Sheet Weekly Gains
B1: 44107 | C1: =B1+7 -> 44114 | D1: =C1+7 -> 44121 | E1: =D1+7 -> 44128 | F1: =E1+7 -> 44135 | G1: =F1+7 -> 44142 | H1: =G1+7 -> 44149 | I1: =H1+7 -> 44156 | J1: =I1+7 -> 44163 | ... EB1: =EA1+7 -> 45017 | ED1: Current
A2: Hours | BE2: Reforcasted | ED2: Budget
A3: Weekly Pipe Hours Needed | B3: =B4*$CE2 -> 0 | C3: =C4*$CE2 -> 0 | D3: =D4*$ED3 -> 465.6867 | E3: =E4*$ED3 -> 580.17873 | F3: =F4*$ED3 -> 580.17873 | G3: =G4*$ED3 -> 509.42523 | H3: =H4*$ED3 -> 509.42523 | I3: =I4*$ED3 -> 509.42523 | J3: =J4*$ED3 -> 320.32041 | K3: =K4*$ED3 -> 509.42523 | ... EC3: =EC4*$ED3 -> 990.19711 | ED3: 993037
A4: Weekly % Gains Needed | B4: 0 | C4: 0 | D4: 0.00046895201 | E4: 0.00058424684 | F4: 0.00058424684 | G4: 0.00051299723 | H4: 0.00051299723 | I4: 0.00051299723 | J4: 0.00032256644 | K4: 0.00051299723 | L4: 0.00051299723 | M4: 0.00051299723 | N4: 0 | O4: 0 | P4: 0.00051299723 | Q4: 0.00051299723 | R4: 0.00051299723 | S4: 0.00051299723 | T4: 0.00051299723 | U4: 0.00051299723 | V4: 0.00051299723 | W4: 0.00051299723 | X4: 0.00051299723 | Y4: 0.00051299723 | Z4: 0.00051299723 | AA4: 0.00051299723 | AB4: 0.00079799568 | AC4: 0.00079799568 | AD4: 0.00091199507 | AE4: 0.0010259945 | AF4: 0.0015959914 | AG4: 0.0021659883 | AH4: 0.0027359852 | AI4: 0.0028499846 | AJ4: 0.0028499846 | AK4: 0.0039899784 | AL4: 0.0046713838 | AM4: =AM10-AL10 -> 0.0073293322 | AN4: =AN10-AM10 -> 0.0073293322 | AO4: =AO10-AN10 -> 0.0073293322 | AP4: =AP10-AO10 -> 0.0058714336 | AQ4: =AQ10-AP10 -> 0.0073293322 | AR4: =AR10-AQ10 -> 0.0073293322 | AS4: =AS10-AR10 -> 0.0073293322 | AT4: =AT10-AS10 -> 0.0073293322 | ... BE4: =BE10-BD10 -> -0.20417041 | BF4: 0.0076 | BG4: =BG10-BF10 -> 0.0083181436 | BH4: =BH10-BG10 -> 0.0087877966 | BI4: =BI10-BH10 -> 0.0088496193 | BJ4: =BJ10-BI10 -> 0.0053107687 | BK4: =BK10-BJ10 -> 0.0088496193 | BL4: =BL10-BK10 -> 0.0093003267 | BM4: =BM10-BL10 -> 0.0098517452 | BN4: =BN10-BM10 -> 0.0079551845 | ... EC4: =EC10-EB10 -> 0.0009971402
A6: Actual Weekly Hours Earned | H6: =H12-G12 -> 0 | I6: =I12-H12 -> 0 | J6: =J12-I12 -> 0 | K6: =K12-J12 -> 0 | L6: =L12-K12 -> 0 | M6: =M12-L12 -> 0 | N6: =N12-M12 -> 0 | O6: =O12-N12 -> 0 | ... S6: =S12-R12 -> 0 | AG6: =AG12-AF12 -> 44678 | AH6: =AH12-AG12 -> 3625 | AI6: =AI12-AH12 -> 2311 | AJ6: =AJ12-AI12 -> 5108 | AK6: =AK12-AJ12 -> 2538 | AL6: =AL12-AK12 -> 11479.431 | AM6: =AM12-AL12 -> 11995.449 | AN6: =AN12-AM12 -> 3751.4092 | ... EC6: =EC12-EB12 -> 0
A7: Actual Weekly % Gains | E7: =E6/$AZ3 -> 0 | F7: =F6/$AZ3 -> 0 | G7: =G6/$AZ3 -> 0 | H7: =H13-G13 -> #DIV/0! | I7: =I13-H13 -> #DIV/0! | J7: =J13-I13 -> #DIV/0! | K7: =K13-J13 -> #DIV/0! | L7: =L13-K13 -> #DIV/0! | M7: =M13-L13 -> #DIV/0! | N7: =N13-M13 -> #DIV/0! | O7: =O13-N13 -> #DIV/0! | ... BB7: =BB13-BA13 -> 0.0022633816 | BG7: =BG6/$ED3 -> 0.0097385703 | BH7: =BH6/$ED3 -> 0.011867816 | BI7: =BI6/$ED3 -> 0.013808267 | BJ7: =BJ6/$ED3 -> 0.008334311 | BK7: =BK6/$ED3 -> 0.012359792 | BL7: =BL6/$ED3 -> 0.011399374 | BM7: =BM6/$ED3 -> 0.01267123 | BN7: =BN6/$ED3 -> 0.0059997764 | ... EC7: =EC6/$ED3 -> 0
A9: Planned Total Hours Earned | B9: 0 | C9: 0 | D9: =$ED$3*D10 -> 465.6867 | E9: =$ED$3*E10 -> 1045.8654 | F9: =$ED$3*F10 -> 1626.0442 | G9: =$ED$3*G10 -> 2135.4694 | H9: =$ED$3*H10 -> 2644.8946 | I9: =$ED$3*I10 -> 3154.3198 | J9: =$ED$3*J10 -> 3474.6402 | K9: =$ED$3*K10 -> 3984.0655 | ... EC9: =$ED$3*EC10 -> 993037
A10: Planned Total % Complete | B10: 0 | C10: 0 | D10: 0.00046895201 | E10: 0.0010531988 | F10: 0.0016374457 | G10: 0.0021504429 | H10: 0.0026634401 | I10: 0.0031764374 | J10: 0.0034990038 | K10: 0.004012001 | L10: 0.0045249983 | M10: 0.0050379955 | N10: 0.0050379955 | O10: 0.0050379955 | P10: 0.0055509927 | Q10: 0.0060639899 | R10: 0.0065769872 | S10: 0.0070899844 | T10: 0.0076029816 | U10: 0.0081159788 | V10: 0.0086289761 | W10: 0.0091419733 | X10: 0.0096549705 | Y10: 0.010167968 | Z10: 0.010680965 | AA10: 0.011193962 | AB10: 0.011991958 | AC10: 0.012789954 | AD10: 0.013701949 | AE10: 0.014727943 | AF10: 0.016323934 | AG10: 0.018489923 | AH10: 0.021225908 | AI10: 0.024075892 | AJ10: 0.026925877 | AK10: 0.030915856 | AL10: 0.075158226 | AM10: 0.082487558 | AN10: 0.089816891 | AO10: 0.097146223 | AP10: 0.10301766 | AQ10: 0.11034699 | AR10: 0.11767632 | AS10: 0.12500565 | AT10: 0.13233499 | AU10: 0.13966432 | AV10: 0.14699365 | AW10: 0.15432298 | AX10: 0.16165231 | AY10: 0.16752375 | AZ10: 0.17485308 | BA10: 0.18218241 | BB10: 0.18951174 | BC10: 0.19684108 | BD10: 0.20417041 | BF10: 0.21259229 | BG10: 0.22091043 | BH10: 0.22969823 | BI10: 0.23854784 | BJ10: 0.24385861 | BK10: 0.25270823 | BL10: 0.26200856 | BM10: 0.2718603 | BN10: 0.27981549 | BO10: 0.28786042 | BP10: 0.29824264 | BQ10: 0.30862486 | BR10: 0.31964127 | BS10: 0.33094385 | BT10: 0.3423631 | BU10: 0.35333264 | BV10: 0.36422939 | BW10: 0.37536346 | BX10: 0.38684553 | BY10: 0.39931776 | BZ10: 0.41167432 | CA10: 0.42522446 | CB10: 0.43881847 | CC10: 0.45314239 | CD10: 0.46437318 | CE10: 0.47878086 | CF10: 0.49322942 | CG10: 0.50775576 | CH10: 0.52240973 | CI10: 0.53719532 | CJ10: 0.55173163 | CK10: 0.56372823 | CL10: 0.57907122 | CM10: 0.59369728 | CN10: 0.60840809 | CO10: 0.62446603 | CP10: 0.63715863 | CQ10: 0.6528935 | CR10: 0.66834319 | CS10: 0.68350969 | CT10: 0.69821652 | CU10: 0.71287448 | CV10: 0.72791135 | CW10: 0.74298911 | CX10: 0.75803595 | CY10: 0.77084123 | CZ10: 0.78467256 | DA10: 0.79740006 | DB10: 0.81143181 | DC10: 0.82318511 | DD10: 0.83416162 | DE10: 0.84577133 | DF10: 0.85768516 | DG10: 0.87046052 | DH10: 0.88330668 | DI10: 0.89629941 | DJ10: 0.90283866 | DK10: 0.91408042 | DL10: 0.92537702 | DM10: 0.93642134 | DN10: 0.94345417 | DO10: 0.94994057 | DP10: 0.956416 | DQ10: 0.96289442 | DR10: 0.96787314 | DS10: 0.9728738 | DT10: 0.97786548 | DU10: 0.9819727 | DV10: 0.98607992 | DW10: 0.98905439 | DX10: 0.99202886 | DY10: 0.99401716 | DZ10: 0.99601144 | EA10: 0.99800572 | EB10: 0.99900286 | EC10: 1
A12: Actual Total Hours Earned | AG12: 44678 | AH12: 48303 | AI12: 50614 | AJ12: 55722 | AK12: 58260 | AL12: 69739.431 | AM12: 81734.88 | AN12: 85486.289 | AO12: 89088.332 | AP12: 95556.945 | AQ12: 101698.42 | AR12: 107569.77 | AS12: 112459.87 | AT12: 118435 | AU12: 117961 | AV12: 125844 | AW12: 133862 | AX12: 141772.6 | AY12: 149240.33 | AZ12: 156420.35 | BA12: 165842.77 | BB12: 168090.39 | BC12: 178292.26 | BD12: 188682.88 | BE12: 205003 | BF12: 214777.93 | BG12: 224448.69 | BH12: 236233.87 | BI12: 249945.99 | BJ12: 258222.27 | BK12: 270496 | BL12: 281816 | BM12: 294399 | BN12: 300357 | BO12: 307487 | BP12: 318249 | BQ12: 329730 | BR12: 340269 | BS12: 352231 | BT12: 357757 | BU12: 371614 | BV12: 380562 | BW12: 389424 | BX12: 400521 | BY12: 406381 | BZ12: 416986 | CA12: 423821 | CB12: 434947 | CC12: 445911 | CD12: 454810 | CE12: 467817 | CF12: 480574 | CG12: 491859
A13: Actual Total % Complete | E13: =E12/$AZ3 -> 0 | F13: =F12/$AZ3 -> 0 | G13: =G12/$AZ3 -> 0 | H13: =H12/$CE2 -> #DIV/0! | I13: =I12/$CE2 -> #DIV/0! | J13: =J12/$CE2 -> #DIV/0! | K13: =K12/$CE2 -> #DIV/0! | L13: =L12/$CE2 -> #DIV/0! | M13: =M12/$CE2 -> #DIV/0! | N13: =N12/$CE2 -> #DIV/0! | O13: =O12/$CE2 -> #DIV/0! | ... AF13: =AF12/$CE2 -> #DIV/0! | AG13: =AG12/$ED3 -> 0.044991274 | AH13: =AH12/$ED3 -> 0.048641692 | AI13: =AI12/$ED3 -> 0.050968896 | AJ13: =AJ12/$ED3 -> 0.056112713 | AK13: =AK12/$ED3 -> 0.058668509 | AL13: =AL12/$ED3 -> 0.070228431 | AM13: =AM12/$ED3 -> 0.082307991 | AN13: =AN12/$ED3 -> 0.086085704 | ... BD13: =BD12/$ED3 -> 0.1900059 | BE13: 0.219 | BF13: =BF12/$ED3 -> 0.21628391 | BG13: =BG12/$ED3 -> 0.22602248 | BH13: =BH12/$ED3 -> 0.2378903 | BI13: =BI12/$ED3 -> 0.25169857 | BJ13: =BJ12/$ED3 -> 0.26003288 | BK13: =BK12/$ED3 -> 0.27239267 | BL13: =BL12/$ED3 -> 0.28379204 | BM13: =BM12/$ED3 -> 0.29646327 | ... EC13: =EC12/$ED3 -> 0
A15: DELTA % COMPLETE | BF15: =BF13-BF10 -> 0.0036916287 | BG15: =BG13-BG10 -> 0.0051120554 | BH15: =BH13-BH10 -> 0.0081920749 | BI15: =BI13-BI10 -> 0.013150722 | BJ15: =BJ13-BJ10 -> 0.016174265 | BK15: =BK13-BK10 -> 0.019684437 | BL15: =BL13-BL10 -> 0.021783485 | BM15: =BM13-BM10 -> 0.024602969 | ... EC15: =EC13-EC10 -> -1
A17: OVER-ALL DELTA | AH17: =AH6-AH3 -> 908.06546 | AI17: =AI6-AI3 -> -519.14014 | AJ17: =AJ6-AJ3 -> 2277.8599 | AK17: =AK6-AK3 -> -1424.1962 | AL17: =AL6-AL3 -> 6840.5738 | AM17: =AM6-AM3 -> 4717.1514 | AN17: =AN6-AN3 -> -3526.8888 | AO17: =AO6-AO3 -> -3676.2559 | ... BD17: =BD6-BD3 -> 3112.3264 | BE17: =BE12-BE9 -> 205003 | BF17: =BF12-BF9 -> 3665.9239 | BG17: =BG12-BG9 -> 5076.4601 | BH17: =BH12-BH9 -> 8135.0335 | BI17: =BI12-BI9 -> 13059.154 | BJ17: =BJ12-BJ9 -> 16061.643 | BK17: =BK12-BK9 -> 19547.375 | BL17: =BL12-BL9 -> 21631.806 | ... EC17: =EC12-EC9 -> -993037
A19: WEEKLY EI | J19: =J12-J9 -> -3474.6402 | K19: =K12-K9 -> -3984.0655 | L19: =L12-L9 -> -4493.4907 | M19: =M12-M9 -> -5002.9159 | N19: =N12-N9 -> -5002.9159 | O19: =O12-O9 -> -5002.9159 | P19: =P12-P9 -> -5512.3411 | Q19: =Q12-Q9 -> -6021.7664 | ... BB19: =BB12-BB9 -> -20101.784 | BC19: 1.02 | BD19: 0.89 | BE19: 0.98 | BF19: 1.05 | BG19: 1.09 | BH19: 0.94 | BI19: 0.99 | BJ19: 0.96 | BK19: 1.05 | BL19: 1.02 | BM19: 0.91 | BN19: 1.02 | BO19: 0.96 | BP19: 1.08 | BQ19: 1.1 | BR19: 1.17 | BS19: 0.92 | BT19: 1.13 | BU19: 1.06 | BV19: 1.09 | BW19: 1.28 | BX19: 0.98 | BY19: 1.42 | BZ19: 1.08 | CA19: 1.46 | CB19: 1.22 | CC19: 1.42 | CD19: 1.3 | CE19: 1.21 | CF19: 1.2 | CG19: 1.19
A21: MANPOWER 50 HR | D21: =D3/50 -> 9.3137339 | E21: =E3/50 -> 11.603575 | F21: =F3/50 -> 11.603575 | G21: =G3/50 -> 10.188505 | H21: =H3/50 -> 10.188505 | I21: =I3/50 -> 10.188505 | J21: =J3/50 -> 6.4064081 | K21: =K3/50 -> 10.188505 | ... CC21: =CC3/50 -> 284.48363 | CD21: 225 | CE21: 289 | CF21: 290 | CG21: =CG3/50 -> 288.50383 | CH21: =CH3/50 -> 291.03874 | CI21: =CI3/50 -> 293.65286 | CJ21: =CJ3/50 -> 288.70187 | CK21: =CK3/50 -> 238.26123 | CL21: =CL3/50 -> 304.72326 | CM21: =CM3/50 -> 290.48423 | CN21: =CN3/50 -> 292.16756 | ... EC21: =EC3/50 -> 19.803942
A22: ACTUAL MANPOWER 50 HR | BC22: 208 | BD22: 186 | BE22: 202 | BF22: 205 | BG22: 218 | BH22: 225 | BI22: 280 | BJ22: 165 | BK22: 228 | BL22: 231 | BM22: 228 | BN22: 121 | BO22: 136 | BP22: 232 | BQ22: 253 | BR22: 245 | BS22: 215 | BT22: 123 | BU22: 294 | BV22: 195 | BW22: 225 | BX22: 217 | BY22: 165 | BZ22: 228 | CA22: 198 | CB22: 271 | CC22: 311 | CD22: 230 | CE22: 315 | CF22: 305 | CG22: 268
A23: DELTA | AL23: reforcasted | BC23: =BC22-BC21 -> 62.434039 | BD23: =BD22-BD21 -> 40.434039 | BE23: =BE22-BE21 -> 4256.9754 | BF23: =BF22-BF21 -> 54.058376 | BG23: =BG22-BG21 -> 52.795513 | BH23: =BH22-BH21 -> 50.467857 | BI23: =BI22-BI21 -> 104.24001 | BJ23: =BJ22-BJ21 -> 59.524203 | ... EC23: =EC22-EC21 -> -19.803942
A25: TOTAL PIPE DEPT MANPOWER | BK25: 274 | BL25: 271 | BM25: 274 | BN25: 276 | BO25: 277 | BP25: 286 | BQ25: 288 | BR25: 285 | BS25: 279 | BT25: 273 | BU25: 273 | BV25: 261 | BW25: 258 | BX25: 251 | BY25: 254 | BZ25: 267 | CA25: 283 | CB25: 291 | CC25: 306 | CD25: 317 | CE25: 327 | CF25: 330 | CG25: 348
A43: Date | BE43: 44492 | BF43: 44499 | BG43: 44506 | BH43: 44513 | BI43: 44520 | BJ43: 44527 | BK43: 44534 | BL43: 44541 | BM43: 44548 | BN43: 44555 | BO43: 44562 | BP43: 44569 | BQ43: 44576 | BR43: 44583 | BS43: 44590 | BT43: 44597 | BU43: 44604 | BV43: 44611 | BW43: 44618 | BX43: 44625 | BY43: 44632 | BZ43: 44639 | CA43: 44646 | CB43: 44653 | CC43: 44660 | CD43: 44667 | CE43: 44674 | CF43: 44681 | CG43: 44688 | CH43: 44695 | CI43: 44702 | CJ43: 44709 | CK43: 44716 | CL43: 44723 | CM43: 44730 | CN43: 44737 | CO43: 44744 | CP43: 44751 | CQ43: 44758 | CR43: 44765 | CS43: 44772 | CT43: 44779 | CU43: 44786 | CV43: 44793 | CW43: 44800 | CX43: 44807 | CY43: 44814 | CZ43: 44821 | DA43: 44828 | DB43: 44835 | DC43: 44842 | DD43: 44849 | DE43: 44856 | DF43: 44863 | DG43: 44870 | DH43: 44877 | DI43: 44884 | DJ43: 44891 | DK43: 44898 | DL43: 44905 | DM43: 44912 | DN43: 44919 | DO43: 44926 | DP43: 44933 | DQ43: 44940 | DR43: 44947 | DS43: 44954 | DT43: 44961 | DU43: 44968 | DV43: 44975 | DW43: 44982 | DX43: 44989 | DY43: 44996 | DZ43: 45003 | EA43: 45010 | EB43: 45017 | EC43: 45024
A44: ISBL Period | BF44: 0.0076415448 | BG44: 0.0080530694 | BH44: 0.0085496097 | BI44: 0.0085496097 | BJ44: 0.005129273 | BK44: 0.0085496097 | BL44: 0.0086247684 | BM44: 0.0090054903 | BN44: 0.0073285889 | BO44: 0.0074887632 | BP44: 0.010497575 | BQ44: 0.010497575 | BR44: 0.011267644 | BS44: 0.01165699 | BT44: 0.011717364 | BU44: 0.011044632 | BV44: 0.010830245 | BW44: 0.012116567 | BX44: 0.011748167 | BY44: 0.012534253 | BZ44: 0.012534253 | CA44: 0.012534253 | CB44: 0.012296455 | CC44: 0.011939144 | CD44: 0.0091989315 | CE44: 0.011690257 | CF44: 0.012226225 | CG44: 0.012535485 | CH44: 0.012600787 | CI44: 0.012618036 | CJ44: 0.012669785 | CK44: 0.010182155 | CL44: 0.012896493 | CM44: 0.011615099 | CN44: 0.011892323 | CO44: 0.013486674 | CP44: 0.011403176 | CQ44: 0.014186512 | CR44: 0.014418148 | CS44: 0.014526574 | CT44: 0.014160638 | CU44: 0.01330925 | CV44: 0.013749113 | CW44: 0.013804558 | CX44: 0.015258447 | CY44: 0.012451701 | CZ44: 0.013696132 | DA44: 0.013544583 | DB44: 0.012866922 | DC44: 0.012098086 | DD44: 0.010182155 | DE44: 0.011055721 | DF44: 0.01059984 | DG44: 0.011398247 | DH44: 0.013203288 | DI44: 0.013597563 | DJ44: 0.0079754465 | DK44: 0.013862467 | DL44: 0.01452411 | DM44: 0.014202529 | DN44: 0.011302143 | DO44: 0.011449996 | DP44: 0.011573207 | DQ44: 0.012401185 | DR44: 0.011281197 | DS44: 0.0085680913 | DT44: 0.007195521 | DU44: 0.0037665596 | DV44: 0.0037665596 | DW44: 0.0034856385 | DX44: 0.0027697828 | DY44: 0.0023262232 | DZ44: 0.0023262232 | EA44: 0.0023262232 | EB44: 0.0019812325 | EC44: 0.0010078658
A45: ISBL To-Date | BF45: 0.21428607 | BG45: 0.22233914 | BH45: 0.23088875 | BI45: 0.23943836 | BJ45: 0.24456763 | BK45: 0.25311724 | BL45: 0.26174201 | BM45: 0.2707475 | BN45: 0.27807609 | BO45: 0.28556485 | BP45: 0.29606242 | BQ45: 0.30656 | BR45: 0.31782764 | BS45: 0.32948463 | BT45: 0.341202 | BU45: 0.35224663 | BV45: 0.36307687 | BW45: 0.37519344 | BX45: 0.38694161 | BY45: 0.39947586 | BZ45: 0.41201011 | CA45: 0.42454437 | CB45: 0.43684082 | CC45: 0.44877996 | CD45: 0.4579789 | CE45: 0.46966915 | CF45: 0.48189538 | CG45: 0.49443086 | CH45: 0.50703165 | CI45: 0.51964969 | CJ45: 0.53231947 | CK45: 0.54250163 | CL45: 0.55539812 | CM45: 0.56701322 | CN45: 0.57890554 | CO45: 0.59239222 | CP45: 0.60379539 | CQ45: 0.6179819 | CR45: 0.63240005 | CS45: 0.64692663 | CT45: 0.66108726 | CU45: 0.67439651 | CV45: 0.68814563 | CW45: 0.70195018 | CX45: 0.71720863 | CY45: 0.72966033 | CZ45: 0.74335646 | DA45: 0.75690105 | DB45: 0.76976797 | DC45: 0.78186605 | DD45: 0.79204821 | DE45: 0.80310393 | DF45: 0.81370377 | DG45: 0.82510202 | DH45: 0.83830531 | DI45: 0.85190287 | DJ45: 0.85987832 | DK45: 0.87374078 | DL45: 0.88826489 | DM45: 0.90246742 | DN45: 0.91376957 | DO45: 0.92521956 | DP45: 0.93679277 | DQ45: 0.94919395 | DR45: 0.96047515 | DS45: 0.96904324 | DT45: 0.97623876 | DU45: 0.98000532 | DV45: 0.98377188 | DW45: 0.98725752 | DX45: 0.9900273 | DY45: 0.99235353 | DZ45: 0.99467975 | EA45: 0.99700597 | EB45: 0.99898721 | EC45: 0.99999507
A46: ISBL To-Date Hrs | BE46: 167716 | BF46: 173918 | BG46: 180454 | BH46: 187393 | BI46: 194332 | BJ46: 198495 | BK46: 205434 | BL46: 212434 | BM46: 219743 | BN46: 225691 | BO46: 231769 | BP46: 240289 | BQ46: 248809 | BR46: 257954 | BS46: 267415 | BT46: 276925 | BU46: 285889 | BV46: 294679 | BW46: 304513 | BX46: 314048 | BY46: 324221 | BZ46: 334394 | CA46: 344567 | CB46: 354547 | CC46: 364237 | CD46: 371703 | CE46: 381191 | CF46: 391114 | CG46: 401288 | CH46: 411515 | CI46: 421756 | CJ46: 432039 | CK46: 440303 | CL46: 450770 | CM46: 460197 | CN46: 469849 | CO46: 480795 | CP46: 490050 | CQ46: 501564 | CR46: 513266 | CS46: 525056 | CT46: 536549 | CU46: 547351 | CV46: 558510 | CW46: 569714 | CX46: 582098 | CY46: 592204 | CZ46: 603320 | DA46: 614313 | DB46: 624756 | DC46: 634575 | DD46: 642839 | DE46: 651812 | DF46: 660415 | DG46: 669666 | DH46: 680382 | DI46: 691418 | DJ46: 697891 | DK46: 709142 | DL46: 720930 | DM46: 732457 | DN46: 741630 | DO46: 750923 | DP46: 760316 | DQ46: 770381 | DR46: 779537 | DS46: 786491 | DT46: 792331 | DU46: 795388 | DV46: 798445 | DW46: 801274 | DX46: 803522 | DY46: 805410 | DZ46: 807298 | EA46: 809186 | EB46: 810794 | EC46: 811612
A47: FTE | BF47: 124.04 | BG47: 130.72 | BH47: 138.78 | BI47: 138.78 | BJ47: 83.26 | BK47: 138.78 | BL47: 140 | BM47: 146.18 | BN47: 118.96 | BO47: 121.56 | BP47: 170.4 | BQ47: 170.4 | BR47: 182.9 | BS47: 189.22 | BT47: 190.2 | BU47: 179.28 | BV47: 175.8 | BW47: 196.68 | BX47: 190.7 | BY47: 203.46 | BZ47: 203.46 | CA47: 203.46 | CB47: 199.6 | CC47: 193.8 | CD47: 149.32 | CE47: 189.76 | CF47: 198.46 | CG47: 203.48 | CH47: 204.54 | CI47: 204.82 | CJ47: 205.66 | CK47: 165.28 | CL47: 209.34 | CM47: 188.54 | CN47: 193.04 | CO47: 218.92 | CP47: 185.1 | CQ47: 230.28 | CR47: 234.04 | CS47: 235.8 | CT47: 229.86 | CU47: 216.04 | CV47: 223.18 | CW47: 224.08 | CX47: 247.68 | CY47: 202.12 | CZ47: 222.32 | DA47: 219.86 | DB47: 208.86 | DC47: 196.38 | DD47: 165.28 | DE47: 179.46 | DF47: 172.06 | DG47: 185.02 | DH47: 214.32 | DI47: 220.72 | DJ47: 129.46 | DK47: 225.02 | DL47: 235.76 | DM47: 230.54 | DN47: 183.46 | DO47: 185.86 | DP47: 187.86 | DQ47: 201.3 | DR47: 183.12 | DS47: 139.08 | DT47: 116.8 | DU47: 61.14 | DV47: 61.14 | DW47: 56.58 | DX47: 44.96 | DY47: 37.76 | DZ47: 37.76 | EA47: 37.76 | EB47: 32.16 | EC47: 16.36
A49: OSBL Period | BF49: 0.008287365 | BG49: 0.0084180806 | BH49: 0.0095788345 | BI49: 0.0095788345 | BJ49: 0.0057723981 | BK49: 0.009641578 | BL49: 0.009641578 | BM49: 0.0096938642 | BN49: 0.008219393 | BO49: 0.0086167682 | BP49: 0.012480719 | BQ49: 0.012480719 | BR49: 0.012480719 | BS49: 0.013212726 | BT49: 0.014321194 | BU49: 0.014420538 | BV49: 0.014598311 | BW49: 0.013740817 | BX49: 0.013740817 | BY49: 0.014206165 | BZ49: 0.014321194 | CA49: 0.015717236 | CB49: 0.016627016 | CC49: 0.017494967 | CD49: 0.014049306 | CE49: 0.018843952 | CF49: 0.016464929 | CG49: 0.016679303 | CH49: 0.017291051 | CI49: 0.016987791 | CJ49: 0.016773418 | CK49: 0.014624454 | CL49: 0.018938067 | CM49: 0.015351233 | CN49: 0.015800894 | CO49: 0.016491072 | CP49: 0.014493739 | CQ49: 0.017740713 | CR49: 0.016893676 | CS49: 0.016893676 | CT49: 0.016057097 | CU49: 0.016402186 | CV49: 0.01653813 | CW49: 0.01653813 | CX49: 0.015921152 | CY49: 0.011110821 | CZ49: 0.010682074 | DA49: 0.011973543 | DB49: 0.011973543 | DC49: 0.01107422 | DD49: 0.010211498 | DE49: 0.0095213197 | DF49: 0.0098088939 | DG49: 0.011210164 | DH49: 0.010331756 | DI49: 0.010499072 | DJ49: 0.00462733 | DK49: 0.0077122167 | DL49: 0.0077122167 | DM49: 0.0077122167 | DN49: 0.0061697733 | DO49: 0.0042926982 | DP49: 0.0016888447 | DQ49: 0.0010195812 | DR49: 0.0010195812 | DS49: 0.0010248098 | DT49: 0.0010823246 | DU49: 0.0010823246 | DV49: 0.0010823246 | DW49: 0.0010823246 | DX49: 0.0010823246 | DY49: 0.0010823246 | DZ49: 0.0010823246 | EA49: 0.0010823246 | EB49: 0.0010823246 | EC49: 0.00086795116
A50: OSBL To-Date | BF50: 0.20323129 | BG50: 0.21164937 | BH50: 0.2212282 | BI50: 0.23080704 | BJ50: 0.23657944 | BK50: 0.24622101 | BL50: 0.25586259 | BM50: 0.26555646 | BN50: 0.27377585 | BO50: 0.28239262 | BP50: 0.29487334 | BQ50: 0.30735406 | BR50: 0.31983478 | BS50: 0.3330475 | BT50: 0.3473687 | BU50: 0.36178923 | BV50: 0.37638755 | BW50: 0.39012836 | BX50: 0.40386918 | BY50: 0.41807534 | BZ50: 0.43239654 | CA50: 0.44811377 | CB50: 0.46474079 | CC50: 0.48223576 | CD50: 0.49628506 | CE50: 0.51512902 | CF50: 0.53159395 | CG50: 0.54827325 | CH50: 0.5655643 | CI50: 0.58255209 | CJ50: 0.59932551 | CK50: 0.61394996 | CL50: 0.63288803 | CM50: 0.64823926 | CN50: 0.66404016 | CO50: 0.68053123 | CP50: 0.69502497 | CQ50: 0.71276568 | CR50: 0.72965936 | CS50: 0.74655303 | CT50: 0.76261013 | CU50: 0.77901231 | CV50: 0.79555044 | CW50: 0.81208857 | CX50: 0.82800973 | CY50: 0.83912055 | CZ50: 0.84980262 | DA50: 0.86177616 | DB50: 0.87374971 | DC50: 0.88482393 | DD50: 0.89503542 | DE50: 0.90455674 | DF50: 0.91436564 | DG50: 0.9255758 | DH50: 0.93590756 | DI50: 0.94640663 | DJ50: 0.95103396 | DK50: 0.95874618 | DL50: 0.96645839 | DM50: 0.97417061 | DN50: 0.98034038 | DO50: 0.98463308 | DP50: 0.98632193 | DQ50: 0.98734151 | DR50: 0.98836109 | DS50: 0.9893859 | DT50: 0.99046822 | DU50: 0.99155055 | DV50: 0.99263287 | DW50: 0.9937152 | DX50: 0.99479752 | DY50: 0.99587985 | DZ50: 0.99696217 | EA50: 0.9980445 | EB50: 0.99912682 | EC50: 0.99999477
A51: OSBL To-Date Hrs | BE51: 37284 | BF51: 38869 | BG51: 40479 | BH51: 42311 | BI51: 44143 | BJ51: 45247 | BK51: 47091 | BL51: 48935 | BM51: 50789 | BN51: 52361 | BO51: 54009 | BP51: 56396 | BQ51: 58783 | BR51: 61170 | BS51: 63697 | BT51: 66436 | BU51: 69194 | BV51: 71986 | BW51: 74614 | BX51: 77242 | BY51: 79959 | BZ51: 82698 | CA51: 85704 | CB51: 88884 | CC51: 92230 | CD51: 94917 | CE51: 98521 | CF51: 101670 | CG51: 104860 | CH51: 108167 | CI51: 111416 | CJ51: 114624 | CK51: 117421 | CL51: 121043 | CM51: 123979 | CN51: 127001 | CO51: 130155 | CP51: 132927 | CQ51: 136320 | CR51: 139551 | CS51: 142782 | CT51: 145853 | CU51: 148990 | CV51: 152153 | CW51: 155316 | CX51: 158361 | CY51: 160486 | CZ51: 162529 | DA51: 164819 | DB51: 167109 | DC51: 169227 | DD51: 171180 | DE51: 173001 | DF51: 174877 | DG51: 177021 | DH51: 178997 | DI51: 181005 | DJ51: 181890 | DK51: 183365 | DL51: 184840 | DM51: 186315 | DN51: 187495 | DO51: 188316 | DP51: 188639 | DQ51: 188834 | DR51: 189029 | DS51: 189225 | DT51: 189432 | DU51: 189639 | DV51: 189846 | DW51: 190053 | DX51: 190260 | DY51: 190467 | DZ51: 190674 | EA51: 190881 | EB51: 191088 | EC51: 191254
A52: FTE | BF52: 31.7 | BG52: 32.2 | BH52: 36.64 | BI52: 36.64 | BJ52: 22.08 | BK52: 36.88 | BL52: 36.88 | BM52: 37.08 | BN52: 31.44 | BO52: 32.96 | BP52: 47.74 | BQ52: 47.74 | BR52: 47.74 | BS52: 50.54 | BT52: 54.78 | BU52: 55.16 | BV52: 55.84 | BW52: 52.56 | BX52: 52.56 | BY52: 54.34 | BZ52: 54.78 | CA52: 60.12 | CB52: 63.6 | CC52: 66.92 | CD52: 53.74 | CE52: 72.08 | CF52: 62.98 | CG52: 63.8 | CH52: 66.14 | CI52: 64.98 | CJ52: 64.16 | CK52: 55.94 | CL52: 72.44 | CM52: 58.72 | CN52: 60.44 | CO52: 63.08 | CP52: 55.44 | CQ52: 67.86 | CR52: 64.62 | CS52: 64.62 | CT52: 61.42 | CU52: 62.74 | CV52: 63.26 | CW52: 63.26 | CX52: 60.9 | CY52: 42.5 | CZ52: 40.86 | DA52: 45.8 | DB52: 45.8 | DC52: 42.36 | DD52: 39.06 | DE52: 36.42 | DF52: 37.52 | DG52: 42.88 | DH52: 39.52 | DI52: 40.16 | DJ52: 17.7 | DK52: 29.5 | DL52: 29.5 | DM52: 29.5 | DN52: 23.6 | DO52: 16.42 | DP52: 6.46 | DQ52: 3.9 | DR52: 3.9 | DS52: 3.92 | DT52: 4.14 | DU52: 4.14 | DV52: 4.14 | DW52: 4.14 | DX52: 4.14 | DY52: 4.14 | DZ52: 4.14 | EA52: 4.14 | EB52: 4.14 | EC52: 3.32
A54: Total Period | BF54: 0.0077647075 | BG54: 0.0081226798 | BH54: 0.0087458905 | BI54: 0.0087458905 | BJ54: 0.0052529189 | BK54: 0.0087578562 | BL54: 0.0088186816 | BM54: 0.0091367683 | BN54: 0.0074984719 | BO54: 0.0077038822 | BP54: 0.010874779 | BQ54: 0.010874779 | BR54: 0.011498986 | BS54: 0.011954678 | BT54: 0.012213934 | BU54: 0.011688442 | BV54: 0.011548843 | BW54: 0.012426324 | BX54: 0.012129177 | BY54: 0.012854096 | BZ54: 0.012876033 | CA54: 0.013141271 | CB54: 0.013122326 | CC54: 0.012998681 | CD54: 0.010123934 | CE54: 0.01305452 | CF54: 0.013034578 | CG54: 0.013325742 | CH54: 0.013496252 | CI54: 0.013450384 | CJ54: 0.013453375 | CK54: 0.011029335 | CL54: 0.014049663 | CM54: 0.012327607 | CN54: 0.012637717 | CO54: 0.014059635 | CP54: 0.011992569 | CQ54: 0.014864325 | CR54: 0.01489025 | CS54: 0.014977998 | CT54: 0.014523304 | CU54: 0.013898099 | CV54: 0.014280999 | CW54: 0.01432587 | CX54: 0.01538483 | CY54: 0.012196982 | CZ54: 0.013121329 | DA54: 0.013244974 | DB54: 0.012695551 | DC54: 0.011903824 | DD54: 0.010188748 | DE54: 0.010762102 | DF54: 0.010449998 | DG54: 0.011362379 | DH54: 0.012655666 | DI54: 0.013006658 | DJ54: 0.0073369357 | DK54: 0.012689568 | DL54: 0.013225031 | DM54: 0.012964778 | DN54: 0.010324359 | DO54: 0.010086043 | DP54: 0.0096881852 | DQ54: 0.010231625 | DR54: 0.0093242301 | DS54: 0.0071295311 | DT54: 0.0060296888 | DU54: 0.0032546559 | DV54: 0.0032546559 | DW54: 0.0030273086 | DX54: 0.0024479719 | DY54: 0.0020890025 | DZ54: 0.0020890025 | EA54: 0.0020890025 | EB54: 0.0018098041 | EC54: 0.00098018589
A55: Total To-Date | BE55: 205000 | BF55: 0.21217784 | BG55: 0.22030052 | BH55: 0.22904641 | BI55: 0.2377923 | BJ55: 0.24304522 | BK55: 0.25180307 | BL55: 0.26062175 | BM55: 0.26975852 | BN55: 0.277257 | BO55: 0.28496088 | BP55: 0.29583566 | BQ55: 0.30671043 | BR55: 0.31820942 | BS55: 0.3301641 | BT55: 0.34237803 | BU55: 0.35406648 | BV55: 0.36561532 | BW55: 0.37804164 | BX55: 0.39017082 | BY55: 0.40302492 | BZ55: 0.41590095 | CA55: 0.42904222 | CB55: 0.44216455 | CC55: 0.45516323 | CD55: 0.46528716 | CE55: 0.47834168 | CF55: 0.49137626 | CG55: 0.504702 | CH55: 0.51819825 | CI55: 0.53164864 | CJ55: 0.54510201 | CK55: 0.55613135 | CL55: 0.57018101 | CM55: 0.58250862 | CN55: 0.59514633 | CO55: 0.60920597 | CP55: 0.62119854 | CQ55: 0.63606286 | CR55: 0.65095311 | CS55: 0.66593111 | CT55: 0.68045442 | CU55: 0.69435251 | CV55: 0.70863351 | CW55: 0.72295938 | CX55: 0.73834421 | CY55: 0.7505412 | CZ55: 0.76366252 | DA55: 0.7769075 | DB55: 0.78960305 | DC55: 0.80150687 | DD55: 0.81169562 | DE55: 0.82245772 | DF55: 0.83290772 | DG55: 0.8442701 | DH55: 0.85692577 | DI55: 0.86993242 | DJ55: 0.87726936 | DK55: 0.88995893 | DL55: 0.90318396 | DM55: 0.91614874 | DN55: 0.9264731 | DO55: 0.93655914 | DP55: 0.94624732 | DQ55: 0.95647895 | DR55: 0.96580318 | DS55: 0.97293271 | DT55: 0.9789624 | DU55: 0.98221705 | DV55: 0.98547171 | DW55: 0.98849902 | DX55: 0.99094699 | DY55: 0.99303599 | DZ55: 0.995125 | EA55: 0.997214 | EB55: 0.9990238 | EC55: 1.000004
A56: FTE | BF56: 155.74 | BG56: 162.92 | BH56: 175.42 | BI56: 175.42 | BJ56: 105.36 | BK56: 175.66 | BL56: 176.88 | BM56: 183.26 | BN56: 150.4 | BO56: 154.52 | BP56: 218.12 | BQ56: 218.12 | BR56: 230.64 | BS56: 239.78 | BT56: 244.98 | BU56: 234.44 | BV56: 231.64 | BW56: 249.24 | BX56: 243.28 | BY56: 257.82 | BZ56: 258.26 | CA56: 263.58 | CB56: 263.2 | CC56: 260.72 | CD56: 203.06 | CE56: 261.84 | CF56: 261.44 | CG56: 267.28 | CH56: 270.7 | CI56: 269.78 | CJ56: 269.84 | CK56: 221.22 | CL56: 281.8 | CM56: 247.26 | CN56: 253.48 | CO56: 282 | CP56: 240.54 | CQ56: 298.14 | CR56: 298.66 | CS56: 300.42 | CT56: 291.3 | CU56: 278.76 | CV56: 286.44 | CW56: 287.34 | CX56: 308.58 | CY56: 244.64 | CZ56: 263.18 | DA56: 265.66 | DB56: 254.64 | DC56: 238.76 | DD56: 204.36 | DE56: 215.86 | DF56: 209.6 | DG56: 227.9 | DH56: 253.84 | DI56: 260.88 | DJ56: 147.16 | DK56: 254.52 | DL56: 265.26 | DM56: 260.04 | DN56: 207.08 | DO56: 202.3 | DP56: 194.32 | DQ56: 205.22 | DR56: 187.02 | DS56: 143 | DT56: 120.94 | DU56: 65.28 | DV56: 65.28 | DW56: 60.72 | DX56: 49.1 | DY56: 41.9 | DZ56: 41.9 | EA56: 41.9 | EB56: 36.3 | EC56: 19.66
A57: Total To-Date Hrs | BF57: 212787 | BG57: 220933 | BH57: 229704 | BI57: 238475 | BJ57: 243743 | BK57: 252526 | BL57: 261370 | BM57: 270533 | BN57: 278053 | BO57: 285779 | BP57: 296685 | BQ57: 307591 | BR57: 319123 | BS57: 331112 | BT57: 343361 | BU57: 355083 | BV57: 366665 | BW57: 379127 | BX57: 391291 | BY57: 404182 | BZ57: 417095 | CA57: 430274 | CB57: 443434 | CC57: 456470 | CD57: 466623 | CE57: 479715 | CF57: 492787 | CG57: 506151 | CH57: 519686 | CI57: 533175 | CJ57: 546667 | CK57: 557728 | CL57: 571818 | CM57: 584181 | CN57: 596855 | CO57: 610955 | CP57: 622982 | CQ57: 637889 | CR57: 652822 | CS57: 667843 | CT57: 682408 | CU57: 696346 | CV57: 710668 | CW57: 725035 | CX57: 740464 | CY57: 752696 | CZ57: 765855 | DA57: 779138 | DB57: 791870 | DC57: 803808 | DD57: 814026 | DE57: 824819 | DF57: 835299 | DG57: 846694 | DH57: 859386 | DI57: 872430 | DJ57: 879788 | DK57: 892514 | DL57: 905777 | DM57: 918779 | DN57: 929133 | DO57: 939248 | DP57: 948964 | DQ57: 959225 | DR57: 968576 | DS57: 975726 | DT57: 981773 | DU57: 985037 | DV57: 988301 | DW57: 991337 | DX57: 993792 | DY57: 995887 | DZ57: 997982 | EA57: 1000077 | EB57: 1001892 | EC57: 1002875

Sheet By Schedule ID
A1: ACTIVITY ID | B1: MODEL AREA | C1: DESCRIPTION | D1: ACTUAL START DATE | E1: TOTAL FOOTAGE | F1: EARNED FOOTAGE | G1: FOOTAGE REMAINING | H1: % COMP FTG | I1: TOTAL Const IFC HRS. | J1: Const. IFC EARNED HRS. | K1: Const. IFC HRS. LEFT | L1: % COMP Hrs | M1: Total Spools in audit | N1: Spools Rec'v | O1: Spools Not On-Site | P1: % Spools Rec'v | Q1: Spool footage | R1: Spool footage Rec'v | S1: Spools Erected | T1: Spool footage Erected | U1: Spools NOT Erected | V1: Percentage of Spools Eected
A3: CN-FW-2420 | B3: 200 | C3: Area 200 - Install U/G Firewater | E3: =SUMIF('Pipe Audit'!$D$3:$D$82,A3,'Pipe Audit'!$K$3:$K$82) -> 0 | F3: =SUMIF('Pipe Audit'!$D$3:$D$82,A3,'Pipe Audit'!$O$3:$O$82) -> 0 | G3: =E3-F3 -> 0 | H3: =F3/E3 -> #DIV/0! | I3: =SUMIF('Pipe Audit'!$D$3:$D$82,A3,'Pipe Audit'!$BD$3:$BD$82) -> 0 | J3: =SUMIF('Pipe Audit'!$D$3:$D$82,A3,'Pipe Audit'!$BE$3:$BE$82) -> 0 | K3: =I3-J3 -> 0 | L3: =J3/I3 -> #DIV/0! | M3: =SUMIF('Pipe Audit'!$D$3:$D$82,A3,'Pipe Audit'!$AJ$3:$AJ$82) -> 0 | N3: {=SUM(IF('Pipe Audit'!$D$3:$D$82=$A3,IF('Pipe Audit'!$Q$3:$Q$82=1,'Pipe Audit'!$AJ$3:$AJ$82)))} -> 0 | O3: =M3-N3 -> 0 | P3: =N3/M3 -> #DIV/0! | Q3: {=SUM(IF('Pipe Audit'!$D$3:$D$82=$A3,IF('Pipe Audit'!$AJ$3:$AJ$82=1,'Pipe Audit'!$K$3:$K$82)))} -> 0 | R3: {=SUM(IF('Pipe Audit'!$D$3:$D$82=$A3,IF('Pipe Audit'!$Q$3:$Q$82=1,'Pipe Audit'!$K$3:$K$82)))} -> 0 | S3: {=SUM(IF('Pipe Audit'!$D$3:$D$82=$A3,IF('Pipe Audit'!$U$3:$U$82>0.25,'Pipe Audit'!$AJ$3:$AJ$82)))} -> 0 | T3: {=SUM(IF('Pipe Audit'!$D$3:$D$82=$A3,IF('Pipe Audit'!$U$3:$U$82>0.2,'Pipe Audit'!$K$3:$K$82)))} -> 0 | U3: =SUM(M3-S3) -> 0 | V3: =SUM(S3/M3) -> #DIV/0!
A4: CN-PW-1010 | B4: 200 | C4: Area 200 - Install Revised Potable Water Reroute Spools | E4: =SUMIF('Pipe Audit'!$D$3:$D$82,A4,'Pipe Audit'!$K$3:$K$82) -> 0 | F4: =SUMIF('Pipe Audit'!$D$3:$D$82,A4,'Pipe Audit'!$O$3:$O$82) -> 0 | G4: =E4-F4 -> 0 | H4: =F4/E4 -> #DIV/0! | I4: =SUMIF('Pipe Audit'!$D$3:$D$82,A4,'Pipe Audit'!$BD$3:$BD$82) -> 0 | J4: =SUMIF('Pipe Audit'!$D$3:$D$82,A4,'Pipe Audit'!$BE$3:$BE$82) -> 0 | K4: =I4-J4 -> 0 | L4: =J4/I4 -> #DIV/0! | M4: =SUMIF('Pipe Audit'!$D$3:$D$82,A4,'Pipe Audit'!$AJ$3:$AJ$82) -> 0 | N4: {=SUM(IF('Pipe Audit'!$D$3:$D$82=$A4,IF('Pipe Audit'!$Q$3:$Q$82=1,'Pipe Audit'!$AJ$3:$AJ$82)))} -> 0 | O4: =M4-N4 -> 0 | P4: =N4/M4 -> #DIV/0! | Q4: {=SUM(IF('Pipe Audit'!$D$3:$D$82=$A4,IF('Pipe Audit'!$AJ$3:$AJ$82=1,'Pipe Audit'!$K$3:$K$82)))} -> 0 | R4: {=SUM(IF('Pipe Audit'!$D$3:$D$82=$A4,IF('Pipe Audit'!$Q$3:$Q$82=1,'Pipe Audit'!$K$3:$K$82)))} -> 0 | S4: {=SUM(IF('Pipe Audit'!$D$3:$D$82=$A4,IF('Pipe Audit'!$U$3:$U$82>0.25,'Pipe Audit'!$AJ$3:$AJ$82)))} -> 0 | T4: {=SUM(IF('Pipe Audit'!$D$3:$D$82=$A4,IF('Pipe Audit'!$U$3:$U$82>0.2,'Pipe Audit'!$K$3:$K$82)))} -> 0 | U4: =SUM(M4-S4) -> 0 | V4: =SUM(S4/M4) -> #DIV/0!
A5: CN-FW-3670 | B5: 200 | C5: Area 200 - Install Firewater Monitors, Valves, Etc... | E5: =SUMIF('Pipe Audit'!$D$3:$D$82,A5,'Pipe Audit'!$K$3:$K$82) -> 0 | F5: =SUMIF('Pipe Audit'!$D$3:$D$82,A5,'Pipe Audit'!$O$3:$O$82) -> 0 | G5: =E5-F5 -> 0 | H5: =F5/E5 -> #DIV/0! | I5: =SUMIF('Pipe Audit'!$D$3:$D$82,A5,'Pipe Audit'!$BD$3:$BD$82) -> 0 | J5: =SUMIF('Pipe Audit'!$D$3:$D$82,A5,'Pipe Audit'!$BE$3:$BE$82) -> 0 | K5: =I5-J5 -> 0 | L5: =J5/I5 -> #DIV/0! | M5: =SUMIF('Pipe Audit'!$D$3:$D$82,A5,'Pipe Audit'!$AJ$3:$AJ$82) -> 0 | N5: {=SUM(IF('Pipe Audit'!$D$3:$D$82=$A5,IF('Pipe Audit'!$Q$3:$Q$82=1,'Pipe Audit'!$AJ$3:$AJ$82)))} -> 0 | O5: =M5-N5 -> 0 | P5: =N5/M5 -> #DIV/0! | Q5: {=SUM(IF('Pipe Audit'!$D$3:$D$82=$A5,IF('Pipe Audit'!$AJ$3:$AJ$82=1,'Pipe Audit'!$K$3:$K$82)))} -> 0 | R5: {=SUM(IF('Pipe Audit'!$D$3:$D$82=$A5,IF('Pipe Audit'!$Q$3:$Q$82=1,'Pipe Audit'!$K$3:$K$82)))} -> 0 | S5: {=SUM(IF('Pipe Audit'!$D$3:$D$82=$A5,IF('Pipe Audit'!$U$3:$U$82>0.25,'Pipe Audit'!$AJ$3:$AJ$82)))} -> 0 | T5: {=SUM(IF('Pipe Audit'!$D$3:$D$82=$A5,IF('Pipe Audit'!$U$3:$U$82>0.2,'Pipe Audit'!$K$3:$K$82)))} -> 0 | U5: =SUM(M5-S5) -> 0 | V5: =SUM(S5/M5) -> #DIV/0!
A6: CN-201-1350 | B6: 201 | C6: Area 201A - Piperack - Field Fit-up / Weld-Out Rack Piping | E6: =SUMIF('Pipe Audit'!$D$3:$D$82,A6,'Pipe Audit'!$K$3:$K$82) -> 0 | F6: =SUMIF('Pipe Audit'!$D$3:$D$82,A6,'Pipe Audit'!$O$3:$O$82) -> 0 | G6: =E6-F6 -> 0 | H6: =F6/E6 -> #DIV/0! | I6: =SUMIF('Pipe Audit'!$D$3:$D$82,A6,'Pipe Audit'!$BD$3:$BD$82) -> 0 | J6: =SUMIF('Pipe Audit'!$D$3:$D$82,A6,'Pipe Audit'!$BE$3:$BE$82) -> 0 | K6: =I6-J6 -> 0 | L6: =J6/I6 -> #DIV/0! | M6: =SUMIF('Pipe Audit'!$D$3:$D$82,A6,'Pipe Audit'!$AJ$3:$AJ$82) -> 0 | N6: {=SUM(IF('Pipe Audit'!$D$3:$D$82=$A6,IF('Pipe Audit'!$Q$3:$Q$82=1,'Pipe Audit'!$AJ$3:$AJ$82)))} -> 0 | O6: =M6-N6 -> 0 | P6: =N6/M6 -> #DIV/0! | Q6: {=SUM(IF('Pipe Audit'!$D$3:$D$82=$A6,IF('Pipe Audit'!$AJ$3:$AJ$82=1,'Pipe Audit'!$K$3:$K$82)))} -> 0 | R6: {=SUM(IF('Pipe Audit'!$D$3:$D$82=$A6,IF('Pipe Audit'!$Q$3:$Q$82=1,'Pipe Audit'!$K$3:$K$82)))} -> 0 | S6: {=SUM(IF('Pipe Audit'!$D$3:$D$82=$A6,IF('Pipe Audit'!$U$3:$U$82>0.25,'Pipe Audit'!$AJ$3:$AJ$82)))} -> 0 | T6: {=SUM(IF('Pipe Audit'!$D$3:$D$82=$A6,IF('Pipe Audit'!$U$3:$U$82>0.2,'Pipe Audit'!$K$3:$K$82)))} -> 0 | U6: =SUM(M6-S6) -> 0 | V6: =SUM(S6/M6) -> #DIV/0!
A7: CN-201-1290 | B7: 201 | C7: Area 201 - Piperack - Field Fit-up / Weld-Out Rack Piping | E7: =SUMIF('Pipe Audit'!$D$3:$D$82,A7,'Pipe Audit'!$K$3:$K$82) -> 0 | F7: =SUMIF('Pipe Audit'!$D$3:$D$82,A7,'Pipe Audit'!$O$3:$O$82) -> 0 | G7: =E7-F7 -> 0 | H7: =F7/E7 -> #DIV/0! | I7: =SUMIF('Pipe Audit'!$D$3:$D$82,A7,'Pipe Audit'!$BD$3:$BD$82) -> 0 | J7: =SUMIF('Pipe Audit'!$D$3:$D$82,A7,'Pipe Audit'!$BE$3:$BE$82) -> 0 | K7: =I7-J7 -> 0 | L7: =J7/I7 -> #DIV/0! | M7: =SUMIF('Pipe Audit'!$D$3:$D$82,A7,'Pipe Audit'!$AJ$3:$AJ$82) -> 0 | N7: {=SUM(IF('Pipe Audit'!$D$3:$D$82=$A7,IF('Pipe Audit'!$Q$3:$Q$82=1,'Pipe Audit'!$AJ$3:$AJ$82)))} -> 0 | O7: =M7-N7 -> 0 | P7: =N7/M7 -> #DIV/0! | Q7: {=SUM(IF('Pipe Audit'!$D$3:$D$82=$A7,IF('Pipe Audit'!$AJ$3:$AJ$82=1,'Pipe Audit'!$K$3:$K$82)))} -> 0 | R7: {=SUM(IF('Pipe Audit'!$D$3:$D$82=$A7,IF('Pipe Audit'!$Q$3:$Q$82=1,'Pipe Audit'!$K$3:$K$82)))} -> 0 | S7: {=SUM(IF('Pipe Audit'!$D$3:$D$82=$A7,IF('Pipe Audit'!$U$3:$U$82>0.25,'Pipe Audit'!$AJ$3:$AJ$82)))} -> 0 | T7: {=SUM(IF('Pipe Audit'!$D$3:$D$82=$A7,IF('Pipe Audit'!$U$3:$U$82>0.2,'Pipe Audit'!$K$3:$K$82)))} -> 0 | U7: =SUM(M7-S7) -> 0 | V7: =SUM(S7/M7) -> #DIV/0!
A8: CN-202-2890 | B8: 202 | C8: Area 202 - Pipe Install - Area 202 Deethanizer Stripper West Side Area Racks & Tower 208 / HT16.215 | E8: =SUMIF('Pipe Audit'!$D$3:$D$82,A8,'Pipe Audit'!$K$3:$K$82) -> 0 | F8: =SUMIF('Pipe Audit'!$D$3:$D$82,A8,'Pipe Audit'!$O$3:$O$82) -> 0 | G8: =E8-F8 -> 0 | H8: =F8/E8 -> #DIV/0! | I8: =SUMIF('Pipe Audit'!$D$3:$D$82,A8,'Pipe Audit'!$BD$3:$BD$82) -> 0 | J8: =SUMIF('Pipe Audit'!$D$3:$D$82,A8,'Pipe Audit'!$BE$3:$BE$82) -> 0 | K8: =I8-J8 -> 0 | L8: =J8/I8 -> #DIV/0! | M8: =SUMIF('Pipe Audit'!$D$3:$D$82,A8,'Pipe Audit'!$AJ$3:$AJ$82) -> 0 | N8: {=SUM(IF('Pipe Audit'!$D$3:$D$82=$A8,IF('Pipe Audit'!$Q$3:$Q$82=1,'Pipe Audit'!$AJ$3:$AJ$82)))} -> 0 | O8: =M8-N8 -> 0 | P8: =N8/M8 -> #DIV/0! | Q8: {=SUM(IF('Pipe Audit'!$D$3:$D$82=$A8,IF('Pipe Audit'!$AJ$3:$AJ$82=1,'Pipe Audit'!$K$3:$K$82)))} -> 0 | R8: {=SUM(IF('Pipe Audit'!$D$3:$D$82=$A8,IF('Pipe Audit'!$Q$3:$Q$82=1,'Pipe Audit'!$K$3:$K$82)))} -> 0 | S8: {=SUM(IF('Pipe Audit'!$D$3:$D$82=$A8,IF('Pipe Audit'!$U$3:$U$82>0.25,'Pipe Audit'!$AJ$3:$AJ$82)))} -> 0 | T8: {=SUM(IF('Pipe Audit'!$D$3:$D$82=$A8,IF('Pipe Audit'!$U$3:$U$82>0.2,'Pipe Audit'!$K$3:$K$82)))} -> 0 | U8: =SUM(M8-S8) -> 0 | V8: =SUM(S8/M8) -> #DIV/0!
A9: CN-202-2900 | B9: 202 | C9: Area 202 - Pipe Install - Area 202 Refrigeration System Equipment Area | E9: =SUMIF('Pipe Audit'!$D$3:$D$82,A9,'Pipe Audit'!$K$3:$K$82) -> 0 | F9: =SUMIF('Pipe Audit'!$D$3:$D$82,A9,'Pipe Audit'!$O$3:$O$82) -> 0 | G9: =E9-F9 -> 0 | H9: =F9/E9 -> #DIV/0! | I9: =SUMIF('Pipe Audit'!$D$3:$D$82,A9,'Pipe Audit'!$BD$3:$BD$82) -> 0 | J9: =SUMIF('Pipe Audit'!$D$3:$D$82,A9,'Pipe Audit'!$BE$3:$BE$82) -> 0 | K9: =I9-J9 -> 0 | L9: =J9/I9 -> #DIV/0! | M9: =SUMIF('Pipe Audit'!$D$3:$D$82,A9,'Pipe Audit'!$AJ$3:$AJ$82) -> 0 | N9: {=SUM(IF('Pipe Audit'!$D$3:$D$82=$A9,IF('Pipe Audit'!$Q$3:$Q$82=1,'Pipe Audit'!$AJ$3:$AJ$82)))} -> 0 | O9: =M9-N9 -> 0 | P9: =N9/M9 -> #DIV/0! | Q9: {=SUM(IF('Pipe Audit'!$D$3:$D$82=$A9,IF('Pipe Audit'!$AJ$3:$AJ$82=1,'Pipe Audit'!$K$3:$K$82)))} -> 0 | R9: {=SUM(IF('Pipe Audit'!$D$3:$D$82=$A9,IF('Pipe Audit'!$Q$3:$Q$82=1,'Pipe Audit'!$K$3:$K$82)))} -> 0 | S9: {=SUM(IF('Pipe Audit'!$D$3:$D$82=$A9,IF('Pipe Audit'!$U$3:$U$82>0.25,'Pipe Audit'!$AJ$3:$AJ$82)))} -> 0 | T9: {=SUM(IF('Pipe Audit'!$D$3:$D$82=$A9,IF('Pipe Audit'!$U$3:$U$82>0.2,'Pipe Audit'!$K$3:$K$82)))} -> 0 | U9: =SUM(M9-S9) -> 0 | V9: =SUM(S9/M9) -> #DIV/0!
A10: CN-202-2860 | B10: 202 | C10: Area 202 - PV17.207 Deethanizer Rectifier - Pre-Fab Downcomer Piping | E10: =SUMIF('Pipe Audit'!$D$3:$D$82,A10,'Pipe Audit'!$K$3:$K$82) -> 0 | F10: =SUMIF('Pipe Audit'!$D$3:$D$82,A10,'Pipe Audit'!$O$3:$O$82) -> 0 | G10: =E10-F10 -> 0 | H10: =F10/E10 -> #DIV/0! | I10: =SUMIF('Pipe Audit'!$D$3:$D$82,A10,'Pipe Audit'!$BD$3:$BD$82) -> 0 | J10: =SUMIF('Pipe Audit'!$D$3:$D$82,A10,'Pipe Audit'!$BE$3:$BE$82) -> 0 | K10: =I10-J10 -> 0 | L10: =J10/I10 -> #DIV/0! | M10: =SUMIF('Pipe Audit'!$D$3:$D$82,A10,'Pipe Audit'!$AJ$3:$AJ$82) -> 0 | N10: {=SUM(IF('Pipe Audit'!$D$3:$D$82=$A10,IF('Pipe Audit'!$Q$3:$Q$82=1,'Pipe Audit'!$AJ$3:$AJ$82)))} -> 0 | O10: =M10-N10 -> 0 | P10: =N10/M10 -> #DIV/0! | Q10: {=SUM(IF('Pipe Audit'!$D$3:$D$82=$A10,IF('Pipe Audit'!$AJ$3:$AJ$82=1,'Pipe Audit'!$K$3:$K$82)))} -> 0 | R10: {=SUM(IF('Pipe Audit'!$D$3:$D$82=$A10,IF('Pipe Audit'!$Q$3:$Q$82=1,'Pipe Audit'!$K$3:$K$82)))} -> 0 | S10: {=SUM(IF('Pipe Audit'!$D$3:$D$82=$A10,IF('Pipe Audit'!$U$3:$U$82>0.25,'Pipe Audit'!$AJ$3:$AJ$82)))} -> 0 | T10: {=SUM(IF('Pipe Audit'!$D$3:$D$82=$A10,IF('Pipe Audit'!$U$3:$U$82>0.2,'Pipe Audit'!$K$3:$K$82)))} -> 0 | U10: =SUM(M10-S10) -> 0 | V10: =SUM(S10/M10) -> #DIV/0!
A11: CN-202-3060 | B11: 202 | C11: Area 202 - PV17.207 Deethanizer Rectifier - Dress-out Downcomer Pipe after Set | E11: =SUMIF('Pipe Audit'!$D$3:$D$82,A11,'Pipe Audit'!$K$3:$K$82) -> 0 | F11: =SUMIF('Pipe Audit'!$D$3:$D$82,A11,'Pipe Audit'!$O$3:$O$82) -> 0 | G11: =E11-F11 -> 0 | H11: =F11/E11 -> #DIV/0! | I11: =SUMIF('Pipe Audit'!$D$3:$D$82,A11,'Pipe Audit'!$BD$3:$BD$82) -> 0 | J11: =SUMIF('Pipe Audit'!$D$3:$D$82,A11,'Pipe Audit'!$BE$3:$BE$82) -> 0 | K11: =I11-J11 -> 0 | L11: =J11/I11 -> #DIV/0! | M11: =SUMIF('Pipe Audit'!$D$3:$D$82,A11,'Pipe Audit'!$AJ$3:$AJ$82) -> 0 | N11: {=SUM(IF('Pipe Audit'!$D$3:$D$82=$A11,IF('Pipe Audit'!$Q$3:$Q$82=1,'Pipe Audit'!$AJ$3:$AJ$82)))} -> 0 | O11: =M11-N11 -> 0 | P11: =N11/M11 -> #DIV/0! | Q11: {=SUM(IF('Pipe Audit'!$D$3:$D$82=$A11,IF('Pipe Audit'!$AJ$3:$AJ$82=1,'Pipe Audit'!$K$3:$K$82)))} -> 0 | R11: {=SUM(IF('Pipe Audit'!$D$3:$D$82=$A11,IF('Pipe Audit'!$Q$3:$Q$82=1,'Pipe Audit'!$K$3:$K$82)))} -> 0 | S11: {=SUM(IF('Pipe Audit'!$D$3:$D$82=$A11,IF('Pipe Audit'!$U$3:$U$82>0.25,'Pipe Audit'!$AJ$3:$AJ$82)))} -> 0 | T11: {=SUM(IF('Pipe Audit'!$D$3:$D$82=$A11,IF('Pipe Audit'!$U$3:$U$82>0.2,'Pipe Audit'!$K$3:$K$82)))} -> 0 | U11: =SUM(M11-S11) -> 0 | V11: =SUM(S11/M11) -> #DIV/0!
A12: CN-202-2810 | B12: 202 | C12: Area 202 - PV17.207 Deethanizer Rectifier - Install Remaining Piping / Valves | E12: =SUMIF('Pipe Audit'!$D$3:$D$82,A12,'Pipe Audit'!$K$3:$K$82) -> 0 | F12: =SUMIF('Pipe Audit'!$D$3:$D$82,A12,'Pipe Audit'!$O$3:$O$82) -> 0 | G12: =E12-F12 -> 0 | H12: =F12/E12 -> #DIV/0! | I12: =SUMIF('Pipe Audit'!$D$3:$D$82,A12,'Pipe Audit'!$BD$3:$BD$82) -> 0 | J12: =SUMIF('Pipe Audit'!$D$3:$D$82,A12,'Pipe Audit'!$BE$3:$BE$82) -> 0 | K12: =I12-J12 -> 0 | L12: =J12/I12 -> #DIV/0! | M12: =SUMIF('Pipe Audit'!$D$3:$D$82,A12,'Pipe Audit'!$AJ$3:$AJ$82) -> 0 | N12: {=SUM(IF('Pipe Audit'!$D$3:$D$82=$A12,IF('Pipe Audit'!$Q$3:$Q$82=1,'Pipe Audit'!$AJ$3:$AJ$82)))} -> 0 | O12: =M12-N12 -> 0 | P12: =N12/M12 -> #DIV/0! | Q12: {=SUM(IF('Pipe Audit'!$D$3:$D$82=$A12,IF('Pipe Audit'!$AJ$3:$AJ$82=1,'Pipe Audit'!$K$3:$K$82)))} -> 0 | R12: {=SUM(IF('Pipe Audit'!$D$3:$D$82=$A12,IF('Pipe Audit'!$Q$3:$Q$82=1,'Pipe Audit'!$K$3:$K$82)))} -> 0 | S12: {=SUM(IF('Pipe Audit'!$D$3:$D$82=$A12,IF('Pipe Audit'!$U$3:$U$82>0.25,'Pipe Audit'!$AJ$3:$AJ$82)))} -> 0 | T12: {=SUM(IF('Pipe Audit'!$D$3:$D$82=$A12,IF('Pipe Audit'!$U$3:$U$82>0.2,'Pipe Audit'!$K$3:$K$82)))} -> 0 | U12: =SUM(M12-S12) -> 0 | V12: =SUM(S12/M12) -> #DIV/0!
A13: CN-202-3630 | B13: 202 | C13: Area 202 - Install / Dress-out Piping - PV17.206 Deethanizer Stripper | E13: =SUMIF('Pipe Audit'!$D$3:$D$82,A13,'Pipe Audit'!$K$3:$K$82) -> 0 | F13: =SUMIF('Pipe Audit'!$D$3:$D$82,A13,'Pipe Audit'!$O$3:$O$82) -> 0 | G13: =E13-F13 -> 0 | H13: =F13/E13 -> #DIV/0! | I13: =SUMIF('Pipe Audit'!$D$3:$D$82,A13,'Pipe Audit'!$BD$3:$BD$82) -> 0 | J13: =SUMIF('Pipe Audit'!$D$3:$D$82,A13,'Pipe Audit'!$BE$3:$BE$82) -> 0 | K13: =I13-J13 -> 0 | L13: =J13/I13 -> #DIV/0! | M13: =SUMIF('Pipe Audit'!$D$3:$D$82,A13,'Pipe Audit'!$AJ$3:$AJ$82) -> 0 | N13: {=SUM(IF('Pipe Audit'!$D$3:$D$82=$A13,IF('Pipe Audit'!$Q$3:$Q$82=1,'Pipe Audit'!$AJ$3:$AJ$82)))} -> 0 | O13: =M13-N13 -> 0 | P13: =N13/M13 -> #DIV/0! | Q13: {=SUM(IF('Pipe Audit'!$D$3:$D$82=$A13,IF('Pipe Audit'!$AJ$3:$AJ$82=1,'Pipe Audit'!$K$3:$K$82)))} -> 0 | R13: {=SUM(IF('Pipe Audit'!$D$3:$D$82=$A13,IF('Pipe Audit'!$Q$3:$Q$82=1,'Pipe Audit'!$K$3:$K$82)))} -> 0 | S13: {=SUM(IF('Pipe Audit'!$D$3:$D$82=$A13,IF('Pipe Audit'!$U$3:$U$82>0.25,'Pipe Audit'!$AJ$3:$AJ$82)))} -> 0 | T13: {=SUM(IF('Pipe Audit'!$D$3:$D$82=$A13,IF('Pipe Audit'!$U$3:$U$82>0.2,'Pipe Audit'!$K$3:$K$82)))} -> 0 | U13: =SUM(M13-S13) -> 0 | V13: =SUM(S13/M13) -> #DIV/0!
